item_id,func,split,layers,alpha,posmode,arm,seed,good_rank,bad_rank,argmax_tok,in_top5,is_top1,beats_bad,patch_norm
banana-grow,,tuning,3,0.5,all_no_bos,lens,-1,396,2,262,0,0,0,
banana-grow,,tuning,3,0.5,all_no_bos,randdir,0,397,3,262,0,0,0,
banana-grow,,tuning,3,0.5,all_no_bos,randdir,1,417,3,262,0,0,0,
banana-grow,,tuning,3,0.5,all_no_bos,randdir,2,441,3,262,0,0,0,
banana-grow,,tuning,3,0.5,all_no_bos,randnorm,0,396,3,262,0,0,0,
banana-grow,,tuning,3,0.5,all_no_bos,randnorm,1,381,3,262,0,0,0,
banana-grow,,tuning,3,0.5,all_no_bos,randnorm,2,409,2,262,0,0,0,
banana-grow,,tuning,3,0.5,from_mention,lens,-1,396,2,262,0,0,0,
banana-grow,,tuning,3,0.5,from_mention,randdir,0,397,3,262,0,0,0,
banana-grow,,tuning,3,0.5,from_mention,randdir,1,417,3,262,0,0,0,
banana-grow,,tuning,3,0.5,from_mention,randdir,2,441,3,262,0,0,0,
banana-grow,,tuning,3,0.5,from_mention,randnorm,0,396,3,262,0,0,0,
banana-grow,,tuning,3,0.5,from_mention,randnorm,1,381,3,262,0,0,0,
banana-grow,,tuning,3,0.5,from_mention,randnorm,2,409,2,262,0,0,0,
banana-grow,,tuning,3,0.5,answer_only,lens,-1,459,3,262,0,0,0,
banana-grow,,tuning,3,0.5,answer_only,randdir,0,441,3,262,0,0,0,
banana-grow,,tuning,3,0.5,answer_only,randdir,1,470,3,262,0,0,0,
banana-grow,,tuning,3,0.5,answer_only,randdir,2,462,3,262,0,0,0,
banana-grow,,tuning,3,0.5,answer_only,randnorm,0,443,3,262,0,0,0,
banana-grow,,tuning,3,0.5,answer_only,randnorm,1,464,3,262,0,0,0,
banana-grow,,tuning,3,0.5,answer_only,randnorm,2,463,3,262,0,0,0,
banana-grow,,tuning,3,1.0,all_no_bos,lens,-1,330,2,262,0,0,0,
banana-grow,,tuning,3,1.0,all_no_bos,randdir,0,350,3,262,0,0,0,
banana-grow,,tuning,3,1.0,all_no_bos,randdir,1,348,3,262,0,0,0,
banana-grow,,tuning,3,1.0,all_no_bos,randdir,2,414,2,262,0,0,0,
banana-grow,,tuning,3,1.0,all_no_bos,randnorm,0,315,3,262,0,0,0,
banana-grow,,tuning,3,1.0,all_no_bos,randnorm,1,278,3,262,0,0,0,
banana-grow,,tuning,3,1.0,all_no_bos,randnorm,2,316,2,262,0,0,0,
banana-grow,,tuning,3,1.0,from_mention,lens,-1,330,2,262,0,0,0,
banana-grow,,tuning,3,1.0,from_mention,randdir,0,350,3,262,0,0,0,
banana-grow,,tuning,3,1.0,from_mention,randdir,1,348,3,262,0,0,0,
banana-grow,,tuning,3,1.0,from_mention,randdir,2,414,2,262,0,0,0,
banana-grow,,tuning,3,1.0,from_mention,randnorm,0,315,3,262,0,0,0,
banana-grow,,tuning,3,1.0,from_mention,randnorm,1,278,3,262,0,0,0,
banana-grow,,tuning,3,1.0,from_mention,randnorm,2,316,2,262,0,0,0,
banana-grow,,tuning,3,1.0,answer_only,lens,-1,456,3,262,0,0,0,
banana-grow,,tuning,3,1.0,answer_only,randdir,0,419,3,262,0,0,0,
banana-grow,,tuning,3,1.0,answer_only,randdir,1,477,3,262,0,0,0,
banana-grow,,tuning,3,1.0,answer_only,randdir,2,463,3,262,0,0,0,
banana-grow,,tuning,3,1.0,answer_only,randnorm,0,424,3,262,0,0,0,
banana-grow,,tuning,3,1.0,answer_only,randnorm,1,470,3,262,0,0,0,
banana-grow,,tuning,3,1.0,answer_only,randnorm,2,462,2,262,0,0,0,
banana-grow,,tuning,3,2.0,all_no_bos,lens,-1,279,2,262,0,0,0,
banana-grow,,tuning,3,2.0,all_no_bos,randdir,0,267,3,262,0,0,0,
banana-grow,,tuning,3,2.0,all_no_bos,randdir,1,191,3,262,0,0,0,
banana-grow,,tuning,3,2.0,all_no_bos,randdir,2,363,2,262,0,0,0,
banana-grow,,tuning,3,2.0,all_no_bos,randnorm,0,166,2,262,0,0,0,
banana-grow,,tuning,3,2.0,all_no_bos,randnorm,1,150,2,262,0,0,0,
banana-grow,,tuning,3,2.0,all_no_bos,randnorm,2,104,2,262,0,0,0,
banana-grow,,tuning,3,2.0,from_mention,lens,-1,279,2,262,0,0,0,
banana-grow,,tuning,3,2.0,from_mention,randdir,0,267,3,262,0,0,0,
banana-grow,,tuning,3,2.0,from_mention,randdir,1,191,3,262,0,0,0,
banana-grow,,tuning,3,2.0,from_mention,randdir,2,363,2,262,0,0,0,
banana-grow,,tuning,3,2.0,from_mention,randnorm,0,166,2,262,0,0,0,
banana-grow,,tuning,3,2.0,from_mention,randnorm,1,150,2,262,0,0,0,
banana-grow,,tuning,3,2.0,from_mention,randnorm,2,104,2,262,0,0,0,
banana-grow,,tuning,3,2.0,answer_only,lens,-1,460,2,262,0,0,0,
banana-grow,,tuning,3,2.0,answer_only,randdir,0,380,3,262,0,0,0,
banana-grow,,tuning,3,2.0,answer_only,randdir,1,471,2,262,0,0,0,
banana-grow,,tuning,3,2.0,answer_only,randdir,2,463,2,262,0,0,0,
banana-grow,,tuning,3,2.0,answer_only,randnorm,0,384,3,262,0,0,0,
banana-grow,,tuning,3,2.0,answer_only,randnorm,1,478,3,262,0,0,0,
banana-grow,,tuning,3,2.0,answer_only,randnorm,2,457,2,262,0,0,0,
banana-grow,,tuning,4,0.5,all_no_bos,lens,-1,409,2,262,0,0,0,
banana-grow,,tuning,4,0.5,all_no_bos,randdir,0,466,3,262,0,0,0,
banana-grow,,tuning,4,0.5,all_no_bos,randdir,1,543,2,262,0,0,0,
banana-grow,,tuning,4,0.5,all_no_bos,randdir,2,482,3,262,0,0,0,
banana-grow,,tuning,4,0.5,all_no_bos,randnorm,0,398,2,262,0,0,0,
banana-grow,,tuning,4,0.5,all_no_bos,randnorm,1,531,2,262,0,0,0,
banana-grow,,tuning,4,0.5,all_no_bos,randnorm,2,440,3,262,0,0,0,
banana-grow,,tuning,4,0.5,from_mention,lens,-1,409,2,262,0,0,0,
banana-grow,,tuning,4,0.5,from_mention,randdir,0,466,3,262,0,0,0,
banana-grow,,tuning,4,0.5,from_mention,randdir,1,543,2,262,0,0,0,
banana-grow,,tuning,4,0.5,from_mention,randdir,2,482,3,262,0,0,0,
banana-grow,,tuning,4,0.5,from_mention,randnorm,0,398,2,262,0,0,0,
banana-grow,,tuning,4,0.5,from_mention,randnorm,1,531,2,262,0,0,0,
banana-grow,,tuning,4,0.5,from_mention,randnorm,2,440,3,262,0,0,0,
banana-grow,,tuning,4,0.5,answer_only,lens,-1,462,2,262,0,0,0,
banana-grow,,tuning,4,0.5,answer_only,randdir,0,458,3,262,0,0,0,
banana-grow,,tuning,4,0.5,answer_only,randdir,1,472,2,262,0,0,0,
banana-grow,,tuning,4,0.5,answer_only,randdir,2,469,3,262,0,0,0,
banana-grow,,tuning,4,0.5,answer_only,randnorm,0,445,3,262,0,0,0,
banana-grow,,tuning,4,0.5,answer_only,randnorm,1,471,2,262,0,0,0,
banana-grow,,tuning,4,0.5,answer_only,randnorm,2,482,3,262,0,0,0,
banana-grow,,tuning,4,1.0,all_no_bos,lens,-1,350,2,262,0,0,0,
banana-grow,,tuning,4,1.0,all_no_bos,randdir,0,473,2,262,0,0,0,
banana-grow,,tuning,4,1.0,all_no_bos,randdir,1,629,2,262,0,0,0,
banana-grow,,tuning,4,1.0,all_no_bos,randdir,2,492,3,262,0,0,0,
banana-grow,,tuning,4,1.0,all_no_bos,randnorm,0,317,2,262,0,0,0,
banana-grow,,tuning,4,1.0,all_no_bos,randnorm,1,534,2,262,0,0,0,
banana-grow,,tuning,4,1.0,all_no_bos,randnorm,2,354,3,262,0,0,0,
banana-grow,,tuning,4,1.0,from_mention,lens,-1,350,2,262,0,0,0,
banana-grow,,tuning,4,1.0,from_mention,randdir,0,473,2,262,0,0,0,
banana-grow,,tuning,4,1.0,from_mention,randdir,1,629,2,262,0,0,0,
banana-grow,,tuning,4,1.0,from_mention,randdir,2,492,3,262,0,0,0,
banana-grow,,tuning,4,1.0,from_mention,randnorm,0,317,2,262,0,0,0,
banana-grow,,tuning,4,1.0,from_mention,randnorm,1,534,2,262,0,0,0,
banana-grow,,tuning,4,1.0,from_mention,randnorm,2,354,3,262,0,0,0,
banana-grow,,tuning,4,1.0,answer_only,lens,-1,467,2,262,0,0,0,
banana-grow,,tuning,4,1.0,answer_only,randdir,0,458,3,262,0,0,0,
banana-grow,,tuning,4,1.0,answer_only,randdir,1,481,2,262,0,0,0,
banana-grow,,tuning,4,1.0,answer_only,randdir,2,475,3,262,0,0,0,
banana-grow,,tuning,4,1.0,answer_only,randnorm,0,434,3,262,0,0,0,
banana-grow,,tuning,4,1.0,answer_only,randnorm,1,474,2,262,0,0,0,
banana-grow,,tuning,4,1.0,answer_only,randnorm,2,494,3,262,0,0,0,
banana-grow,,tuning,4,2.0,all_no_bos,lens,-1,290,2,262,0,0,0,
banana-grow,,tuning,4,2.0,all_no_bos,randdir,0,488,2,262,0,0,0,
banana-grow,,tuning,4,2.0,all_no_bos,randdir,1,768,2,262,0,0,0,
banana-grow,,tuning,4,2.0,all_no_bos,randdir,2,478,3,262,0,0,0,
banana-grow,,tuning,4,2.0,all_no_bos,randnorm,0,183,2,262,0,0,0,
banana-grow,,tuning,4,2.0,all_no_bos,randnorm,1,303,2,262,0,0,0,
banana-grow,,tuning,4,2.0,all_no_bos,randnorm,2,255,3,262,0,0,0,
banana-grow,,tuning,4,2.0,from_mention,lens,-1,290,2,262,0,0,0,
banana-grow,,tuning,4,2.0,from_mention,randdir,0,488,2,262,0,0,0,
banana-grow,,tuning,4,2.0,from_mention,randdir,1,768,2,262,0,0,0,
banana-grow,,tuning,4,2.0,from_mention,randdir,2,478,3,262,0,0,0,
banana-grow,,tuning,4,2.0,from_mention,randnorm,0,183,2,262,0,0,0,
banana-grow,,tuning,4,2.0,from_mention,randnorm,1,303,2,262,0,0,0,
banana-grow,,tuning,4,2.0,from_mention,randnorm,2,255,3,262,0,0,0,
banana-grow,,tuning,4,2.0,answer_only,lens,-1,471,2,262,0,0,0,
banana-grow,,tuning,4,2.0,answer_only,randdir,0,456,3,262,0,0,0,
banana-grow,,tuning,4,2.0,answer_only,randdir,1,491,2,262,0,0,0,
banana-grow,,tuning,4,2.0,answer_only,randdir,2,486,3,262,0,0,0,
banana-grow,,tuning,4,2.0,answer_only,randnorm,0,399,3,262,0,0,0,
banana-grow,,tuning,4,2.0,answer_only,randnorm,1,487,2,262,0,0,0,
banana-grow,,tuning,4,2.0,answer_only,randnorm,2,515,3,262,0,0,0,
banana-grow,,tuning,5,0.5,all_no_bos,lens,-1,499,2,262,0,0,0,
banana-grow,,tuning,5,0.5,all_no_bos,randdir,0,446,3,262,0,0,0,
banana-grow,,tuning,5,0.5,all_no_bos,randdir,1,452,3,262,0,0,0,
banana-grow,,tuning,5,0.5,all_no_bos,randdir,2,440,2,262,0,0,0,
banana-grow,,tuning,5,0.5,all_no_bos,randnorm,0,471,3,262,0,0,0,
banana-grow,,tuning,5,0.5,all_no_bos,randnorm,1,365,3,262,0,0,0,
banana-grow,,tuning,5,0.5,all_no_bos,randnorm,2,420,3,262,0,0,0,
banana-grow,,tuning,5,0.5,from_mention,lens,-1,499,2,262,0,0,0,
banana-grow,,tuning,5,0.5,from_mention,randdir,0,446,3,262,0,0,0,
banana-grow,,tuning,5,0.5,from_mention,randdir,1,452,3,262,0,0,0,
banana-grow,,tuning,5,0.5,from_mention,randdir,2,440,2,262,0,0,0,
banana-grow,,tuning,5,0.5,from_mention,randnorm,0,471,3,262,0,0,0,
banana-grow,,tuning,5,0.5,from_mention,randnorm,1,365,3,262,0,0,0,
banana-grow,,tuning,5,0.5,from_mention,randnorm,2,420,3,262,0,0,0,
banana-grow,,tuning,5,0.5,answer_only,lens,-1,473,2,262,0,0,0,
banana-grow,,tuning,5,0.5,answer_only,randdir,0,469,3,262,0,0,0,
banana-grow,,tuning,5,0.5,answer_only,randdir,1,462,3,262,0,0,0,
banana-grow,,tuning,5,0.5,answer_only,randdir,2,459,3,262,0,0,0,
banana-grow,,tuning,5,0.5,answer_only,randnorm,0,477,3,262,0,0,0,
banana-grow,,tuning,5,0.5,answer_only,randnorm,1,464,3,262,0,0,0,
banana-grow,,tuning,5,0.5,answer_only,randnorm,2,459,3,262,0,0,0,
banana-grow,,tuning,5,1.0,all_no_bos,lens,-1,510,2,262,0,0,0,
banana-grow,,tuning,5,1.0,all_no_bos,randdir,0,439,3,262,0,0,0,
banana-grow,,tuning,5,1.0,all_no_bos,randdir,1,441,3,262,0,0,0,
banana-grow,,tuning,5,1.0,all_no_bos,randdir,2,422,2,262,0,0,0,
banana-grow,,tuning,5,1.0,all_no_bos,randnorm,0,492,4,262,0,0,0,
banana-grow,,tuning,5,1.0,all_no_bos,randnorm,1,307,3,262,0,0,0,
banana-grow,,tuning,5,1.0,all_no_bos,randnorm,2,391,3,262,0,0,0,
banana-grow,,tuning,5,1.0,from_mention,lens,-1,510,2,262,0,0,0,
banana-grow,,tuning,5,1.0,from_mention,randdir,0,439,3,262,0,0,0,
banana-grow,,tuning,5,1.0,from_mention,randdir,1,441,3,262,0,0,0,
banana-grow,,tuning,5,1.0,from_mention,randdir,2,422,2,262,0,0,0,
banana-grow,,tuning,5,1.0,from_mention,randnorm,0,492,4,262,0,0,0,
banana-grow,,tuning,5,1.0,from_mention,randnorm,1,307,3,262,0,0,0,
banana-grow,,tuning,5,1.0,from_mention,randnorm,2,391,3,262,0,0,0,
banana-grow,,tuning,5,1.0,answer_only,lens,-1,478,2,262,0,0,0,
banana-grow,,tuning,5,1.0,answer_only,randdir,0,478,3,262,0,0,0,
banana-grow,,tuning,5,1.0,answer_only,randdir,1,464,3,262,0,0,0,
banana-grow,,tuning,5,1.0,answer_only,randdir,2,457,3,262,0,0,0,
banana-grow,,tuning,5,1.0,answer_only,randnorm,0,487,3,262,0,0,0,
banana-grow,,tuning,5,1.0,answer_only,randnorm,1,463,3,262,0,0,0,
banana-grow,,tuning,5,1.0,answer_only,randnorm,2,457,3,262,0,0,0,
banana-grow,,tuning,5,2.0,all_no_bos,lens,-1,494,2,262,0,0,0,
banana-grow,,tuning,5,2.0,all_no_bos,randdir,0,439,4,262,0,0,0,
banana-grow,,tuning,5,2.0,all_no_bos,randdir,1,417,3,262,0,0,0,
banana-grow,,tuning,5,2.0,all_no_bos,randdir,2,383,2,262,0,0,0,
banana-grow,,tuning,5,2.0,all_no_bos,randnorm,0,551,4,262,0,0,0,
banana-grow,,tuning,5,2.0,all_no_bos,randnorm,1,222,4,262,0,0,0,
banana-grow,,tuning,5,2.0,all_no_bos,randnorm,2,344,3,262,0,0,0,
banana-grow,,tuning,5,2.0,from_mention,lens,-1,494,2,262,0,0,0,
banana-grow,,tuning,5,2.0,from_mention,randdir,0,439,4,262,0,0,0,
banana-grow,,tuning,5,2.0,from_mention,randdir,1,417,3,262,0,0,0,
banana-grow,,tuning,5,2.0,from_mention,randdir,2,383,2,262,0,0,0,
banana-grow,,tuning,5,2.0,from_mention,randnorm,0,551,4,262,0,0,0,
banana-grow,,tuning,5,2.0,from_mention,randnorm,1,222,4,262,0,0,0,
banana-grow,,tuning,5,2.0,from_mention,randnorm,2,344,3,262,0,0,0,
banana-grow,,tuning,5,2.0,answer_only,lens,-1,499,2,262,0,0,0,
banana-grow,,tuning,5,2.0,answer_only,randdir,0,491,3,262,0,0,0,
banana-grow,,tuning,5,2.0,answer_only,randdir,1,463,3,262,0,0,0,
banana-grow,,tuning,5,2.0,answer_only,randdir,2,441,3,262,0,0,0,
banana-grow,,tuning,5,2.0,answer_only,randnorm,0,503,3,262,0,0,0,
banana-grow,,tuning,5,2.0,answer_only,randnorm,1,462,3,262,0,0,0,
banana-grow,,tuning,5,2.0,answer_only,randnorm,2,441,3,262,0,0,0,
banana-grow,,tuning,6,0.5,all_no_bos,lens,-1,484,2,262,0,0,0,
banana-grow,,tuning,6,0.5,all_no_bos,randdir,0,477,3,262,0,0,0,
banana-grow,,tuning,6,0.5,all_no_bos,randdir,1,418,3,262,0,0,0,
banana-grow,,tuning,6,0.5,all_no_bos,randdir,2,457,3,262,0,0,0,
banana-grow,,tuning,6,0.5,all_no_bos,randnorm,0,464,3,262,0,0,0,
banana-grow,,tuning,6,0.5,all_no_bos,randnorm,1,415,3,262,0,0,0,
banana-grow,,tuning,6,0.5,all_no_bos,randnorm,2,476,3,262,0,0,0,
banana-grow,,tuning,6,0.5,from_mention,lens,-1,484,2,262,0,0,0,
banana-grow,,tuning,6,0.5,from_mention,randdir,0,477,3,262,0,0,0,
banana-grow,,tuning,6,0.5,from_mention,randdir,1,418,3,262,0,0,0,
banana-grow,,tuning,6,0.5,from_mention,randdir,2,457,3,262,0,0,0,
banana-grow,,tuning,6,0.5,from_mention,randnorm,0,464,3,262,0,0,0,
banana-grow,,tuning,6,0.5,from_mention,randnorm,1,415,3,262,0,0,0,
banana-grow,,tuning,6,0.5,from_mention,randnorm,2,476,3,262,0,0,0,
banana-grow,,tuning,6,0.5,answer_only,lens,-1,468,3,262,0,0,0,
banana-grow,,tuning,6,0.5,answer_only,randdir,0,479,3,262,0,0,0,
banana-grow,,tuning,6,0.5,answer_only,randdir,1,441,3,262,0,0,0,
banana-grow,,tuning,6,0.5,answer_only,randdir,2,459,3,262,0,0,0,
banana-grow,,tuning,6,0.5,answer_only,randnorm,0,476,3,262,0,0,0,
banana-grow,,tuning,6,0.5,answer_only,randnorm,1,448,3,262,0,0,0,
banana-grow,,tuning,6,0.5,answer_only,randnorm,2,464,3,262,0,0,0,
banana-grow,,tuning,6,1.0,all_no_bos,lens,-1,488,2,262,0,0,0,
banana-grow,,tuning,6,1.0,all_no_bos,randdir,0,500,3,262,0,0,0,
banana-grow,,tuning,6,1.0,all_no_bos,randdir,1,380,3,262,0,0,0,
banana-grow,,tuning,6,1.0,all_no_bos,randdir,2,460,3,262,0,0,0,
banana-grow,,tuning,6,1.0,all_no_bos,randnorm,0,460,4,262,0,0,0,
banana-grow,,tuning,6,1.0,all_no_bos,randnorm,1,364,3,262,0,0,0,
banana-grow,,tuning,6,1.0,all_no_bos,randnorm,2,466,3,262,0,0,0,
banana-grow,,tuning,6,1.0,from_mention,lens,-1,488,2,262,0,0,0,
banana-grow,,tuning,6,1.0,from_mention,randdir,0,500,3,262,0,0,0,
banana-grow,,tuning,6,1.0,from_mention,randdir,1,380,3,262,0,0,0,
banana-grow,,tuning,6,1.0,from_mention,randdir,2,460,3,262,0,0,0,
banana-grow,,tuning,6,1.0,from_mention,randnorm,0,460,4,262,0,0,0,
banana-grow,,tuning,6,1.0,from_mention,randnorm,1,364,3,262,0,0,0,
banana-grow,,tuning,6,1.0,from_mention,randnorm,2,466,3,262,0,0,0,
banana-grow,,tuning,6,1.0,answer_only,lens,-1,475,2,262,0,0,0,
banana-grow,,tuning,6,1.0,answer_only,randdir,0,490,3,262,0,0,0,
banana-grow,,tuning,6,1.0,answer_only,randdir,1,424,3,262,0,0,0,
banana-grow,,tuning,6,1.0,answer_only,randdir,2,459,3,262,0,0,0,
banana-grow,,tuning,6,1.0,answer_only,randnorm,0,488,3,262,0,0,0,
banana-grow,,tuning,6,1.0,answer_only,randnorm,1,439,3,262,0,0,0,
banana-grow,,tuning,6,1.0,answer_only,randnorm,2,462,3,262,0,0,0,
banana-grow,,tuning,6,2.0,all_no_bos,lens,-1,454,2,262,0,0,0,
banana-grow,,tuning,6,2.0,all_no_bos,randdir,0,538,4,262,0,0,0,
banana-grow,,tuning,6,2.0,all_no_bos,randdir,1,312,3,262,0,0,0,
banana-grow,,tuning,6,2.0,all_no_bos,randdir,2,466,4,262,0,0,0,
banana-grow,,tuning,6,2.0,all_no_bos,randnorm,0,447,4,262,0,0,0,
banana-grow,,tuning,6,2.0,all_no_bos,randnorm,1,274,3,262,0,0,0,
banana-grow,,tuning,6,2.0,all_no_bos,randnorm,2,408,2,262,0,0,0,
banana-grow,,tuning,6,2.0,from_mention,lens,-1,454,2,262,0,0,0,
banana-grow,,tuning,6,2.0,from_mention,randdir,0,538,4,262,0,0,0,
banana-grow,,tuning,6,2.0,from_mention,randdir,1,312,3,262,0,0,0,
banana-grow,,tuning,6,2.0,from_mention,randdir,2,466,4,262,0,0,0,
banana-grow,,tuning,6,2.0,from_mention,randnorm,0,447,4,262,0,0,0,
banana-grow,,tuning,6,2.0,from_mention,randnorm,1,274,3,262,0,0,0,
banana-grow,,tuning,6,2.0,from_mention,randnorm,2,408,2,262,0,0,0,
banana-grow,,tuning,6,2.0,answer_only,lens,-1,487,2,262,0,0,0,
banana-grow,,tuning,6,2.0,answer_only,randdir,0,531,3,262,0,0,0,
banana-grow,,tuning,6,2.0,answer_only,randdir,1,392,3,262,0,0,0,
banana-grow,,tuning,6,2.0,answer_only,randdir,2,467,4,262,0,0,0,
banana-grow,,tuning,6,2.0,answer_only,randnorm,0,514,3,262,0,0,0,
banana-grow,,tuning,6,2.0,answer_only,randnorm,1,420,3,262,0,0,0,
banana-grow,,tuning,6,2.0,answer_only,randnorm,2,458,3,262,0,0,0,
banana-grow,,tuning,7,0.5,all_no_bos,lens,-1,449,2,262,0,0,0,
banana-grow,,tuning,7,0.5,all_no_bos,randdir,0,491,2,262,0,0,0,
banana-grow,,tuning,7,0.5,all_no_bos,randdir,1,442,3,262,0,0,0,
banana-grow,,tuning,7,0.5,all_no_bos,randdir,2,458,3,262,0,0,0,
banana-grow,,tuning,7,0.5,all_no_bos,randnorm,0,508,3,262,0,0,0,
banana-grow,,tuning,7,0.5,all_no_bos,randnorm,1,406,3,262,0,0,0,
banana-grow,,tuning,7,0.5,all_no_bos,randnorm,2,424,3,262,0,0,0,
banana-grow,,tuning,7,0.5,from_mention,lens,-1,449,2,262,0,0,0,
banana-grow,,tuning,7,0.5,from_mention,randdir,0,491,2,262,0,0,0,
banana-grow,,tuning,7,0.5,from_mention,randdir,1,442,3,262,0,0,0,
banana-grow,,tuning,7,0.5,from_mention,randdir,2,458,3,262,0,0,0,
banana-grow,,tuning,7,0.5,from_mention,randnorm,0,508,3,262,0,0,0,
banana-grow,,tuning,7,0.5,from_mention,randnorm,1,406,3,262,0,0,0,
banana-grow,,tuning,7,0.5,from_mention,randnorm,2,424,3,262,0,0,0,
banana-grow,,tuning,7,0.5,answer_only,lens,-1,474,3,262,0,0,0,
banana-grow,,tuning,7,0.5,answer_only,randdir,0,480,3,262,0,0,0,
banana-grow,,tuning,7,0.5,answer_only,randdir,1,448,3,262,0,0,0,
banana-grow,,tuning,7,0.5,answer_only,randdir,2,458,3,262,0,0,0,
banana-grow,,tuning,7,0.5,answer_only,randnorm,0,475,3,262,0,0,0,
banana-grow,,tuning,7,0.5,answer_only,randnorm,1,442,3,262,0,0,0,
banana-grow,,tuning,7,0.5,answer_only,randnorm,2,446,3,262,0,0,0,
banana-grow,,tuning,7,1.0,all_no_bos,lens,-1,438,2,262,0,0,0,
banana-grow,,tuning,7,1.0,all_no_bos,randdir,0,522,2,262,0,0,0,
banana-grow,,tuning,7,1.0,all_no_bos,randdir,1,431,3,262,0,0,0,
banana-grow,,tuning,7,1.0,all_no_bos,randdir,2,460,3,262,0,0,0,
banana-grow,,tuning,7,1.0,all_no_bos,randnorm,0,577,2,262,0,0,0,
banana-grow,,tuning,7,1.0,all_no_bos,randnorm,1,360,3,262,0,0,0,
banana-grow,,tuning,7,1.0,all_no_bos,randnorm,2,381,3,262,0,0,0,
banana-grow,,tuning,7,1.0,from_mention,lens,-1,438,2,262,0,0,0,
banana-grow,,tuning,7,1.0,from_mention,randdir,0,522,2,262,0,0,0,
banana-grow,,tuning,7,1.0,from_mention,randdir,1,431,3,262,0,0,0,
banana-grow,,tuning,7,1.0,from_mention,randdir,2,460,3,262,0,0,0,
banana-grow,,tuning,7,1.0,from_mention,randnorm,0,577,2,262,0,0,0,
banana-grow,,tuning,7,1.0,from_mention,randnorm,1,360,3,262,0,0,0,
banana-grow,,tuning,7,1.0,from_mention,randnorm,2,381,3,262,0,0,0,
banana-grow,,tuning,7,1.0,answer_only,lens,-1,481,2,262,0,0,0,
banana-grow,,tuning,7,1.0,answer_only,randdir,0,495,2,262,0,0,0,
banana-grow,,tuning,7,1.0,answer_only,randdir,1,437,3,262,0,0,0,
banana-grow,,tuning,7,1.0,answer_only,randdir,2,450,3,262,0,0,0,
banana-grow,,tuning,7,1.0,answer_only,randnorm,0,487,2,262,0,0,0,
banana-grow,,tuning,7,1.0,answer_only,randnorm,1,424,3,262,0,0,0,
banana-grow,,tuning,7,1.0,answer_only,randnorm,2,427,3,262,0,0,0,
banana-grow,,tuning,7,2.0,all_no_bos,lens,-1,416,2,262,0,0,0,
banana-grow,,tuning,7,2.0,all_no_bos,randdir,0,606,2,262,0,0,0,
banana-grow,,tuning,7,2.0,all_no_bos,randdir,1,396,2,262,0,0,0,
banana-grow,,tuning,7,2.0,all_no_bos,randdir,2,478,4,262,0,0,0,
banana-grow,,tuning,7,2.0,all_no_bos,randnorm,0,724,2,262,0,0,0,
banana-grow,,tuning,7,2.0,all_no_bos,randnorm,1,291,3,262,0,0,0,
banana-grow,,tuning,7,2.0,all_no_bos,randnorm,2,298,4,262,0,0,0,
banana-grow,,tuning,7,2.0,from_mention,lens,-1,416,2,262,0,0,0,
banana-grow,,tuning,7,2.0,from_mention,randdir,0,606,2,262,0,0,0,
banana-grow,,tuning,7,2.0,from_mention,randdir,1,396,2,262,0,0,0,
banana-grow,,tuning,7,2.0,from_mention,randdir,2,478,4,262,0,0,0,
banana-grow,,tuning,7,2.0,from_mention,randnorm,0,724,2,262,0,0,0,
banana-grow,,tuning,7,2.0,from_mention,randnorm,1,291,3,262,0,0,0,
banana-grow,,tuning,7,2.0,from_mention,randnorm,2,298,4,262,0,0,0,
banana-grow,,tuning,7,2.0,answer_only,lens,-1,493,2,262,0,0,0,
banana-grow,,tuning,7,2.0,answer_only,randdir,0,542,2,262,0,0,0,
banana-grow,,tuning,7,2.0,answer_only,randdir,1,412,3,262,0,0,0,
banana-grow,,tuning,7,2.0,answer_only,randdir,2,438,3,262,0,0,0,
banana-grow,,tuning,7,2.0,answer_only,randnorm,0,513,2,262,0,0,0,
banana-grow,,tuning,7,2.0,answer_only,randnorm,1,395,3,262,0,0,0,
banana-grow,,tuning,7,2.0,answer_only,randnorm,2,411,3,262,0,0,0,
banana-grow,,tuning,8,0.5,all_no_bos,lens,-1,463,2,262,0,0,0,
banana-grow,,tuning,8,0.5,all_no_bos,randdir,0,447,2,262,0,0,0,
banana-grow,,tuning,8,0.5,all_no_bos,randdir,1,439,3,262,0,0,0,
banana-grow,,tuning,8,0.5,all_no_bos,randdir,2,494,3,262,0,0,0,
banana-grow,,tuning,8,0.5,all_no_bos,randnorm,0,429,2,262,0,0,0,
banana-grow,,tuning,8,0.5,all_no_bos,randnorm,1,429,2,262,0,0,0,
banana-grow,,tuning,8,0.5,all_no_bos,randnorm,2,481,3,262,0,0,0,
banana-grow,,tuning,8,0.5,from_mention,lens,-1,463,2,262,0,0,0,
banana-grow,,tuning,8,0.5,from_mention,randdir,0,447,2,262,0,0,0,
banana-grow,,tuning,8,0.5,from_mention,randdir,1,439,3,262,0,0,0,
banana-grow,,tuning,8,0.5,from_mention,randdir,2,494,3,262,0,0,0,
banana-grow,,tuning,8,0.5,from_mention,randnorm,0,429,2,262,0,0,0,
banana-grow,,tuning,8,0.5,from_mention,randnorm,1,429,2,262,0,0,0,
banana-grow,,tuning,8,0.5,from_mention,randnorm,2,481,3,262,0,0,0,
banana-grow,,tuning,8,0.5,answer_only,lens,-1,476,3,262,0,0,0,
banana-grow,,tuning,8,0.5,answer_only,randdir,0,455,3,262,0,0,0,
banana-grow,,tuning,8,0.5,answer_only,randdir,1,451,3,262,0,0,0,
banana-grow,,tuning,8,0.5,answer_only,randdir,2,471,3,262,0,0,0,
banana-grow,,tuning,8,0.5,answer_only,randnorm,0,441,2,262,0,0,0,
banana-grow,,tuning,8,0.5,answer_only,randnorm,1,451,3,262,0,0,0,
banana-grow,,tuning,8,0.5,answer_only,randnorm,2,472,3,262,0,0,0,
banana-grow,,tuning,8,1.0,all_no_bos,lens,-1,462,2,262,0,0,0,
banana-grow,,tuning,8,1.0,all_no_bos,randdir,0,442,2,262,0,0,0,
banana-grow,,tuning,8,1.0,all_no_bos,randdir,1,419,2,262,0,0,0,
banana-grow,,tuning,8,1.0,all_no_bos,randdir,2,527,3,262,0,0,0,
banana-grow,,tuning,8,1.0,all_no_bos,randnorm,0,394,2,262,0,0,0,
banana-grow,,tuning,8,1.0,all_no_bos,randnorm,1,399,2,262,0,0,0,
banana-grow,,tuning,8,1.0,all_no_bos,randnorm,2,488,3,262,0,0,0,
banana-grow,,tuning,8,1.0,from_mention,lens,-1,462,2,262,0,0,0,
banana-grow,,tuning,8,1.0,from_mention,randdir,0,442,2,262,0,0,0,
banana-grow,,tuning,8,1.0,from_mention,randdir,1,419,2,262,0,0,0,
banana-grow,,tuning,8,1.0,from_mention,randdir,2,527,3,262,0,0,0,
banana-grow,,tuning,8,1.0,from_mention,randnorm,0,394,2,262,0,0,0,
banana-grow,,tuning,8,1.0,from_mention,randnorm,1,399,2,262,0,0,0,
banana-grow,,tuning,8,1.0,from_mention,randnorm,2,488,3,262,0,0,0,
banana-grow,,tuning,8,1.0,answer_only,lens,-1,482,3,262,0,0,0,
banana-grow,,tuning,8,1.0,answer_only,randdir,0,445,2,262,0,0,0,
banana-grow,,tuning,8,1.0,answer_only,randdir,1,437,3,262,0,0,0,
banana-grow,,tuning,8,1.0,answer_only,randdir,2,478,2,262,0,0,0,
banana-grow,,tuning,8,1.0,answer_only,randnorm,0,425,2,262,0,0,0,
banana-grow,,tuning,8,1.0,answer_only,randnorm,1,434,3,262,0,0,0,
banana-grow,,tuning,8,1.0,answer_only,randnorm,2,479,2,262,0,0,0,
banana-grow,,tuning,8,2.0,all_no_bos,lens,-1,455,2,262,0,0,0,
banana-grow,,tuning,8,2.0,all_no_bos,randdir,0,443,2,262,0,0,0,
banana-grow,,tuning,8,2.0,all_no_bos,randdir,1,388,2,262,0,0,0,
banana-grow,,tuning,8,2.0,all_no_bos,randdir,2,605,3,262,0,0,0,
banana-grow,,tuning,8,2.0,all_no_bos,randnorm,0,309,2,262,0,0,0,
banana-grow,,tuning,8,2.0,all_no_bos,randnorm,1,339,2,262,0,0,0,
banana-grow,,tuning,8,2.0,all_no_bos,randnorm,2,499,4,262,0,0,0,
banana-grow,,tuning,8,2.0,from_mention,lens,-1,455,2,262,0,0,0,
banana-grow,,tuning,8,2.0,from_mention,randdir,0,443,2,262,0,0,0,
banana-grow,,tuning,8,2.0,from_mention,randdir,1,388,2,262,0,0,0,
banana-grow,,tuning,8,2.0,from_mention,randdir,2,605,3,262,0,0,0,
banana-grow,,tuning,8,2.0,from_mention,randnorm,0,309,2,262,0,0,0,
banana-grow,,tuning,8,2.0,from_mention,randnorm,1,339,2,262,0,0,0,
banana-grow,,tuning,8,2.0,from_mention,randnorm,2,499,4,262,0,0,0,
banana-grow,,tuning,8,2.0,answer_only,lens,-1,500,3,262,0,0,0,
banana-grow,,tuning,8,2.0,answer_only,randdir,0,433,2,262,0,0,0,
banana-grow,,tuning,8,2.0,answer_only,randdir,1,416,3,262,0,0,0,
banana-grow,,tuning,8,2.0,answer_only,randdir,2,491,2,262,0,0,0,
banana-grow,,tuning,8,2.0,answer_only,randnorm,0,395,2,262,0,0,0,
banana-grow,,tuning,8,2.0,answer_only,randnorm,1,414,3,262,0,0,0,
banana-grow,,tuning,8,2.0,answer_only,randnorm,2,491,2,262,0,0,0,
banana-grow,,tuning,9,0.5,all_no_bos,lens,-1,463,2,262,0,0,0,
banana-grow,,tuning,9,0.5,all_no_bos,randdir,0,462,3,262,0,0,0,
banana-grow,,tuning,9,0.5,all_no_bos,randdir,1,458,3,262,0,0,0,
banana-grow,,tuning,9,0.5,all_no_bos,randdir,2,495,3,262,0,0,0,
banana-grow,,tuning,9,0.5,all_no_bos,randnorm,0,457,3,262,0,0,0,
banana-grow,,tuning,9,0.5,all_no_bos,randnorm,1,462,3,262,0,0,0,
banana-grow,,tuning,9,0.5,all_no_bos,randnorm,2,484,3,262,0,0,0,
banana-grow,,tuning,9,0.5,from_mention,lens,-1,463,2,262,0,0,0,
banana-grow,,tuning,9,0.5,from_mention,randdir,0,462,3,262,0,0,0,
banana-grow,,tuning,9,0.5,from_mention,randdir,1,458,3,262,0,0,0,
banana-grow,,tuning,9,0.5,from_mention,randdir,2,495,3,262,0,0,0,
banana-grow,,tuning,9,0.5,from_mention,randnorm,0,457,3,262,0,0,0,
banana-grow,,tuning,9,0.5,from_mention,randnorm,1,462,3,262,0,0,0,
banana-grow,,tuning,9,0.5,from_mention,randnorm,2,484,3,262,0,0,0,
banana-grow,,tuning,9,0.5,answer_only,lens,-1,463,3,262,0,0,0,
banana-grow,,tuning,9,0.5,answer_only,randdir,0,455,3,262,0,0,0,
banana-grow,,tuning,9,0.5,answer_only,randdir,1,457,2,262,0,0,0,
banana-grow,,tuning,9,0.5,answer_only,randdir,2,464,3,262,0,0,0,
banana-grow,,tuning,9,0.5,answer_only,randnorm,0,459,3,262,0,0,0,
banana-grow,,tuning,9,0.5,answer_only,randnorm,1,463,3,262,0,0,0,
banana-grow,,tuning,9,0.5,answer_only,randnorm,2,465,3,262,0,0,0,
banana-grow,,tuning,9,1.0,all_no_bos,lens,-1,463,2,262,0,0,0,
banana-grow,,tuning,9,1.0,all_no_bos,randdir,0,464,3,262,0,0,0,
banana-grow,,tuning,9,1.0,all_no_bos,randdir,1,455,3,262,0,0,0,
banana-grow,,tuning,9,1.0,all_no_bos,randdir,2,531,3,262,0,0,0,
banana-grow,,tuning,9,1.0,all_no_bos,randnorm,0,451,3,262,0,0,0,
banana-grow,,tuning,9,1.0,all_no_bos,randnorm,1,456,3,262,0,0,0,
banana-grow,,tuning,9,1.0,all_no_bos,randnorm,2,502,3,262,0,0,0,
banana-grow,,tuning,9,1.0,from_mention,lens,-1,463,2,262,0,0,0,
banana-grow,,tuning,9,1.0,from_mention,randdir,0,464,3,262,0,0,0,
banana-grow,,tuning,9,1.0,from_mention,randdir,1,455,3,262,0,0,0,
banana-grow,,tuning,9,1.0,from_mention,randdir,2,531,3,262,0,0,0,
banana-grow,,tuning,9,1.0,from_mention,randnorm,0,451,3,262,0,0,0,
banana-grow,,tuning,9,1.0,from_mention,randnorm,1,456,3,262,0,0,0,
banana-grow,,tuning,9,1.0,from_mention,randnorm,2,502,3,262,0,0,0,
banana-grow,,tuning,9,1.0,answer_only,lens,-1,463,3,262,0,0,0,
banana-grow,,tuning,9,1.0,answer_only,randdir,0,452,3,262,0,0,0,
banana-grow,,tuning,9,1.0,answer_only,randdir,1,455,2,262,0,0,0,
banana-grow,,tuning,9,1.0,answer_only,randdir,2,465,3,262,0,0,0,
banana-grow,,tuning,9,1.0,answer_only,randnorm,0,457,3,262,0,0,0,
banana-grow,,tuning,9,1.0,answer_only,randnorm,1,460,3,262,0,0,0,
banana-grow,,tuning,9,1.0,answer_only,randnorm,2,466,3,262,0,0,0,
banana-grow,,tuning,9,2.0,all_no_bos,lens,-1,455,2,262,0,0,0,
banana-grow,,tuning,9,2.0,all_no_bos,randdir,0,462,3,262,0,0,0,
banana-grow,,tuning,9,2.0,all_no_bos,randdir,1,437,2,262,0,0,0,
banana-grow,,tuning,9,2.0,all_no_bos,randdir,2,628,3,262,0,0,0,
banana-grow,,tuning,9,2.0,all_no_bos,randnorm,0,441,3,262,0,0,0,
banana-grow,,tuning,9,2.0,all_no_bos,randnorm,1,431,3,262,0,0,0,
banana-grow,,tuning,9,2.0,all_no_bos,randnorm,2,527,2,262,0,0,0,
banana-grow,,tuning,9,2.0,from_mention,lens,-1,455,2,262,0,0,0,
banana-grow,,tuning,9,2.0,from_mention,randdir,0,462,3,262,0,0,0,
banana-grow,,tuning,9,2.0,from_mention,randdir,1,437,2,262,0,0,0,
banana-grow,,tuning,9,2.0,from_mention,randdir,2,628,3,262,0,0,0,
banana-grow,,tuning,9,2.0,from_mention,randnorm,0,441,3,262,0,0,0,
banana-grow,,tuning,9,2.0,from_mention,randnorm,1,431,3,262,0,0,0,
banana-grow,,tuning,9,2.0,from_mention,randnorm,2,527,2,262,0,0,0,
banana-grow,,tuning,9,2.0,answer_only,lens,-1,468,3,262,0,0,0,
banana-grow,,tuning,9,2.0,answer_only,randdir,0,443,3,262,0,0,0,
banana-grow,,tuning,9,2.0,answer_only,randdir,1,455,2,262,0,0,0,
banana-grow,,tuning,9,2.0,answer_only,randdir,2,469,3,262,0,0,0,
banana-grow,,tuning,9,2.0,answer_only,randnorm,0,456,3,262,0,0,0,
banana-grow,,tuning,9,2.0,answer_only,randnorm,1,456,2,262,0,0,0,
banana-grow,,tuning,9,2.0,answer_only,randnorm,2,469,2,262,0,0,0,
banana-grow,,tuning,10,0.5,all_no_bos,lens,-1,461,3,262,0,0,0,
banana-grow,,tuning,10,0.5,all_no_bos,randdir,0,498,2,262,0,0,0,
banana-grow,,tuning,10,0.5,all_no_bos,randdir,1,468,3,262,0,0,0,
banana-grow,,tuning,10,0.5,all_no_bos,randdir,2,486,2,262,0,0,0,
banana-grow,,tuning,10,0.5,all_no_bos,randnorm,0,464,3,262,0,0,0,
banana-grow,,tuning,10,0.5,all_no_bos,randnorm,1,471,3,262,0,0,0,
banana-grow,,tuning,10,0.5,all_no_bos,randnorm,2,462,3,262,0,0,0,
banana-grow,,tuning,10,0.5,from_mention,lens,-1,461,3,262,0,0,0,
banana-grow,,tuning,10,0.5,from_mention,randdir,0,498,2,262,0,0,0,
banana-grow,,tuning,10,0.5,from_mention,randdir,1,468,3,262,0,0,0,
banana-grow,,tuning,10,0.5,from_mention,randdir,2,486,2,262,0,0,0,
banana-grow,,tuning,10,0.5,from_mention,randnorm,0,464,3,262,0,0,0,
banana-grow,,tuning,10,0.5,from_mention,randnorm,1,471,3,262,0,0,0,
banana-grow,,tuning,10,0.5,from_mention,randnorm,2,462,3,262,0,0,0,
banana-grow,,tuning,10,0.5,answer_only,lens,-1,460,3,262,0,0,0,
banana-grow,,tuning,10,0.5,answer_only,randdir,0,479,2,262,0,0,0,
banana-grow,,tuning,10,0.5,answer_only,randdir,1,457,3,262,0,0,0,
banana-grow,,tuning,10,0.5,answer_only,randdir,2,473,2,262,0,0,0,
banana-grow,,tuning,10,0.5,answer_only,randnorm,0,463,3,262,0,0,0,
banana-grow,,tuning,10,0.5,answer_only,randnorm,1,458,3,262,0,0,0,
banana-grow,,tuning,10,0.5,answer_only,randnorm,2,464,3,262,0,0,0,
banana-grow,,tuning,10,1.0,all_no_bos,lens,-1,464,2,262,0,0,0,
banana-grow,,tuning,10,1.0,all_no_bos,randdir,0,545,2,262,0,0,0,
banana-grow,,tuning,10,1.0,all_no_bos,randdir,1,472,3,262,0,0,0,
banana-grow,,tuning,10,1.0,all_no_bos,randdir,2,536,2,262,0,0,0,
banana-grow,,tuning,10,1.0,all_no_bos,randnorm,0,471,3,262,0,0,0,
banana-grow,,tuning,10,1.0,all_no_bos,randnorm,1,478,3,262,0,0,0,
banana-grow,,tuning,10,1.0,all_no_bos,randnorm,2,456,3,262,0,0,0,
banana-grow,,tuning,10,1.0,from_mention,lens,-1,464,2,262,0,0,0,
banana-grow,,tuning,10,1.0,from_mention,randdir,0,545,2,262,0,0,0,
banana-grow,,tuning,10,1.0,from_mention,randdir,1,472,3,262,0,0,0,
banana-grow,,tuning,10,1.0,from_mention,randdir,2,536,2,262,0,0,0,
banana-grow,,tuning,10,1.0,from_mention,randnorm,0,471,3,262,0,0,0,
banana-grow,,tuning,10,1.0,from_mention,randnorm,1,478,3,262,0,0,0,
banana-grow,,tuning,10,1.0,from_mention,randnorm,2,456,3,262,0,0,0,
banana-grow,,tuning,10,1.0,answer_only,lens,-1,461,3,262,0,0,0,
banana-grow,,tuning,10,1.0,answer_only,randdir,0,501,2,262,0,0,0,
banana-grow,,tuning,10,1.0,answer_only,randdir,1,452,3,262,0,0,0,
banana-grow,,tuning,10,1.0,answer_only,randdir,2,503,2,262,0,0,0,
banana-grow,,tuning,10,1.0,answer_only,randnorm,0,465,3,262,0,0,0,
banana-grow,,tuning,10,1.0,answer_only,randnorm,1,457,3,262,0,0,0,
banana-grow,,tuning,10,1.0,answer_only,randnorm,2,465,3,262,0,0,0,
banana-grow,,tuning,10,2.0,all_no_bos,lens,-1,465,2,262,0,0,0,
banana-grow,,tuning,10,2.0,all_no_bos,randdir,0,656,2,262,0,0,0,
banana-grow,,tuning,10,2.0,all_no_bos,randdir,1,482,3,262,0,0,0,
banana-grow,,tuning,10,2.0,all_no_bos,randdir,2,672,2,262,0,0,0,
banana-grow,,tuning,10,2.0,all_no_bos,randnorm,0,480,3,262,0,0,0,
banana-grow,,tuning,10,2.0,all_no_bos,randnorm,1,491,2,262,0,0,0,
banana-grow,,tuning,10,2.0,all_no_bos,randnorm,2,459,3,262,0,0,0,
banana-grow,,tuning,10,2.0,from_mention,lens,-1,465,2,262,0,0,0,
banana-grow,,tuning,10,2.0,from_mention,randdir,0,656,2,262,0,0,0,
banana-grow,,tuning,10,2.0,from_mention,randdir,1,482,3,262,0,0,0,
banana-grow,,tuning,10,2.0,from_mention,randdir,2,672,2,262,0,0,0,
banana-grow,,tuning,10,2.0,from_mention,randnorm,0,480,3,262,0,0,0,
banana-grow,,tuning,10,2.0,from_mention,randnorm,1,491,2,262,0,0,0,
banana-grow,,tuning,10,2.0,from_mention,randnorm,2,459,3,262,0,0,0,
banana-grow,,tuning,10,2.0,answer_only,lens,-1,460,3,262,0,0,0,
banana-grow,,tuning,10,2.0,answer_only,randdir,0,547,2,262,0,0,0,
banana-grow,,tuning,10,2.0,answer_only,randdir,1,450,3,262,0,0,0,
banana-grow,,tuning,10,2.0,answer_only,randdir,2,582,2,262,0,0,0,
banana-grow,,tuning,10,2.0,answer_only,randnorm,0,472,2,262,0,0,0,
banana-grow,,tuning,10,2.0,answer_only,randnorm,1,451,3,262,0,0,0,
banana-grow,,tuning,10,2.0,answer_only,randnorm,2,464,3,262,0,0,0,
banana-grow,,tuning,5-6,0.5,all_no_bos,lens,-1,500,2,262,0,0,0,
banana-grow,,tuning,5-6,0.5,all_no_bos,randdir,0,456,3,262,0,0,0,
banana-grow,,tuning,5-6,0.5,all_no_bos,randdir,1,417,3,262,0,0,0,
banana-grow,,tuning,5-6,0.5,all_no_bos,randdir,2,448,3,262,0,0,0,
banana-grow,,tuning,5-6,0.5,all_no_bos,randnorm,0,469,4,262,0,0,0,
banana-grow,,tuning,5-6,0.5,all_no_bos,randnorm,1,340,3,262,0,0,0,
banana-grow,,tuning,5-6,0.5,all_no_bos,randnorm,2,437,3,262,0,0,0,
banana-grow,,tuning,5-6,0.5,from_mention,lens,-1,500,2,262,0,0,0,
banana-grow,,tuning,5-6,0.5,from_mention,randdir,0,456,3,262,0,0,0,
banana-grow,,tuning,5-6,0.5,from_mention,randdir,1,417,3,262,0,0,0,
banana-grow,,tuning,5-6,0.5,from_mention,randdir,2,448,3,262,0,0,0,
banana-grow,,tuning,5-6,0.5,from_mention,randnorm,0,469,4,262,0,0,0,
banana-grow,,tuning,5-6,0.5,from_mention,randnorm,1,340,3,262,0,0,0,
banana-grow,,tuning,5-6,0.5,from_mention,randnorm,2,437,3,262,0,0,0,
banana-grow,,tuning,5-6,0.5,answer_only,lens,-1,473,2,262,0,0,0,
banana-grow,,tuning,5-6,0.5,answer_only,randdir,0,488,3,262,0,0,0,
banana-grow,,tuning,5-6,0.5,answer_only,randdir,1,442,3,262,0,0,0,
banana-grow,,tuning,5-6,0.5,answer_only,randdir,2,461,3,262,0,0,0,
banana-grow,,tuning,5-6,0.5,answer_only,randnorm,0,490,3,262,0,0,0,
banana-grow,,tuning,5-6,0.5,answer_only,randnorm,1,456,3,262,0,0,0,
banana-grow,,tuning,5-6,0.5,answer_only,randnorm,2,461,3,262,0,0,0,
banana-grow,,tuning,5-6,1.0,all_no_bos,lens,-1,489,3,262,0,0,0,
banana-grow,,tuning,5-6,1.0,all_no_bos,randdir,0,458,4,262,0,0,0,
banana-grow,,tuning,5-6,1.0,all_no_bos,randdir,1,366,3,262,0,0,0,
banana-grow,,tuning,5-6,1.0,all_no_bos,randdir,2,432,3,262,0,0,0,
banana-grow,,tuning,5-6,1.0,all_no_bos,randnorm,0,478,4,262,0,0,0,
banana-grow,,tuning,5-6,1.0,all_no_bos,randnorm,1,245,3,262,0,0,0,
banana-grow,,tuning,5-6,1.0,all_no_bos,randnorm,2,375,3,262,0,0,0,
banana-grow,,tuning,5-6,1.0,from_mention,lens,-1,489,3,262,0,0,0,
banana-grow,,tuning,5-6,1.0,from_mention,randdir,0,458,4,262,0,0,0,
banana-grow,,tuning,5-6,1.0,from_mention,randdir,1,366,3,262,0,0,0,
banana-grow,,tuning,5-6,1.0,from_mention,randdir,2,432,3,262,0,0,0,
banana-grow,,tuning,5-6,1.0,from_mention,randnorm,0,478,4,262,0,0,0,
banana-grow,,tuning,5-6,1.0,from_mention,randnorm,1,245,3,262,0,0,0,
banana-grow,,tuning,5-6,1.0,from_mention,randnorm,2,375,3,262,0,0,0,
banana-grow,,tuning,5-6,1.0,answer_only,lens,-1,468,2,262,0,0,0,
banana-grow,,tuning,5-6,1.0,answer_only,randdir,0,509,3,262,0,0,0,
banana-grow,,tuning,5-6,1.0,answer_only,randdir,1,427,3,262,0,0,0,
banana-grow,,tuning,5-6,1.0,answer_only,randdir,2,454,3,262,0,0,0,
banana-grow,,tuning,5-6,1.0,answer_only,randnorm,0,513,3,262,0,0,0,
banana-grow,,tuning,5-6,1.0,answer_only,randnorm,1,445,3,262,0,0,0,
banana-grow,,tuning,5-6,1.0,answer_only,randnorm,2,455,3,262,0,0,0,
banana-grow,,tuning,5-6,2.0,all_no_bos,lens,-1,300,4,262,0,0,0,
banana-grow,,tuning,5-6,2.0,all_no_bos,randdir,0,448,4,262,0,0,0,
banana-grow,,tuning,5-6,2.0,all_no_bos,randdir,1,290,3,262,0,0,0,
banana-grow,,tuning,5-6,2.0,all_no_bos,randdir,2,416,4,262,0,0,0,
banana-grow,,tuning,5-6,2.0,all_no_bos,randnorm,0,513,4,262,0,0,0,
banana-grow,,tuning,5-6,2.0,all_no_bos,randnorm,1,121,4,262,0,0,0,
banana-grow,,tuning,5-6,2.0,all_no_bos,randnorm,2,314,4,262,0,0,0,
banana-grow,,tuning,5-6,2.0,from_mention,lens,-1,300,4,262,0,0,0,
banana-grow,,tuning,5-6,2.0,from_mention,randdir,0,448,4,262,0,0,0,
banana-grow,,tuning,5-6,2.0,from_mention,randdir,1,290,3,262,0,0,0,
banana-grow,,tuning,5-6,2.0,from_mention,randdir,2,416,4,262,0,0,0,
banana-grow,,tuning,5-6,2.0,from_mention,randnorm,0,513,4,262,0,0,0,
banana-grow,,tuning,5-6,2.0,from_mention,randnorm,1,121,4,262,0,0,0,
banana-grow,,tuning,5-6,2.0,from_mention,randnorm,2,314,4,262,0,0,0,
banana-grow,,tuning,5-6,2.0,answer_only,lens,-1,422,3,262,0,0,0,
banana-grow,,tuning,5-6,2.0,answer_only,randdir,0,550,3,262,0,0,0,
banana-grow,,tuning,5-6,2.0,answer_only,randdir,1,391,3,262,0,0,0,
banana-grow,,tuning,5-6,2.0,answer_only,randdir,2,448,4,262,0,0,0,
banana-grow,,tuning,5-6,2.0,answer_only,randnorm,0,562,3,262,0,0,0,
banana-grow,,tuning,5-6,2.0,answer_only,randnorm,1,420,3,262,0,0,0,
banana-grow,,tuning,5-6,2.0,answer_only,randnorm,2,448,3,262,0,0,0,
banana-grow,,tuning,6-7,0.5,all_no_bos,lens,-1,486,2,262,0,0,0,
banana-grow,,tuning,6-7,0.5,all_no_bos,randdir,0,510,3,262,0,0,0,
banana-grow,,tuning,6-7,0.5,all_no_bos,randdir,1,404,3,262,0,0,0,
banana-grow,,tuning,6-7,0.5,all_no_bos,randdir,2,453,3,262,0,0,0,
banana-grow,,tuning,6-7,0.5,all_no_bos,randnorm,0,524,3,262,0,0,0,
banana-grow,,tuning,6-7,0.5,all_no_bos,randnorm,1,369,3,262,0,0,0,
banana-grow,,tuning,6-7,0.5,all_no_bos,randnorm,2,444,3,262,0,0,0,
banana-grow,,tuning,6-7,0.5,from_mention,lens,-1,486,2,262,0,0,0,
banana-grow,,tuning,6-7,0.5,from_mention,randdir,0,510,3,262,0,0,0,
banana-grow,,tuning,6-7,0.5,from_mention,randdir,1,404,3,262,0,0,0,
banana-grow,,tuning,6-7,0.5,from_mention,randdir,2,453,3,262,0,0,0,
banana-grow,,tuning,6-7,0.5,from_mention,randnorm,0,524,3,262,0,0,0,
banana-grow,,tuning,6-7,0.5,from_mention,randnorm,1,369,3,262,0,0,0,
banana-grow,,tuning,6-7,0.5,from_mention,randnorm,2,444,3,262,0,0,0,
banana-grow,,tuning,6-7,0.5,answer_only,lens,-1,474,2,262,0,0,0,
banana-grow,,tuning,6-7,0.5,answer_only,randdir,0,495,3,262,0,0,0,
banana-grow,,tuning,6-7,0.5,answer_only,randdir,1,434,3,262,0,0,0,
banana-grow,,tuning,6-7,0.5,answer_only,randdir,2,455,3,262,0,0,0,
banana-grow,,tuning,6-7,0.5,answer_only,randnorm,0,490,3,262,0,0,0,
banana-grow,,tuning,6-7,0.5,answer_only,randnorm,1,436,3,262,0,0,0,
banana-grow,,tuning,6-7,0.5,answer_only,randnorm,2,445,3,262,0,0,0,
banana-grow,,tuning,6-7,1.0,all_no_bos,lens,-1,524,2,262,0,0,0,
banana-grow,,tuning,6-7,1.0,all_no_bos,randdir,0,577,3,262,0,0,0,
banana-grow,,tuning,6-7,1.0,all_no_bos,randdir,1,356,3,262,0,0,0,
banana-grow,,tuning,6-7,1.0,all_no_bos,randdir,2,457,4,262,0,0,0,
banana-grow,,tuning,6-7,1.0,all_no_bos,randnorm,0,589,3,262,0,0,0,
banana-grow,,tuning,6-7,1.0,all_no_bos,randnorm,1,297,3,262,0,0,0,
banana-grow,,tuning,6-7,1.0,all_no_bos,randnorm,2,407,3,262,0,0,0,
banana-grow,,tuning,6-7,1.0,from_mention,lens,-1,524,2,262,0,0,0,
banana-grow,,tuning,6-7,1.0,from_mention,randdir,0,577,3,262,0,0,0,
banana-grow,,tuning,6-7,1.0,from_mention,randdir,1,356,3,262,0,0,0,
banana-grow,,tuning,6-7,1.0,from_mention,randdir,2,457,4,262,0,0,0,
banana-grow,,tuning,6-7,1.0,from_mention,randnorm,0,589,3,262,0,0,0,
banana-grow,,tuning,6-7,1.0,from_mention,randnorm,1,297,3,262,0,0,0,
banana-grow,,tuning,6-7,1.0,from_mention,randnorm,2,407,3,262,0,0,0,
banana-grow,,tuning,6-7,1.0,answer_only,lens,-1,470,2,262,0,0,0,
banana-grow,,tuning,6-7,1.0,answer_only,randdir,0,537,3,262,0,0,0,
banana-grow,,tuning,6-7,1.0,answer_only,randdir,1,404,3,262,0,0,0,
banana-grow,,tuning,6-7,1.0,answer_only,randdir,2,455,3,262,0,0,0,
banana-grow,,tuning,6-7,1.0,answer_only,randnorm,0,513,3,262,0,0,0,
banana-grow,,tuning,6-7,1.0,answer_only,randnorm,1,404,3,262,0,0,0,
banana-grow,,tuning,6-7,1.0,answer_only,randnorm,2,436,3,262,0,0,0,
banana-grow,,tuning,6-7,2.0,all_no_bos,lens,-1,396,4,262,0,0,0,
banana-grow,,tuning,6-7,2.0,all_no_bos,randdir,0,693,3,262,0,0,0,
banana-grow,,tuning,6-7,2.0,all_no_bos,randdir,1,274,3,262,0,0,0,
banana-grow,,tuning,6-7,2.0,all_no_bos,randdir,2,482,5,262,0,0,0,
banana-grow,,tuning,6-7,2.0,all_no_bos,randnorm,0,675,4,262,0,0,0,
banana-grow,,tuning,6-7,2.0,all_no_bos,randnorm,1,179,3,262,0,0,0,
banana-grow,,tuning,6-7,2.0,all_no_bos,randnorm,2,313,4,262,0,0,0,
banana-grow,,tuning,6-7,2.0,from_mention,lens,-1,396,4,262,0,0,0,
banana-grow,,tuning,6-7,2.0,from_mention,randdir,0,693,3,262,0,0,0,
banana-grow,,tuning,6-7,2.0,from_mention,randdir,1,274,3,262,0,0,0,
banana-grow,,tuning,6-7,2.0,from_mention,randdir,2,482,5,262,0,0,0,
banana-grow,,tuning,6-7,2.0,from_mention,randnorm,0,675,4,262,0,0,0,
banana-grow,,tuning,6-7,2.0,from_mention,randnorm,1,179,3,262,0,0,0,
banana-grow,,tuning,6-7,2.0,from_mention,randnorm,2,313,4,262,0,0,0,
banana-grow,,tuning,6-7,2.0,answer_only,lens,-1,423,3,262,0,0,0,
banana-grow,,tuning,6-7,2.0,answer_only,randdir,0,621,2,262,0,0,0,
banana-grow,,tuning,6-7,2.0,answer_only,randdir,1,373,3,262,0,0,0,
banana-grow,,tuning,6-7,2.0,answer_only,randdir,2,469,3,262,0,0,0,
banana-grow,,tuning,6-7,2.0,answer_only,randnorm,0,578,3,262,0,0,0,
banana-grow,,tuning,6-7,2.0,answer_only,randnorm,1,363,3,262,0,0,0,
banana-grow,,tuning,6-7,2.0,answer_only,randnorm,2,418,3,262,0,0,0,
banana-grow,,tuning,7-8,0.5,all_no_bos,lens,-1,456,2,262,0,0,0,
banana-grow,,tuning,7-8,0.5,all_no_bos,randdir,0,480,2,262,0,0,0,
banana-grow,,tuning,7-8,0.5,all_no_bos,randdir,1,418,2,262,0,0,0,
banana-grow,,tuning,7-8,0.5,all_no_bos,randdir,2,492,3,262,0,0,0,
banana-grow,,tuning,7-8,0.5,all_no_bos,randnorm,0,475,2,262,0,0,0,
banana-grow,,tuning,7-8,0.5,all_no_bos,randnorm,1,380,3,262,0,0,0,
banana-grow,,tuning,7-8,0.5,all_no_bos,randnorm,2,447,3,262,0,0,0,
banana-grow,,tuning,7-8,0.5,from_mention,lens,-1,456,2,262,0,0,0,
banana-grow,,tuning,7-8,0.5,from_mention,randdir,0,480,2,262,0,0,0,
banana-grow,,tuning,7-8,0.5,from_mention,randdir,1,418,2,262,0,0,0,
banana-grow,,tuning,7-8,0.5,from_mention,randdir,2,492,3,262,0,0,0,
banana-grow,,tuning,7-8,0.5,from_mention,randnorm,0,475,2,262,0,0,0,
banana-grow,,tuning,7-8,0.5,from_mention,randnorm,1,380,3,262,0,0,0,
banana-grow,,tuning,7-8,0.5,from_mention,randnorm,2,447,3,262,0,0,0,
banana-grow,,tuning,7-8,0.5,answer_only,lens,-1,475,3,262,0,0,0,
banana-grow,,tuning,7-8,0.5,answer_only,randdir,0,475,2,262,0,0,0,
banana-grow,,tuning,7-8,0.5,answer_only,randdir,1,437,3,262,0,0,0,
banana-grow,,tuning,7-8,0.5,answer_only,randdir,2,465,3,262,0,0,0,
banana-grow,,tuning,7-8,0.5,answer_only,randnorm,0,456,2,262,0,0,0,
banana-grow,,tuning,7-8,0.5,answer_only,randnorm,1,425,3,262,0,0,0,
banana-grow,,tuning,7-8,0.5,answer_only,randnorm,2,455,3,262,0,0,0,
banana-grow,,tuning,7-8,1.0,all_no_bos,lens,-1,459,2,262,0,0,0,
banana-grow,,tuning,7-8,1.0,all_no_bos,randdir,0,504,2,262,0,0,0,
banana-grow,,tuning,7-8,1.0,all_no_bos,randdir,1,393,2,262,0,0,0,
banana-grow,,tuning,7-8,1.0,all_no_bos,randdir,2,530,4,262,0,0,0,
banana-grow,,tuning,7-8,1.0,all_no_bos,randnorm,0,486,2,262,0,0,0,
banana-grow,,tuning,7-8,1.0,all_no_bos,randnorm,1,315,3,262,0,0,0,
banana-grow,,tuning,7-8,1.0,all_no_bos,randnorm,2,419,4,262,0,0,0,
banana-grow,,tuning,7-8,1.0,from_mention,lens,-1,459,2,262,0,0,0,
banana-grow,,tuning,7-8,1.0,from_mention,randdir,0,504,2,262,0,0,0,
banana-grow,,tuning,7-8,1.0,from_mention,randdir,1,393,2,262,0,0,0,
banana-grow,,tuning,7-8,1.0,from_mention,randdir,2,530,4,262,0,0,0,
banana-grow,,tuning,7-8,1.0,from_mention,randnorm,0,486,2,262,0,0,0,
banana-grow,,tuning,7-8,1.0,from_mention,randnorm,1,315,3,262,0,0,0,
banana-grow,,tuning,7-8,1.0,from_mention,randnorm,2,419,4,262,0,0,0,
banana-grow,,tuning,7-8,1.0,answer_only,lens,-1,466,2,262,0,0,0,
banana-grow,,tuning,7-8,1.0,answer_only,randdir,0,489,2,262,0,0,0,
banana-grow,,tuning,7-8,1.0,answer_only,randdir,1,411,3,262,0,0,0,
banana-grow,,tuning,7-8,1.0,answer_only,randdir,2,470,3,262,0,0,0,
banana-grow,,tuning,7-8,1.0,answer_only,randnorm,0,450,2,262,0,0,0,
banana-grow,,tuning,7-8,1.0,answer_only,randnorm,1,404,3,262,0,0,0,
banana-grow,,tuning,7-8,1.0,answer_only,randnorm,2,445,3,262,0,0,0,
banana-grow,,tuning,7-8,2.0,all_no_bos,lens,-1,442,4,262,0,0,0,
banana-grow,,tuning,7-8,2.0,all_no_bos,randdir,0,597,2,262,0,0,0,
banana-grow,,tuning,7-8,2.0,all_no_bos,randdir,1,340,2,262,0,0,0,
banana-grow,,tuning,7-8,2.0,all_no_bos,randdir,2,642,4,262,0,0,0,
banana-grow,,tuning,7-8,2.0,all_no_bos,randnorm,0,524,2,262,0,0,0,
banana-grow,,tuning,7-8,2.0,all_no_bos,randnorm,1,244,3,262,0,0,0,
banana-grow,,tuning,7-8,2.0,all_no_bos,randnorm,2,341,4,262,0,0,0,
banana-grow,,tuning,7-8,2.0,from_mention,lens,-1,442,4,262,0,0,0,
banana-grow,,tuning,7-8,2.0,from_mention,randdir,0,597,2,262,0,0,0,
banana-grow,,tuning,7-8,2.0,from_mention,randdir,1,340,2,262,0,0,0,
banana-grow,,tuning,7-8,2.0,from_mention,randdir,2,642,4,262,0,0,0,
banana-grow,,tuning,7-8,2.0,from_mention,randnorm,0,524,2,262,0,0,0,
banana-grow,,tuning,7-8,2.0,from_mention,randnorm,1,244,3,262,0,0,0,
banana-grow,,tuning,7-8,2.0,from_mention,randnorm,2,341,4,262,0,0,0,
banana-grow,,tuning,7-8,2.0,answer_only,lens,-1,389,2,262,0,0,0,
banana-grow,,tuning,7-8,2.0,answer_only,randdir,0,516,2,262,0,0,0,
banana-grow,,tuning,7-8,2.0,answer_only,randdir,1,386,3,262,0,0,0,
banana-grow,,tuning,7-8,2.0,answer_only,randdir,2,474,3,262,0,0,0,
banana-grow,,tuning,7-8,2.0,answer_only,randnorm,0,438,2,262,0,0,0,
banana-grow,,tuning,7-8,2.0,answer_only,randnorm,1,356,3,262,0,0,0,
banana-grow,,tuning,7-8,2.0,answer_only,randnorm,2,433,3,262,0,0,0,
banana-grow,,tuning,8-9,0.5,all_no_bos,lens,-1,462,2,262,0,0,0,
banana-grow,,tuning,8-9,0.5,all_no_bos,randdir,0,452,2,262,0,0,0,
banana-grow,,tuning,8-9,0.5,all_no_bos,randdir,1,434,2,262,0,0,0,
banana-grow,,tuning,8-9,0.5,all_no_bos,randdir,2,522,3,262,0,0,0,
banana-grow,,tuning,8-9,0.5,all_no_bos,randnorm,0,416,2,262,0,0,0,
banana-grow,,tuning,8-9,0.5,all_no_bos,randnorm,1,430,3,262,0,0,0,
banana-grow,,tuning,8-9,0.5,all_no_bos,randnorm,2,502,3,262,0,0,0,
banana-grow,,tuning,8-9,0.5,from_mention,lens,-1,462,2,262,0,0,0,
banana-grow,,tuning,8-9,0.5,from_mention,randdir,0,452,2,262,0,0,0,
banana-grow,,tuning,8-9,0.5,from_mention,randdir,1,434,2,262,0,0,0,
banana-grow,,tuning,8-9,0.5,from_mention,randdir,2,522,3,262,0,0,0,
banana-grow,,tuning,8-9,0.5,from_mention,randnorm,0,416,2,262,0,0,0,
banana-grow,,tuning,8-9,0.5,from_mention,randnorm,1,430,3,262,0,0,0,
banana-grow,,tuning,8-9,0.5,from_mention,randnorm,2,502,3,262,0,0,0,
banana-grow,,tuning,8-9,0.5,answer_only,lens,-1,469,3,262,0,0,0,
banana-grow,,tuning,8-9,0.5,answer_only,randdir,0,451,3,262,0,0,0,
banana-grow,,tuning,8-9,0.5,answer_only,randdir,1,449,2,262,0,0,0,
banana-grow,,tuning,8-9,0.5,answer_only,randdir,2,473,3,262,0,0,0,
banana-grow,,tuning,8-9,0.5,answer_only,randnorm,0,437,2,262,0,0,0,
banana-grow,,tuning,8-9,0.5,answer_only,randnorm,1,448,3,262,0,0,0,
banana-grow,,tuning,8-9,0.5,answer_only,randnorm,2,473,3,262,0,0,0,
banana-grow,,tuning,8-9,1.0,all_no_bos,lens,-1,468,2,262,0,0,0,
banana-grow,,tuning,8-9,1.0,all_no_bos,randdir,0,441,2,262,0,0,0,
banana-grow,,tuning,8-9,1.0,all_no_bos,randdir,1,411,2,262,0,0,0,
banana-grow,,tuning,8-9,1.0,all_no_bos,randdir,2,604,3,262,0,0,0,
banana-grow,,tuning,8-9,1.0,all_no_bos,randnorm,0,376,2,262,0,0,0,
banana-grow,,tuning,8-9,1.0,all_no_bos,randnorm,1,403,2,262,0,0,0,
banana-grow,,tuning,8-9,1.0,all_no_bos,randnorm,2,541,3,262,0,0,0,
banana-grow,,tuning,8-9,1.0,from_mention,lens,-1,468,2,262,0,0,0,
banana-grow,,tuning,8-9,1.0,from_mention,randdir,0,441,2,262,0,0,0,
banana-grow,,tuning,8-9,1.0,from_mention,randdir,1,411,2,262,0,0,0,
banana-grow,,tuning,8-9,1.0,from_mention,randdir,2,604,3,262,0,0,0,
banana-grow,,tuning,8-9,1.0,from_mention,randnorm,0,376,2,262,0,0,0,
banana-grow,,tuning,8-9,1.0,from_mention,randnorm,1,403,2,262,0,0,0,
banana-grow,,tuning,8-9,1.0,from_mention,randnorm,2,541,3,262,0,0,0,
banana-grow,,tuning,8-9,1.0,answer_only,lens,-1,471,3,262,0,0,0,
banana-grow,,tuning,8-9,1.0,answer_only,randdir,0,435,2,262,0,0,0,
banana-grow,,tuning,8-9,1.0,answer_only,randdir,1,431,2,262,0,0,0,
banana-grow,,tuning,8-9,1.0,answer_only,randdir,2,479,2,262,0,0,0,
banana-grow,,tuning,8-9,1.0,answer_only,randnorm,0,420,2,262,0,0,0,
banana-grow,,tuning,8-9,1.0,answer_only,randnorm,1,434,3,262,0,0,0,
banana-grow,,tuning,8-9,1.0,answer_only,randnorm,2,483,2,262,0,0,0,
banana-grow,,tuning,8-9,2.0,all_no_bos,lens,-1,475,4,262,0,0,0,
banana-grow,,tuning,8-9,2.0,all_no_bos,randdir,0,416,2,262,0,0,0,
banana-grow,,tuning,8-9,2.0,all_no_bos,randdir,1,378,2,262,0,0,0,
banana-grow,,tuning,8-9,2.0,all_no_bos,randdir,2,792,4,262,0,0,0,
banana-grow,,tuning,8-9,2.0,all_no_bos,randnorm,0,295,2,262,0,0,0,
banana-grow,,tuning,8-9,2.0,all_no_bos,randnorm,1,334,2,262,0,0,0,
banana-grow,,tuning,8-9,2.0,all_no_bos,randnorm,2,585,4,262,0,0,0,
banana-grow,,tuning,8-9,2.0,from_mention,lens,-1,475,4,262,0,0,0,
banana-grow,,tuning,8-9,2.0,from_mention,randdir,0,416,2,262,0,0,0,
banana-grow,,tuning,8-9,2.0,from_mention,randdir,1,378,2,262,0,0,0,
banana-grow,,tuning,8-9,2.0,from_mention,randdir,2,792,4,262,0,0,0,
banana-grow,,tuning,8-9,2.0,from_mention,randnorm,0,295,2,262,0,0,0,
banana-grow,,tuning,8-9,2.0,from_mention,randnorm,1,334,2,262,0,0,0,
banana-grow,,tuning,8-9,2.0,from_mention,randnorm,2,585,4,262,0,0,0,
banana-grow,,tuning,8-9,2.0,answer_only,lens,-1,461,3,262,0,0,0,
banana-grow,,tuning,8-9,2.0,answer_only,randdir,0,418,2,262,0,0,0,
banana-grow,,tuning,8-9,2.0,answer_only,randdir,1,410,2,262,0,0,0,
banana-grow,,tuning,8-9,2.0,answer_only,randdir,2,493,2,262,0,0,0,
banana-grow,,tuning,8-9,2.0,answer_only,randnorm,0,383,2,262,0,0,0,
banana-grow,,tuning,8-9,2.0,answer_only,randnorm,1,412,2,262,0,0,0,
banana-grow,,tuning,8-9,2.0,answer_only,randnorm,2,507,2,262,0,0,0,
banana-grow,,tuning,6-7-8,0.5,all_no_bos,lens,-1,491,2,262,0,0,0,
banana-grow,,tuning,6-7-8,0.5,all_no_bos,randdir,0,503,3,262,0,0,0,
banana-grow,,tuning,6-7-8,0.5,all_no_bos,randdir,1,387,3,262,0,0,0,
banana-grow,,tuning,6-7-8,0.5,all_no_bos,randdir,2,491,3,262,0,0,0,
banana-grow,,tuning,6-7-8,0.5,all_no_bos,randnorm,0,479,3,262,0,0,0,
banana-grow,,tuning,6-7-8,0.5,all_no_bos,randnorm,1,348,3,262,0,0,0,
banana-grow,,tuning,6-7-8,0.5,all_no_bos,randnorm,2,463,3,262,0,0,0,
banana-grow,,tuning,6-7-8,0.5,from_mention,lens,-1,491,2,262,0,0,0,
banana-grow,,tuning,6-7-8,0.5,from_mention,randdir,0,503,3,262,0,0,0,
banana-grow,,tuning,6-7-8,0.5,from_mention,randdir,1,387,3,262,0,0,0,
banana-grow,,tuning,6-7-8,0.5,from_mention,randdir,2,491,3,262,0,0,0,
banana-grow,,tuning,6-7-8,0.5,from_mention,randnorm,0,479,3,262,0,0,0,
banana-grow,,tuning,6-7-8,0.5,from_mention,randnorm,1,348,3,262,0,0,0,
banana-grow,,tuning,6-7-8,0.5,from_mention,randnorm,2,463,3,262,0,0,0,
banana-grow,,tuning,6-7-8,0.5,answer_only,lens,-1,474,2,262,0,0,0,
banana-grow,,tuning,6-7-8,0.5,answer_only,randdir,0,491,3,262,0,0,0,
banana-grow,,tuning,6-7-8,0.5,answer_only,randdir,1,419,3,262,0,0,0,
banana-grow,,tuning,6-7-8,0.5,answer_only,randdir,2,468,3,262,0,0,0,
banana-grow,,tuning,6-7-8,0.5,answer_only,randnorm,0,472,2,262,0,0,0,
banana-grow,,tuning,6-7-8,0.5,answer_only,randnorm,1,417,3,262,0,0,0,
banana-grow,,tuning,6-7-8,0.5,answer_only,randnorm,2,454,3,262,0,0,0,
banana-grow,,tuning,6-7-8,1.0,all_no_bos,lens,-1,519,2,262,0,0,0,
banana-grow,,tuning,6-7-8,1.0,all_no_bos,randdir,0,581,2,262,0,0,0,
banana-grow,,tuning,6-7-8,1.0,all_no_bos,randdir,1,329,3,262,0,0,0,
banana-grow,,tuning,6-7-8,1.0,all_no_bos,randdir,2,540,4,262,0,0,0,
banana-grow,,tuning,6-7-8,1.0,all_no_bos,randnorm,0,501,3,262,0,0,0,
banana-grow,,tuning,6-7-8,1.0,all_no_bos,randnorm,1,270,3,262,0,0,0,
banana-grow,,tuning,6-7-8,1.0,all_no_bos,randnorm,2,444,4,262,0,0,0,
banana-grow,,tuning,6-7-8,1.0,from_mention,lens,-1,519,2,262,0,0,0,
banana-grow,,tuning,6-7-8,1.0,from_mention,randdir,0,581,2,262,0,0,0,
banana-grow,,tuning,6-7-8,1.0,from_mention,randdir,1,329,3,262,0,0,0,
banana-grow,,tuning,6-7-8,1.0,from_mention,randdir,2,540,4,262,0,0,0,
banana-grow,,tuning,6-7-8,1.0,from_mention,randnorm,0,501,3,262,0,0,0,
banana-grow,,tuning,6-7-8,1.0,from_mention,randnorm,1,270,3,262,0,0,0,
banana-grow,,tuning,6-7-8,1.0,from_mention,randnorm,2,444,4,262,0,0,0,
banana-grow,,tuning,6-7-8,1.0,answer_only,lens,-1,476,2,262,0,0,0,
banana-grow,,tuning,6-7-8,1.0,answer_only,randdir,0,529,2,262,0,0,0,
banana-grow,,tuning,6-7-8,1.0,answer_only,randdir,1,390,3,262,0,0,0,
banana-grow,,tuning,6-7-8,1.0,answer_only,randdir,2,467,3,262,0,0,0,
banana-grow,,tuning,6-7-8,1.0,answer_only,randnorm,0,480,2,262,0,0,0,
banana-grow,,tuning,6-7-8,1.0,answer_only,randnorm,1,386,3,262,0,0,0,
banana-grow,,tuning,6-7-8,1.0,answer_only,randnorm,2,447,3,262,0,0,0,
banana-grow,,tuning,6-7-8,2.0,all_no_bos,lens,-1,799,6,262,0,0,0,
banana-grow,,tuning,6-7-8,2.0,all_no_bos,randdir,0,724,3,262,0,0,0,
banana-grow,,tuning,6-7-8,2.0,all_no_bos,randdir,1,230,2,262,0,0,0,
banana-grow,,tuning,6-7-8,2.0,all_no_bos,randdir,2,653,5,262,0,0,0,
banana-grow,,tuning,6-7-8,2.0,all_no_bos,randnorm,0,501,3,262,0,0,0,
banana-grow,,tuning,6-7-8,2.0,all_no_bos,randnorm,1,145,3,262,0,0,0,
banana-grow,,tuning,6-7-8,2.0,all_no_bos,randnorm,2,367,4,262,0,0,0,
banana-grow,,tuning,6-7-8,2.0,from_mention,lens,-1,799,6,262,0,0,0,
banana-grow,,tuning,6-7-8,2.0,from_mention,randdir,0,724,3,262,0,0,0,
banana-grow,,tuning,6-7-8,2.0,from_mention,randdir,1,230,2,262,0,0,0,
banana-grow,,tuning,6-7-8,2.0,from_mention,randdir,2,653,5,262,0,0,0,
banana-grow,,tuning,6-7-8,2.0,from_mention,randnorm,0,501,3,262,0,0,0,
banana-grow,,tuning,6-7-8,2.0,from_mention,randnorm,1,145,3,262,0,0,0,
banana-grow,,tuning,6-7-8,2.0,from_mention,randnorm,2,367,4,262,0,0,0,
banana-grow,,tuning,6-7-8,2.0,answer_only,lens,-1,613,5,262,0,0,0,
banana-grow,,tuning,6-7-8,2.0,answer_only,randdir,0,609,2,262,0,0,0,
banana-grow,,tuning,6-7-8,2.0,answer_only,randdir,1,349,3,262,0,0,0,
banana-grow,,tuning,6-7-8,2.0,answer_only,randdir,2,491,3,262,0,0,0,
banana-grow,,tuning,6-7-8,2.0,answer_only,randnorm,0,491,2,262,0,0,0,
banana-grow,,tuning,6-7-8,2.0,answer_only,randnorm,1,326,3,262,0,0,0,
banana-grow,,tuning,6-7-8,2.0,answer_only,randnorm,2,440,3,262,0,0,0,
banana-grow,,tuning,7-8-9,0.5,all_no_bos,lens,-1,456,2,262,0,0,0,
banana-grow,,tuning,7-8-9,0.5,all_no_bos,randdir,0,476,2,262,0,0,0,
banana-grow,,tuning,7-8-9,0.5,all_no_bos,randdir,1,418,2,262,0,0,0,
banana-grow,,tuning,7-8-9,0.5,all_no_bos,randdir,2,525,3,262,0,0,0,
banana-grow,,tuning,7-8-9,0.5,all_no_bos,randnorm,0,474,2,262,0,0,0,
banana-grow,,tuning,7-8-9,0.5,all_no_bos,randnorm,1,383,3,262,0,0,0,
banana-grow,,tuning,7-8-9,0.5,all_no_bos,randnorm,2,464,3,262,0,0,0,
banana-grow,,tuning,7-8-9,0.5,from_mention,lens,-1,456,2,262,0,0,0,
banana-grow,,tuning,7-8-9,0.5,from_mention,randdir,0,476,2,262,0,0,0,
banana-grow,,tuning,7-8-9,0.5,from_mention,randdir,1,418,2,262,0,0,0,
banana-grow,,tuning,7-8-9,0.5,from_mention,randdir,2,525,3,262,0,0,0,
banana-grow,,tuning,7-8-9,0.5,from_mention,randnorm,0,474,2,262,0,0,0,
banana-grow,,tuning,7-8-9,0.5,from_mention,randnorm,1,383,3,262,0,0,0,
banana-grow,,tuning,7-8-9,0.5,from_mention,randnorm,2,464,3,262,0,0,0,
banana-grow,,tuning,7-8-9,0.5,answer_only,lens,-1,472,3,262,0,0,0,
banana-grow,,tuning,7-8-9,0.5,answer_only,randdir,0,470,2,262,0,0,0,
banana-grow,,tuning,7-8-9,0.5,answer_only,randdir,1,431,3,262,0,0,0,
banana-grow,,tuning,7-8-9,0.5,answer_only,randdir,2,467,3,262,0,0,0,
banana-grow,,tuning,7-8-9,0.5,answer_only,randnorm,0,454,2,262,0,0,0,
banana-grow,,tuning,7-8-9,0.5,answer_only,randnorm,1,426,3,262,0,0,0,
banana-grow,,tuning,7-8-9,0.5,answer_only,randnorm,2,457,3,262,0,0,0,
banana-grow,,tuning,7-8-9,1.0,all_no_bos,lens,-1,448,2,262,0,0,0,
banana-grow,,tuning,7-8-9,1.0,all_no_bos,randdir,0,505,2,262,0,0,0,
banana-grow,,tuning,7-8-9,1.0,all_no_bos,randdir,1,387,2,262,0,0,0,
banana-grow,,tuning,7-8-9,1.0,all_no_bos,randdir,2,600,4,262,0,0,0,
banana-grow,,tuning,7-8-9,1.0,all_no_bos,randnorm,0,485,2,262,0,0,0,
banana-grow,,tuning,7-8-9,1.0,all_no_bos,randnorm,1,314,3,262,0,0,0,
banana-grow,,tuning,7-8-9,1.0,all_no_bos,randnorm,2,459,4,262,0,0,0,
banana-grow,,tuning,7-8-9,1.0,from_mention,lens,-1,448,2,262,0,0,0,
banana-grow,,tuning,7-8-9,1.0,from_mention,randdir,0,505,2,262,0,0,0,
banana-grow,,tuning,7-8-9,1.0,from_mention,randdir,1,387,2,262,0,0,0,
banana-grow,,tuning,7-8-9,1.0,from_mention,randdir,2,600,4,262,0,0,0,
banana-grow,,tuning,7-8-9,1.0,from_mention,randnorm,0,485,2,262,0,0,0,
banana-grow,,tuning,7-8-9,1.0,from_mention,randnorm,1,314,3,262,0,0,0,
banana-grow,,tuning,7-8-9,1.0,from_mention,randnorm,2,459,4,262,0,0,0,
banana-grow,,tuning,7-8-9,1.0,answer_only,lens,-1,465,2,262,0,0,0,
banana-grow,,tuning,7-8-9,1.0,answer_only,randdir,0,480,2,262,0,0,0,
banana-grow,,tuning,7-8-9,1.0,answer_only,randdir,1,408,2,262,0,0,0,
banana-grow,,tuning,7-8-9,1.0,answer_only,randdir,2,473,3,262,0,0,0,
banana-grow,,tuning,7-8-9,1.0,answer_only,randnorm,0,444,2,262,0,0,0,
banana-grow,,tuning,7-8-9,1.0,answer_only,randnorm,1,403,3,262,0,0,0,
banana-grow,,tuning,7-8-9,1.0,answer_only,randnorm,2,449,3,262,0,0,0,
banana-grow,,tuning,7-8-9,2.0,all_no_bos,lens,-1,654,4,262,0,0,0,
banana-grow,,tuning,7-8-9,2.0,all_no_bos,randdir,0,566,2,262,0,0,0,
banana-grow,,tuning,7-8-9,2.0,all_no_bos,randdir,1,331,2,262,0,0,0,
banana-grow,,tuning,7-8-9,2.0,all_no_bos,randdir,2,788,4,262,0,0,0,
banana-grow,,tuning,7-8-9,2.0,all_no_bos,randnorm,0,506,2,262,0,0,0,
banana-grow,,tuning,7-8-9,2.0,all_no_bos,randnorm,1,228,3,262,0,0,0,
banana-grow,,tuning,7-8-9,2.0,all_no_bos,randnorm,2,433,4,262,0,0,0,
banana-grow,,tuning,7-8-9,2.0,from_mention,lens,-1,654,4,262,0,0,0,
banana-grow,,tuning,7-8-9,2.0,from_mention,randdir,0,566,2,262,0,0,0,
banana-grow,,tuning,7-8-9,2.0,from_mention,randdir,1,331,2,262,0,0,0,
banana-grow,,tuning,7-8-9,2.0,from_mention,randdir,2,788,4,262,0,0,0,
banana-grow,,tuning,7-8-9,2.0,from_mention,randnorm,0,506,2,262,0,0,0,
banana-grow,,tuning,7-8-9,2.0,from_mention,randnorm,1,228,3,262,0,0,0,
banana-grow,,tuning,7-8-9,2.0,from_mention,randnorm,2,433,4,262,0,0,0,
banana-grow,,tuning,7-8-9,2.0,answer_only,lens,-1,450,4,262,0,0,0,
banana-grow,,tuning,7-8-9,2.0,answer_only,randdir,0,502,2,262,0,0,0,
banana-grow,,tuning,7-8-9,2.0,answer_only,randdir,1,378,2,262,0,0,0,
banana-grow,,tuning,7-8-9,2.0,answer_only,randdir,2,474,3,262,0,0,0,
banana-grow,,tuning,7-8-9,2.0,answer_only,randnorm,0,415,2,262,0,0,0,
banana-grow,,tuning,7-8-9,2.0,answer_only,randnorm,1,354,3,262,0,0,0,
banana-grow,,tuning,7-8-9,2.0,answer_only,randnorm,2,443,3,262,0,0,0,
bee-product,,heldout,3,0.5,all_no_bos,lens,-1,2,1,12498,1,0,0,
bee-product,,heldout,3,0.5,all_no_bos,randdir,0,3,1,12498,1,0,0,
bee-product,,heldout,3,0.5,all_no_bos,randdir,1,3,1,12498,1,0,0,
bee-product,,heldout,3,0.5,all_no_bos,randdir,2,3,1,12498,1,0,0,
bee-product,,heldout,3,0.5,all_no_bos,randnorm,0,4,1,12498,1,0,0,
bee-product,,heldout,3,0.5,all_no_bos,randnorm,1,3,1,12498,1,0,0,
bee-product,,heldout,3,0.5,all_no_bos,randnorm,2,3,1,12498,1,0,0,
bee-product,,heldout,3,0.5,from_mention,lens,-1,2,1,12498,1,0,0,
bee-product,,heldout,3,0.5,from_mention,randdir,0,3,1,12498,1,0,0,
bee-product,,heldout,3,0.5,from_mention,randdir,1,3,1,12498,1,0,0,
bee-product,,heldout,3,0.5,from_mention,randdir,2,3,1,12498,1,0,0,
bee-product,,heldout,3,0.5,from_mention,randnorm,0,4,1,12498,1,0,0,
bee-product,,heldout,3,0.5,from_mention,randnorm,1,3,1,12498,1,0,0,
bee-product,,heldout,3,0.5,from_mention,randnorm,2,3,1,12498,1,0,0,
bee-product,,heldout,3,0.5,answer_only,lens,-1,3,1,12498,1,0,0,
bee-product,,heldout,3,0.5,answer_only,randdir,0,3,1,12498,1,0,0,
bee-product,,heldout,3,0.5,answer_only,randdir,1,3,1,12498,1,0,0,
bee-product,,heldout,3,0.5,answer_only,randdir,2,3,1,12498,1,0,0,
bee-product,,heldout,3,0.5,answer_only,randnorm,0,3,1,12498,1,0,0,
bee-product,,heldout,3,0.5,answer_only,randnorm,1,3,1,12498,1,0,0,
bee-product,,heldout,3,0.5,answer_only,randnorm,2,3,1,12498,1,0,0,
bee-product,,heldout,3,1.0,all_no_bos,lens,-1,1,3,7545,1,1,1,
bee-product,,heldout,3,1.0,all_no_bos,randdir,0,3,1,12498,1,0,0,
bee-product,,heldout,3,1.0,all_no_bos,randdir,1,3,1,12498,1,0,0,
bee-product,,heldout,3,1.0,all_no_bos,randdir,2,3,1,12498,1,0,0,
bee-product,,heldout,3,1.0,all_no_bos,randnorm,0,4,1,12498,1,0,0,
bee-product,,heldout,3,1.0,all_no_bos,randnorm,1,3,1,12498,1,0,0,
bee-product,,heldout,3,1.0,all_no_bos,randnorm,2,3,1,12498,1,0,0,
bee-product,,heldout,3,1.0,from_mention,lens,-1,1,3,7545,1,1,1,
bee-product,,heldout,3,1.0,from_mention,randdir,0,3,1,12498,1,0,0,
bee-product,,heldout,3,1.0,from_mention,randdir,1,3,1,12498,1,0,0,
bee-product,,heldout,3,1.0,from_mention,randdir,2,3,1,12498,1,0,0,
bee-product,,heldout,3,1.0,from_mention,randnorm,0,4,1,12498,1,0,0,
bee-product,,heldout,3,1.0,from_mention,randnorm,1,3,1,12498,1,0,0,
bee-product,,heldout,3,1.0,from_mention,randnorm,2,3,1,12498,1,0,0,
bee-product,,heldout,3,1.0,answer_only,lens,-1,3,1,12498,1,0,0,
bee-product,,heldout,3,1.0,answer_only,randdir,0,3,1,12498,1,0,0,
bee-product,,heldout,3,1.0,answer_only,randdir,1,3,1,12498,1,0,0,
bee-product,,heldout,3,1.0,answer_only,randdir,2,3,1,12498,1,0,0,
bee-product,,heldout,3,1.0,answer_only,randnorm,0,3,1,12498,1,0,0,
bee-product,,heldout,3,1.0,answer_only,randnorm,1,3,1,12498,1,0,0,
bee-product,,heldout,3,1.0,answer_only,randnorm,2,3,1,12498,1,0,0,
bee-product,,heldout,3,2.0,all_no_bos,lens,-1,1,3,7545,1,1,1,
bee-product,,heldout,3,2.0,all_no_bos,randdir,0,4,1,12498,1,0,0,
bee-product,,heldout,3,2.0,all_no_bos,randdir,1,3,1,12498,1,0,0,
bee-product,,heldout,3,2.0,all_no_bos,randdir,2,4,1,12498,1,0,0,
bee-product,,heldout,3,2.0,all_no_bos,randnorm,0,6,2,262,0,0,0,
bee-product,,heldout,3,2.0,all_no_bos,randnorm,1,2,1,12498,1,0,0,
bee-product,,heldout,3,2.0,all_no_bos,randnorm,2,4,1,12498,1,0,0,
bee-product,,heldout,3,2.0,from_mention,lens,-1,1,3,7545,1,1,1,
bee-product,,heldout,3,2.0,from_mention,randdir,0,4,1,12498,1,0,0,
bee-product,,heldout,3,2.0,from_mention,randdir,1,3,1,12498,1,0,0,
bee-product,,heldout,3,2.0,from_mention,randdir,2,4,1,12498,1,0,0,
bee-product,,heldout,3,2.0,from_mention,randnorm,0,6,2,262,0,0,0,
bee-product,,heldout,3,2.0,from_mention,randnorm,1,2,1,12498,1,0,0,
bee-product,,heldout,3,2.0,from_mention,randnorm,2,4,1,12498,1,0,0,
bee-product,,heldout,3,2.0,answer_only,lens,-1,3,1,12498,1,0,0,
bee-product,,heldout,3,2.0,answer_only,randdir,0,3,1,12498,1,0,0,
bee-product,,heldout,3,2.0,answer_only,randdir,1,3,1,12498,1,0,0,
bee-product,,heldout,3,2.0,answer_only,randdir,2,3,1,12498,1,0,0,
bee-product,,heldout,3,2.0,answer_only,randnorm,0,3,1,12498,1,0,0,
bee-product,,heldout,3,2.0,answer_only,randnorm,1,3,1,12498,1,0,0,
bee-product,,heldout,3,2.0,answer_only,randnorm,2,3,1,12498,1,0,0,
bee-product,,heldout,4,0.5,all_no_bos,lens,-1,2,1,12498,1,0,0,
bee-product,,heldout,4,0.5,all_no_bos,randdir,0,3,1,12498,1,0,0,
bee-product,,heldout,4,0.5,all_no_bos,randdir,1,3,1,12498,1,0,0,
bee-product,,heldout,4,0.5,all_no_bos,randdir,2,3,1,12498,1,0,0,
bee-product,,heldout,4,0.5,all_no_bos,randnorm,0,3,1,12498,1,0,0,
bee-product,,heldout,4,0.5,all_no_bos,randnorm,1,3,1,12498,1,0,0,
bee-product,,heldout,4,0.5,all_no_bos,randnorm,2,3,1,12498,1,0,0,
bee-product,,heldout,4,0.5,from_mention,lens,-1,2,1,12498,1,0,0,
bee-product,,heldout,4,0.5,from_mention,randdir,0,3,1,12498,1,0,0,
bee-product,,heldout,4,0.5,from_mention,randdir,1,3,1,12498,1,0,0,
bee-product,,heldout,4,0.5,from_mention,randdir,2,3,1,12498,1,0,0,
bee-product,,heldout,4,0.5,from_mention,randnorm,0,3,1,12498,1,0,0,
bee-product,,heldout,4,0.5,from_mention,randnorm,1,3,1,12498,1,0,0,
bee-product,,heldout,4,0.5,from_mention,randnorm,2,3,1,12498,1,0,0,
bee-product,,heldout,4,0.5,answer_only,lens,-1,3,1,12498,1,0,0,
bee-product,,heldout,4,0.5,answer_only,randdir,0,3,1,12498,1,0,0,
bee-product,,heldout,4,0.5,answer_only,randdir,1,3,1,12498,1,0,0,
bee-product,,heldout,4,0.5,answer_only,randdir,2,3,1,12498,1,0,0,
bee-product,,heldout,4,0.5,answer_only,randnorm,0,3,1,12498,1,0,0,
bee-product,,heldout,4,0.5,answer_only,randnorm,1,3,1,12498,1,0,0,
bee-product,,heldout,4,0.5,answer_only,randnorm,2,3,1,12498,1,0,0,
bee-product,,heldout,4,1.0,all_no_bos,lens,-1,1,3,7545,1,1,1,
bee-product,,heldout,4,1.0,all_no_bos,randdir,0,3,1,12498,1,0,0,
bee-product,,heldout,4,1.0,all_no_bos,randdir,1,2,1,12498,1,0,0,
bee-product,,heldout,4,1.0,all_no_bos,randdir,2,3,1,12498,1,0,0,
bee-product,,heldout,4,1.0,all_no_bos,randnorm,0,2,1,12498,1,0,0,
bee-product,,heldout,4,1.0,all_no_bos,randnorm,1,3,1,12498,1,0,0,
bee-product,,heldout,4,1.0,all_no_bos,randnorm,2,4,1,12498,1,0,0,
bee-product,,heldout,4,1.0,from_mention,lens,-1,1,3,7545,1,1,1,
bee-product,,heldout,4,1.0,from_mention,randdir,0,3,1,12498,1,0,0,
bee-product,,heldout,4,1.0,from_mention,randdir,1,2,1,12498,1,0,0,
bee-product,,heldout,4,1.0,from_mention,randdir,2,3,1,12498,1,0,0,
bee-product,,heldout,4,1.0,from_mention,randnorm,0,2,1,12498,1,0,0,
bee-product,,heldout,4,1.0,from_mention,randnorm,1,3,1,12498,1,0,0,
bee-product,,heldout,4,1.0,from_mention,randnorm,2,4,1,12498,1,0,0,
bee-product,,heldout,4,1.0,answer_only,lens,-1,3,1,12498,1,0,0,
bee-product,,heldout,4,1.0,answer_only,randdir,0,3,1,12498,1,0,0,
bee-product,,heldout,4,1.0,answer_only,randdir,1,3,1,12498,1,0,0,
bee-product,,heldout,4,1.0,answer_only,randdir,2,3,1,12498,1,0,0,
bee-product,,heldout,4,1.0,answer_only,randnorm,0,3,1,12498,1,0,0,
bee-product,,heldout,4,1.0,answer_only,randnorm,1,3,1,12498,1,0,0,
bee-product,,heldout,4,1.0,answer_only,randnorm,2,3,1,12498,1,0,0,
bee-product,,heldout,4,2.0,all_no_bos,lens,-1,1,4,7545,1,1,1,
bee-product,,heldout,4,2.0,all_no_bos,randdir,0,3,1,12498,1,0,0,
bee-product,,heldout,4,2.0,all_no_bos,randdir,1,2,1,12498,1,0,0,
bee-product,,heldout,4,2.0,all_no_bos,randdir,2,2,1,12498,1,0,0,
bee-product,,heldout,4,2.0,all_no_bos,randnorm,0,2,1,12498,1,0,0,
bee-product,,heldout,4,2.0,all_no_bos,randnorm,1,4,1,12498,1,0,0,
bee-product,,heldout,4,2.0,all_no_bos,randnorm,2,4,2,257,1,0,0,
bee-product,,heldout,4,2.0,from_mention,lens,-1,1,4,7545,1,1,1,
bee-product,,heldout,4,2.0,from_mention,randdir,0,3,1,12498,1,0,0,
bee-product,,heldout,4,2.0,from_mention,randdir,1,2,1,12498,1,0,0,
bee-product,,heldout,4,2.0,from_mention,randdir,2,2,1,12498,1,0,0,
bee-product,,heldout,4,2.0,from_mention,randnorm,0,2,1,12498,1,0,0,
bee-product,,heldout,4,2.0,from_mention,randnorm,1,4,1,12498,1,0,0,
bee-product,,heldout,4,2.0,from_mention,randnorm,2,4,2,257,1,0,0,
bee-product,,heldout,4,2.0,answer_only,lens,-1,3,1,12498,1,0,0,
bee-product,,heldout,4,2.0,answer_only,randdir,0,3,1,12498,1,0,0,
bee-product,,heldout,4,2.0,answer_only,randdir,1,2,1,12498,1,0,0,
bee-product,,heldout,4,2.0,answer_only,randdir,2,3,1,12498,1,0,0,
bee-product,,heldout,4,2.0,answer_only,randnorm,0,3,1,12498,1,0,0,
bee-product,,heldout,4,2.0,answer_only,randnorm,1,3,1,12498,1,0,0,
bee-product,,heldout,4,2.0,answer_only,randnorm,2,3,1,12498,1,0,0,
bee-product,,heldout,5,0.5,all_no_bos,lens,-1,2,1,12498,1,0,0,
bee-product,,heldout,5,0.5,all_no_bos,randdir,0,3,1,12498,1,0,0,
bee-product,,heldout,5,0.5,all_no_bos,randdir,1,3,1,12498,1,0,0,
bee-product,,heldout,5,0.5,all_no_bos,randdir,2,3,1,12498,1,0,0,
bee-product,,heldout,5,0.5,all_no_bos,randnorm,0,3,1,12498,1,0,0,
bee-product,,heldout,5,0.5,all_no_bos,randnorm,1,3,1,12498,1,0,0,
bee-product,,heldout,5,0.5,all_no_bos,randnorm,2,3,1,12498,1,0,0,
bee-product,,heldout,5,0.5,from_mention,lens,-1,2,1,12498,1,0,0,
bee-product,,heldout,5,0.5,from_mention,randdir,0,3,1,12498,1,0,0,
bee-product,,heldout,5,0.5,from_mention,randdir,1,3,1,12498,1,0,0,
bee-product,,heldout,5,0.5,from_mention,randdir,2,3,1,12498,1,0,0,
bee-product,,heldout,5,0.5,from_mention,randnorm,0,3,1,12498,1,0,0,
bee-product,,heldout,5,0.5,from_mention,randnorm,1,3,1,12498,1,0,0,
bee-product,,heldout,5,0.5,from_mention,randnorm,2,3,1,12498,1,0,0,
bee-product,,heldout,5,0.5,answer_only,lens,-1,3,1,12498,1,0,0,
bee-product,,heldout,5,0.5,answer_only,randdir,0,3,1,12498,1,0,0,
bee-product,,heldout,5,0.5,answer_only,randdir,1,3,1,12498,1,0,0,
bee-product,,heldout,5,0.5,answer_only,randdir,2,3,1,12498,1,0,0,
bee-product,,heldout,5,0.5,answer_only,randnorm,0,3,1,12498,1,0,0,
bee-product,,heldout,5,0.5,answer_only,randnorm,1,3,1,12498,1,0,0,
bee-product,,heldout,5,0.5,answer_only,randnorm,2,3,1,12498,1,0,0,
bee-product,,heldout,5,1.0,all_no_bos,lens,-1,1,3,7545,1,1,1,
bee-product,,heldout,5,1.0,all_no_bos,randdir,0,3,1,12498,1,0,0,
bee-product,,heldout,5,1.0,all_no_bos,randdir,1,3,1,12498,1,0,0,
bee-product,,heldout,5,1.0,all_no_bos,randdir,2,3,1,12498,1,0,0,
bee-product,,heldout,5,1.0,all_no_bos,randnorm,0,3,1,12498,1,0,0,
bee-product,,heldout,5,1.0,all_no_bos,randnorm,1,4,1,12498,1,0,0,
bee-product,,heldout,5,1.0,all_no_bos,randnorm,2,3,1,12498,1,0,0,
bee-product,,heldout,5,1.0,from_mention,lens,-1,1,3,7545,1,1,1,
bee-product,,heldout,5,1.0,from_mention,randdir,0,3,1,12498,1,0,0,
bee-product,,heldout,5,1.0,from_mention,randdir,1,3,1,12498,1,0,0,
bee-product,,heldout,5,1.0,from_mention,randdir,2,3,1,12498,1,0,0,
bee-product,,heldout,5,1.0,from_mention,randnorm,0,3,1,12498,1,0,0,
bee-product,,heldout,5,1.0,from_mention,randnorm,1,4,1,12498,1,0,0,
bee-product,,heldout,5,1.0,from_mention,randnorm,2,3,1,12498,1,0,0,
bee-product,,heldout,5,1.0,answer_only,lens,-1,3,1,12498,1,0,0,
bee-product,,heldout,5,1.0,answer_only,randdir,0,3,1,12498,1,0,0,
bee-product,,heldout,5,1.0,answer_only,randdir,1,3,1,12498,1,0,0,
bee-product,,heldout,5,1.0,answer_only,randdir,2,3,1,12498,1,0,0,
bee-product,,heldout,5,1.0,answer_only,randnorm,0,3,1,12498,1,0,0,
bee-product,,heldout,5,1.0,answer_only,randnorm,1,3,1,12498,1,0,0,
bee-product,,heldout,5,1.0,answer_only,randnorm,2,3,1,12498,1,0,0,
bee-product,,heldout,5,2.0,all_no_bos,lens,-1,1,3,7545,1,1,1,
bee-product,,heldout,5,2.0,all_no_bos,randdir,0,3,1,12498,1,0,0,
bee-product,,heldout,5,2.0,all_no_bos,randdir,1,4,1,12498,1,0,0,
bee-product,,heldout,5,2.0,all_no_bos,randdir,2,3,1,12498,1,0,0,
bee-product,,heldout,5,2.0,all_no_bos,randnorm,0,3,1,12498,1,0,0,
bee-product,,heldout,5,2.0,all_no_bos,randnorm,1,3,1,12498,1,0,0,
bee-product,,heldout,5,2.0,all_no_bos,randnorm,2,5,1,12498,1,0,0,
bee-product,,heldout,5,2.0,from_mention,lens,-1,1,3,7545,1,1,1,
bee-product,,heldout,5,2.0,from_mention,randdir,0,3,1,12498,1,0,0,
bee-product,,heldout,5,2.0,from_mention,randdir,1,4,1,12498,1,0,0,
bee-product,,heldout,5,2.0,from_mention,randdir,2,3,1,12498,1,0,0,
bee-product,,heldout,5,2.0,from_mention,randnorm,0,3,1,12498,1,0,0,
bee-product,,heldout,5,2.0,from_mention,randnorm,1,3,1,12498,1,0,0,
bee-product,,heldout,5,2.0,from_mention,randnorm,2,5,1,12498,1,0,0,
bee-product,,heldout,5,2.0,answer_only,lens,-1,3,1,12498,1,0,0,
bee-product,,heldout,5,2.0,answer_only,randdir,0,3,1,12498,1,0,0,
bee-product,,heldout,5,2.0,answer_only,randdir,1,3,1,12498,1,0,0,
bee-product,,heldout,5,2.0,answer_only,randdir,2,3,1,12498,1,0,0,
bee-product,,heldout,5,2.0,answer_only,randnorm,0,3,1,12498,1,0,0,
bee-product,,heldout,5,2.0,answer_only,randnorm,1,3,1,12498,1,0,0,
bee-product,,heldout,5,2.0,answer_only,randnorm,2,3,1,12498,1,0,0,
bee-product,,heldout,6,0.5,all_no_bos,lens,-1,2,1,12498,1,0,0,
bee-product,,heldout,6,0.5,all_no_bos,randdir,0,3,1,12498,1,0,0,
bee-product,,heldout,6,0.5,all_no_bos,randdir,1,3,1,12498,1,0,0,
bee-product,,heldout,6,0.5,all_no_bos,randdir,2,3,1,12498,1,0,0,
bee-product,,heldout,6,0.5,all_no_bos,randnorm,0,3,1,12498,1,0,0,
bee-product,,heldout,6,0.5,all_no_bos,randnorm,1,3,1,12498,1,0,0,
bee-product,,heldout,6,0.5,all_no_bos,randnorm,2,3,1,12498,1,0,0,
bee-product,,heldout,6,0.5,from_mention,lens,-1,2,1,12498,1,0,0,
bee-product,,heldout,6,0.5,from_mention,randdir,0,3,1,12498,1,0,0,
bee-product,,heldout,6,0.5,from_mention,randdir,1,3,1,12498,1,0,0,
bee-product,,heldout,6,0.5,from_mention,randdir,2,3,1,12498,1,0,0,
bee-product,,heldout,6,0.5,from_mention,randnorm,0,3,1,12498,1,0,0,
bee-product,,heldout,6,0.5,from_mention,randnorm,1,3,1,12498,1,0,0,
bee-product,,heldout,6,0.5,from_mention,randnorm,2,3,1,12498,1,0,0,
bee-product,,heldout,6,0.5,answer_only,lens,-1,3,1,12498,1,0,0,
bee-product,,heldout,6,0.5,answer_only,randdir,0,3,1,12498,1,0,0,
bee-product,,heldout,6,0.5,answer_only,randdir,1,3,1,12498,1,0,0,
bee-product,,heldout,6,0.5,answer_only,randdir,2,3,1,12498,1,0,0,
bee-product,,heldout,6,0.5,answer_only,randnorm,0,3,1,12498,1,0,0,
bee-product,,heldout,6,0.5,answer_only,randnorm,1,3,1,12498,1,0,0,
bee-product,,heldout,6,0.5,answer_only,randnorm,2,3,1,12498,1,0,0,
bee-product,,heldout,6,1.0,all_no_bos,lens,-1,1,3,7545,1,1,1,
bee-product,,heldout,6,1.0,all_no_bos,randdir,0,3,1,12498,1,0,0,
bee-product,,heldout,6,1.0,all_no_bos,randdir,1,3,1,12498,1,0,0,
bee-product,,heldout,6,1.0,all_no_bos,randdir,2,3,1,12498,1,0,0,
bee-product,,heldout,6,1.0,all_no_bos,randnorm,0,3,1,12498,1,0,0,
bee-product,,heldout,6,1.0,all_no_bos,randnorm,1,3,1,12498,1,0,0,
bee-product,,heldout,6,1.0,all_no_bos,randnorm,2,3,1,12498,1,0,0,
bee-product,,heldout,6,1.0,from_mention,lens,-1,1,3,7545,1,1,1,
bee-product,,heldout,6,1.0,from_mention,randdir,0,3,1,12498,1,0,0,
bee-product,,heldout,6,1.0,from_mention,randdir,1,3,1,12498,1,0,0,
bee-product,,heldout,6,1.0,from_mention,randdir,2,3,1,12498,1,0,0,
bee-product,,heldout,6,1.0,from_mention,randnorm,0,3,1,12498,1,0,0,
bee-product,,heldout,6,1.0,from_mention,randnorm,1,3,1,12498,1,0,0,
bee-product,,heldout,6,1.0,from_mention,randnorm,2,3,1,12498,1,0,0,
bee-product,,heldout,6,1.0,answer_only,lens,-1,3,1,12498,1,0,0,
bee-product,,heldout,6,1.0,answer_only,randdir,0,3,1,12498,1,0,0,
bee-product,,heldout,6,1.0,answer_only,randdir,1,3,1,12498,1,0,0,
bee-product,,heldout,6,1.0,answer_only,randdir,2,3,1,12498,1,0,0,
bee-product,,heldout,6,1.0,answer_only,randnorm,0,3,1,12498,1,0,0,
bee-product,,heldout,6,1.0,answer_only,randnorm,1,3,1,12498,1,0,0,
bee-product,,heldout,6,1.0,answer_only,randnorm,2,3,1,12498,1,0,0,
bee-product,,heldout,6,2.0,all_no_bos,lens,-1,1,3,7545,1,1,1,
bee-product,,heldout,6,2.0,all_no_bos,randdir,0,3,1,12498,1,0,0,
bee-product,,heldout,6,2.0,all_no_bos,randdir,1,3,1,12498,1,0,0,
bee-product,,heldout,6,2.0,all_no_bos,randdir,2,3,1,12498,1,0,0,
bee-product,,heldout,6,2.0,all_no_bos,randnorm,0,2,1,12498,1,0,0,
bee-product,,heldout,6,2.0,all_no_bos,randnorm,1,3,1,12498,1,0,0,
bee-product,,heldout,6,2.0,all_no_bos,randnorm,2,3,1,12498,1,0,0,
bee-product,,heldout,6,2.0,from_mention,lens,-1,1,3,7545,1,1,1,
bee-product,,heldout,6,2.0,from_mention,randdir,0,3,1,12498,1,0,0,
bee-product,,heldout,6,2.0,from_mention,randdir,1,3,1,12498,1,0,0,
bee-product,,heldout,6,2.0,from_mention,randdir,2,3,1,12498,1,0,0,
bee-product,,heldout,6,2.0,from_mention,randnorm,0,2,1,12498,1,0,0,
bee-product,,heldout,6,2.0,from_mention,randnorm,1,3,1,12498,1,0,0,
bee-product,,heldout,6,2.0,from_mention,randnorm,2,3,1,12498,1,0,0,
bee-product,,heldout,6,2.0,answer_only,lens,-1,3,1,12498,1,0,0,
bee-product,,heldout,6,2.0,answer_only,randdir,0,3,1,12498,1,0,0,
bee-product,,heldout,6,2.0,answer_only,randdir,1,3,1,12498,1,0,0,
bee-product,,heldout,6,2.0,answer_only,randdir,2,3,1,12498,1,0,0,
bee-product,,heldout,6,2.0,answer_only,randnorm,0,3,1,12498,1,0,0,
bee-product,,heldout,6,2.0,answer_only,randnorm,1,3,1,12498,1,0,0,
bee-product,,heldout,6,2.0,answer_only,randnorm,2,3,1,12498,1,0,0,
bee-product,,heldout,7,0.5,all_no_bos,lens,-1,2,1,12498,1,0,0,
bee-product,,heldout,7,0.5,all_no_bos,randdir,0,3,1,12498,1,0,0,
bee-product,,heldout,7,0.5,all_no_bos,randdir,1,3,1,12498,1,0,0,
bee-product,,heldout,7,0.5,all_no_bos,randdir,2,3,1,12498,1,0,0,
bee-product,,heldout,7,0.5,all_no_bos,randnorm,0,3,1,12498,1,0,0,
bee-product,,heldout,7,0.5,all_no_bos,randnorm,1,3,1,12498,1,0,0,
bee-product,,heldout,7,0.5,all_no_bos,randnorm,2,3,1,12498,1,0,0,
bee-product,,heldout,7,0.5,from_mention,lens,-1,2,1,12498,1,0,0,
bee-product,,heldout,7,0.5,from_mention,randdir,0,3,1,12498,1,0,0,
bee-product,,heldout,7,0.5,from_mention,randdir,1,3,1,12498,1,0,0,
bee-product,,heldout,7,0.5,from_mention,randdir,2,3,1,12498,1,0,0,
bee-product,,heldout,7,0.5,from_mention,randnorm,0,3,1,12498,1,0,0,
bee-product,,heldout,7,0.5,from_mention,randnorm,1,3,1,12498,1,0,0,
bee-product,,heldout,7,0.5,from_mention,randnorm,2,3,1,12498,1,0,0,
bee-product,,heldout,7,0.5,answer_only,lens,-1,3,1,12498,1,0,0,
bee-product,,heldout,7,0.5,answer_only,randdir,0,3,1,12498,1,0,0,
bee-product,,heldout,7,0.5,answer_only,randdir,1,3,1,12498,1,0,0,
bee-product,,heldout,7,0.5,answer_only,randdir,2,3,1,12498,1,0,0,
bee-product,,heldout,7,0.5,answer_only,randnorm,0,3,1,12498,1,0,0,
bee-product,,heldout,7,0.5,answer_only,randnorm,1,3,1,12498,1,0,0,
bee-product,,heldout,7,0.5,answer_only,randnorm,2,3,1,12498,1,0,0,
bee-product,,heldout,7,1.0,all_no_bos,lens,-1,2,1,12498,1,0,0,
bee-product,,heldout,7,1.0,all_no_bos,randdir,0,3,1,12498,1,0,0,
bee-product,,heldout,7,1.0,all_no_bos,randdir,1,4,1,12498,1,0,0,
bee-product,,heldout,7,1.0,all_no_bos,randdir,2,3,1,12498,1,0,0,
bee-product,,heldout,7,1.0,all_no_bos,randnorm,0,5,1,12498,1,0,0,
bee-product,,heldout,7,1.0,all_no_bos,randnorm,1,2,1,12498,1,0,0,
bee-product,,heldout,7,1.0,all_no_bos,randnorm,2,3,1,12498,1,0,0,
bee-product,,heldout,7,1.0,from_mention,lens,-1,2,1,12498,1,0,0,
bee-product,,heldout,7,1.0,from_mention,randdir,0,3,1,12498,1,0,0,
bee-product,,heldout,7,1.0,from_mention,randdir,1,4,1,12498,1,0,0,
bee-product,,heldout,7,1.0,from_mention,randdir,2,3,1,12498,1,0,0,
bee-product,,heldout,7,1.0,from_mention,randnorm,0,5,1,12498,1,0,0,
bee-product,,heldout,7,1.0,from_mention,randnorm,1,2,1,12498,1,0,0,
bee-product,,heldout,7,1.0,from_mention,randnorm,2,3,1,12498,1,0,0,
bee-product,,heldout,7,1.0,answer_only,lens,-1,3,1,12498,1,0,0,
bee-product,,heldout,7,1.0,answer_only,randdir,0,3,1,12498,1,0,0,
bee-product,,heldout,7,1.0,answer_only,randdir,1,4,1,12498,1,0,0,
bee-product,,heldout,7,1.0,answer_only,randdir,2,3,1,12498,1,0,0,
bee-product,,heldout,7,1.0,answer_only,randnorm,0,3,1,12498,1,0,0,
bee-product,,heldout,7,1.0,answer_only,randnorm,1,3,1,12498,1,0,0,
bee-product,,heldout,7,1.0,answer_only,randnorm,2,3,1,12498,1,0,0,
bee-product,,heldout,7,2.0,all_no_bos,lens,-1,1,2,7545,1,1,1,
bee-product,,heldout,7,2.0,all_no_bos,randdir,0,3,1,12498,1,0,0,
bee-product,,heldout,7,2.0,all_no_bos,randdir,1,5,1,12498,1,0,0,
bee-product,,heldout,7,2.0,all_no_bos,randdir,2,3,1,12498,1,0,0,
bee-product,,heldout,7,2.0,all_no_bos,randnorm,0,6,1,12498,0,0,0,
bee-product,,heldout,7,2.0,all_no_bos,randnorm,1,2,1,12498,1,0,0,
bee-product,,heldout,7,2.0,all_no_bos,randnorm,2,3,1,12498,1,0,0,
bee-product,,heldout,7,2.0,from_mention,lens,-1,1,2,7545,1,1,1,
bee-product,,heldout,7,2.0,from_mention,randdir,0,3,1,12498,1,0,0,
bee-product,,heldout,7,2.0,from_mention,randdir,1,5,1,12498,1,0,0,
bee-product,,heldout,7,2.0,from_mention,randdir,2,3,1,12498,1,0,0,
bee-product,,heldout,7,2.0,from_mention,randnorm,0,6,1,12498,0,0,0,
bee-product,,heldout,7,2.0,from_mention,randnorm,1,2,1,12498,1,0,0,
bee-product,,heldout,7,2.0,from_mention,randnorm,2,3,1,12498,1,0,0,
bee-product,,heldout,7,2.0,answer_only,lens,-1,3,1,12498,1,0,0,
bee-product,,heldout,7,2.0,answer_only,randdir,0,3,1,12498,1,0,0,
bee-product,,heldout,7,2.0,answer_only,randdir,1,5,1,12498,1,0,0,
bee-product,,heldout,7,2.0,answer_only,randdir,2,3,1,12498,1,0,0,
bee-product,,heldout,7,2.0,answer_only,randnorm,0,3,1,12498,1,0,0,
bee-product,,heldout,7,2.0,answer_only,randnorm,1,3,1,12498,1,0,0,
bee-product,,heldout,7,2.0,answer_only,randnorm,2,3,1,12498,1,0,0,
bee-product,,heldout,8,0.5,all_no_bos,lens,-1,3,1,12498,1,0,0,
bee-product,,heldout,8,0.5,all_no_bos,randdir,0,3,1,12498,1,0,0,
bee-product,,heldout,8,0.5,all_no_bos,randdir,1,3,1,12498,1,0,0,
bee-product,,heldout,8,0.5,all_no_bos,randdir,2,3,1,12498,1,0,0,
bee-product,,heldout,8,0.5,all_no_bos,randnorm,0,3,1,12498,1,0,0,
bee-product,,heldout,8,0.5,all_no_bos,randnorm,1,3,1,12498,1,0,0,
bee-product,,heldout,8,0.5,all_no_bos,randnorm,2,3,1,12498,1,0,0,
bee-product,,heldout,8,0.5,from_mention,lens,-1,3,1,12498,1,0,0,
bee-product,,heldout,8,0.5,from_mention,randdir,0,3,1,12498,1,0,0,
bee-product,,heldout,8,0.5,from_mention,randdir,1,3,1,12498,1,0,0,
bee-product,,heldout,8,0.5,from_mention,randdir,2,3,1,12498,1,0,0,
bee-product,,heldout,8,0.5,from_mention,randnorm,0,3,1,12498,1,0,0,
bee-product,,heldout,8,0.5,from_mention,randnorm,1,3,1,12498,1,0,0,
bee-product,,heldout,8,0.5,from_mention,randnorm,2,3,1,12498,1,0,0,
bee-product,,heldout,8,0.5,answer_only,lens,-1,3,1,12498,1,0,0,
bee-product,,heldout,8,0.5,answer_only,randdir,0,3,1,12498,1,0,0,
bee-product,,heldout,8,0.5,answer_only,randdir,1,3,1,12498,1,0,0,
bee-product,,heldout,8,0.5,answer_only,randdir,2,3,1,12498,1,0,0,
bee-product,,heldout,8,0.5,answer_only,randnorm,0,3,1,12498,1,0,0,
bee-product,,heldout,8,0.5,answer_only,randnorm,1,3,1,12498,1,0,0,
bee-product,,heldout,8,0.5,answer_only,randnorm,2,3,1,12498,1,0,0,
bee-product,,heldout,8,1.0,all_no_bos,lens,-1,3,1,12498,1,0,0,
bee-product,,heldout,8,1.0,all_no_bos,randdir,0,3,1,12498,1,0,0,
bee-product,,heldout,8,1.0,all_no_bos,randdir,1,3,1,12498,1,0,0,
bee-product,,heldout,8,1.0,all_no_bos,randdir,2,3,1,12498,1,0,0,
bee-product,,heldout,8,1.0,all_no_bos,randnorm,0,3,1,12498,1,0,0,
bee-product,,heldout,8,1.0,all_no_bos,randnorm,1,3,1,12498,1,0,0,
bee-product,,heldout,8,1.0,all_no_bos,randnorm,2,3,1,12498,1,0,0,
bee-product,,heldout,8,1.0,from_mention,lens,-1,3,1,12498,1,0,0,
bee-product,,heldout,8,1.0,from_mention,randdir,0,3,1,12498,1,0,0,
bee-product,,heldout,8,1.0,from_mention,randdir,1,3,1,12498,1,0,0,
bee-product,,heldout,8,1.0,from_mention,randdir,2,3,1,12498,1,0,0,
bee-product,,heldout,8,1.0,from_mention,randnorm,0,3,1,12498,1,0,0,
bee-product,,heldout,8,1.0,from_mention,randnorm,1,3,1,12498,1,0,0,
bee-product,,heldout,8,1.0,from_mention,randnorm,2,3,1,12498,1,0,0,
bee-product,,heldout,8,1.0,answer_only,lens,-1,3,1,12498,1,0,0,
bee-product,,heldout,8,1.0,answer_only,randdir,0,3,1,12498,1,0,0,
bee-product,,heldout,8,1.0,answer_only,randdir,1,3,1,12498,1,0,0,
bee-product,,heldout,8,1.0,answer_only,randdir,2,3,1,12498,1,0,0,
bee-product,,heldout,8,1.0,answer_only,randnorm,0,3,1,12498,1,0,0,
bee-product,,heldout,8,1.0,answer_only,randnorm,1,3,1,12498,1,0,0,
bee-product,,heldout,8,1.0,answer_only,randnorm,2,3,1,12498,1,0,0,
bee-product,,heldout,8,2.0,all_no_bos,lens,-1,2,1,12498,1,0,0,
bee-product,,heldout,8,2.0,all_no_bos,randdir,0,3,1,12498,1,0,0,
bee-product,,heldout,8,2.0,all_no_bos,randdir,1,4,1,12498,1,0,0,
bee-product,,heldout,8,2.0,all_no_bos,randdir,2,3,1,12498,1,0,0,
bee-product,,heldout,8,2.0,all_no_bos,randnorm,0,5,1,12498,1,0,0,
bee-product,,heldout,8,2.0,all_no_bos,randnorm,1,5,1,12498,1,0,0,
bee-product,,heldout,8,2.0,all_no_bos,randnorm,2,5,1,12498,1,0,0,
bee-product,,heldout,8,2.0,from_mention,lens,-1,2,1,12498,1,0,0,
bee-product,,heldout,8,2.0,from_mention,randdir,0,3,1,12498,1,0,0,
bee-product,,heldout,8,2.0,from_mention,randdir,1,4,1,12498,1,0,0,
bee-product,,heldout,8,2.0,from_mention,randdir,2,3,1,12498,1,0,0,
bee-product,,heldout,8,2.0,from_mention,randnorm,0,5,1,12498,1,0,0,
bee-product,,heldout,8,2.0,from_mention,randnorm,1,5,1,12498,1,0,0,
bee-product,,heldout,8,2.0,from_mention,randnorm,2,5,1,12498,1,0,0,
bee-product,,heldout,8,2.0,answer_only,lens,-1,3,1,12498,1,0,0,
bee-product,,heldout,8,2.0,answer_only,randdir,0,3,1,12498,1,0,0,
bee-product,,heldout,8,2.0,answer_only,randdir,1,3,1,12498,1,0,0,
bee-product,,heldout,8,2.0,answer_only,randdir,2,3,1,12498,1,0,0,
bee-product,,heldout,8,2.0,answer_only,randnorm,0,3,1,12498,1,0,0,
bee-product,,heldout,8,2.0,answer_only,randnorm,1,3,1,12498,1,0,0,
bee-product,,heldout,8,2.0,answer_only,randnorm,2,3,1,12498,1,0,0,
bee-product,,heldout,9,0.5,all_no_bos,lens,-1,3,1,12498,1,0,0,
bee-product,,heldout,9,0.5,all_no_bos,randdir,0,3,1,12498,1,0,0,
bee-product,,heldout,9,0.5,all_no_bos,randdir,1,3,1,12498,1,0,0,
bee-product,,heldout,9,0.5,all_no_bos,randdir,2,3,1,12498,1,0,0,
bee-product,,heldout,9,0.5,all_no_bos,randnorm,0,3,1,12498,1,0,0,
bee-product,,heldout,9,0.5,all_no_bos,randnorm,1,3,1,12498,1,0,0,
bee-product,,heldout,9,0.5,all_no_bos,randnorm,2,3,1,12498,1,0,0,
bee-product,,heldout,9,0.5,from_mention,lens,-1,3,1,12498,1,0,0,
bee-product,,heldout,9,0.5,from_mention,randdir,0,3,1,12498,1,0,0,
bee-product,,heldout,9,0.5,from_mention,randdir,1,3,1,12498,1,0,0,
bee-product,,heldout,9,0.5,from_mention,randdir,2,3,1,12498,1,0,0,
bee-product,,heldout,9,0.5,from_mention,randnorm,0,3,1,12498,1,0,0,
bee-product,,heldout,9,0.5,from_mention,randnorm,1,3,1,12498,1,0,0,
bee-product,,heldout,9,0.5,from_mention,randnorm,2,3,1,12498,1,0,0,
bee-product,,heldout,9,0.5,answer_only,lens,-1,3,1,12498,1,0,0,
bee-product,,heldout,9,0.5,answer_only,randdir,0,3,1,12498,1,0,0,
bee-product,,heldout,9,0.5,answer_only,randdir,1,3,1,12498,1,0,0,
bee-product,,heldout,9,0.5,answer_only,randdir,2,3,1,12498,1,0,0,
bee-product,,heldout,9,0.5,answer_only,randnorm,0,3,1,12498,1,0,0,
bee-product,,heldout,9,0.5,answer_only,randnorm,1,3,1,12498,1,0,0,
bee-product,,heldout,9,0.5,answer_only,randnorm,2,3,1,12498,1,0,0,
bee-product,,heldout,9,1.0,all_no_bos,lens,-1,2,1,12498,1,0,0,
bee-product,,heldout,9,1.0,all_no_bos,randdir,0,3,1,12498,1,0,0,
bee-product,,heldout,9,1.0,all_no_bos,randdir,1,3,1,12498,1,0,0,
bee-product,,heldout,9,1.0,all_no_bos,randdir,2,3,1,12498,1,0,0,
bee-product,,heldout,9,1.0,all_no_bos,randnorm,0,3,1,12498,1,0,0,
bee-product,,heldout,9,1.0,all_no_bos,randnorm,1,3,1,12498,1,0,0,
bee-product,,heldout,9,1.0,all_no_bos,randnorm,2,4,1,12498,1,0,0,
bee-product,,heldout,9,1.0,from_mention,lens,-1,2,1,12498,1,0,0,
bee-product,,heldout,9,1.0,from_mention,randdir,0,3,1,12498,1,0,0,
bee-product,,heldout,9,1.0,from_mention,randdir,1,3,1,12498,1,0,0,
bee-product,,heldout,9,1.0,from_mention,randdir,2,3,1,12498,1,0,0,
bee-product,,heldout,9,1.0,from_mention,randnorm,0,3,1,12498,1,0,0,
bee-product,,heldout,9,1.0,from_mention,randnorm,1,3,1,12498,1,0,0,
bee-product,,heldout,9,1.0,from_mention,randnorm,2,4,1,12498,1,0,0,
bee-product,,heldout,9,1.0,answer_only,lens,-1,3,1,12498,1,0,0,
bee-product,,heldout,9,1.0,answer_only,randdir,0,3,1,12498,1,0,0,
bee-product,,heldout,9,1.0,answer_only,randdir,1,3,1,12498,1,0,0,
bee-product,,heldout,9,1.0,answer_only,randdir,2,3,1,12498,1,0,0,
bee-product,,heldout,9,1.0,answer_only,randnorm,0,3,1,12498,1,0,0,
bee-product,,heldout,9,1.0,answer_only,randnorm,1,3,1,12498,1,0,0,
bee-product,,heldout,9,1.0,answer_only,randnorm,2,3,1,12498,1,0,0,
bee-product,,heldout,9,2.0,all_no_bos,lens,-1,1,2,7545,1,1,1,
bee-product,,heldout,9,2.0,all_no_bos,randdir,0,3,1,12498,1,0,0,
bee-product,,heldout,9,2.0,all_no_bos,randdir,1,3,1,12498,1,0,0,
bee-product,,heldout,9,2.0,all_no_bos,randdir,2,3,1,12498,1,0,0,
bee-product,,heldout,9,2.0,all_no_bos,randnorm,0,3,1,12498,1,0,0,
bee-product,,heldout,9,2.0,all_no_bos,randnorm,1,3,1,12498,1,0,0,
bee-product,,heldout,9,2.0,all_no_bos,randnorm,2,4,1,12498,1,0,0,
bee-product,,heldout,9,2.0,from_mention,lens,-1,1,2,7545,1,1,1,
bee-product,,heldout,9,2.0,from_mention,randdir,0,3,1,12498,1,0,0,
bee-product,,heldout,9,2.0,from_mention,randdir,1,3,1,12498,1,0,0,
bee-product,,heldout,9,2.0,from_mention,randdir,2,3,1,12498,1,0,0,
bee-product,,heldout,9,2.0,from_mention,randnorm,0,3,1,12498,1,0,0,
bee-product,,heldout,9,2.0,from_mention,randnorm,1,3,1,12498,1,0,0,
bee-product,,heldout,9,2.0,from_mention,randnorm,2,4,1,12498,1,0,0,
bee-product,,heldout,9,2.0,answer_only,lens,-1,3,1,12498,1,0,0,
bee-product,,heldout,9,2.0,answer_only,randdir,0,3,1,12498,1,0,0,
bee-product,,heldout,9,2.0,answer_only,randdir,1,3,1,12498,1,0,0,
bee-product,,heldout,9,2.0,answer_only,randdir,2,3,1,12498,1,0,0,
bee-product,,heldout,9,2.0,answer_only,randnorm,0,3,1,12498,1,0,0,
bee-product,,heldout,9,2.0,answer_only,randnorm,1,3,1,12498,1,0,0,
bee-product,,heldout,9,2.0,answer_only,randnorm,2,3,1,12498,1,0,0,
bee-product,,heldout,10,0.5,all_no_bos,lens,-1,3,1,12498,1,0,0,
bee-product,,heldout,10,0.5,all_no_bos,randdir,0,3,1,12498,1,0,0,
bee-product,,heldout,10,0.5,all_no_bos,randdir,1,3,1,12498,1,0,0,
bee-product,,heldout,10,0.5,all_no_bos,randdir,2,4,1,12498,1,0,0,
bee-product,,heldout,10,0.5,all_no_bos,randnorm,0,3,1,12498,1,0,0,
bee-product,,heldout,10,0.5,all_no_bos,randnorm,1,3,1,12498,1,0,0,
bee-product,,heldout,10,0.5,all_no_bos,randnorm,2,3,1,12498,1,0,0,
bee-product,,heldout,10,0.5,from_mention,lens,-1,3,1,12498,1,0,0,
bee-product,,heldout,10,0.5,from_mention,randdir,0,3,1,12498,1,0,0,
bee-product,,heldout,10,0.5,from_mention,randdir,1,3,1,12498,1,0,0,
bee-product,,heldout,10,0.5,from_mention,randdir,2,4,1,12498,1,0,0,
bee-product,,heldout,10,0.5,from_mention,randnorm,0,3,1,12498,1,0,0,
bee-product,,heldout,10,0.5,from_mention,randnorm,1,3,1,12498,1,0,0,
bee-product,,heldout,10,0.5,from_mention,randnorm,2,3,1,12498,1,0,0,
bee-product,,heldout,10,0.5,answer_only,lens,-1,3,1,12498,1,0,0,
bee-product,,heldout,10,0.5,answer_only,randdir,0,3,1,12498,1,0,0,
bee-product,,heldout,10,0.5,answer_only,randdir,1,3,1,12498,1,0,0,
bee-product,,heldout,10,0.5,answer_only,randdir,2,3,1,12498,1,0,0,
bee-product,,heldout,10,0.5,answer_only,randnorm,0,3,1,12498,1,0,0,
bee-product,,heldout,10,0.5,answer_only,randnorm,1,3,1,12498,1,0,0,
bee-product,,heldout,10,0.5,answer_only,randnorm,2,3,1,12498,1,0,0,
bee-product,,heldout,10,1.0,all_no_bos,lens,-1,2,1,12498,1,0,0,
bee-product,,heldout,10,1.0,all_no_bos,randdir,0,3,1,12498,1,0,0,
bee-product,,heldout,10,1.0,all_no_bos,randdir,1,4,1,12498,1,0,0,
bee-product,,heldout,10,1.0,all_no_bos,randdir,2,4,1,12498,1,0,0,
bee-product,,heldout,10,1.0,all_no_bos,randnorm,0,3,1,12498,1,0,0,
bee-product,,heldout,10,1.0,all_no_bos,randnorm,1,4,1,12498,1,0,0,
bee-product,,heldout,10,1.0,all_no_bos,randnorm,2,4,1,12498,1,0,0,
bee-product,,heldout,10,1.0,from_mention,lens,-1,2,1,12498,1,0,0,
bee-product,,heldout,10,1.0,from_mention,randdir,0,3,1,12498,1,0,0,
bee-product,,heldout,10,1.0,from_mention,randdir,1,4,1,12498,1,0,0,
bee-product,,heldout,10,1.0,from_mention,randdir,2,4,1,12498,1,0,0,
bee-product,,heldout,10,1.0,from_mention,randnorm,0,3,1,12498,1,0,0,
bee-product,,heldout,10,1.0,from_mention,randnorm,1,4,1,12498,1,0,0,
bee-product,,heldout,10,1.0,from_mention,randnorm,2,4,1,12498,1,0,0,
bee-product,,heldout,10,1.0,answer_only,lens,-1,2,1,12498,1,0,0,
bee-product,,heldout,10,1.0,answer_only,randdir,0,3,1,12498,1,0,0,
bee-product,,heldout,10,1.0,answer_only,randdir,1,4,1,12498,1,0,0,
bee-product,,heldout,10,1.0,answer_only,randdir,2,4,1,12498,1,0,0,
bee-product,,heldout,10,1.0,answer_only,randnorm,0,3,1,12498,1,0,0,
bee-product,,heldout,10,1.0,answer_only,randnorm,1,4,1,12498,1,0,0,
bee-product,,heldout,10,1.0,answer_only,randnorm,2,4,1,12498,1,0,0,
bee-product,,heldout,10,2.0,all_no_bos,lens,-1,1,3,7545,1,1,1,
bee-product,,heldout,10,2.0,all_no_bos,randdir,0,3,1,12498,1,0,0,
bee-product,,heldout,10,2.0,all_no_bos,randdir,1,4,1,12498,1,0,0,
bee-product,,heldout,10,2.0,all_no_bos,randdir,2,4,1,12498,1,0,0,
bee-product,,heldout,10,2.0,all_no_bos,randnorm,0,3,1,12498,1,0,0,
bee-product,,heldout,10,2.0,all_no_bos,randnorm,1,4,1,12498,1,0,0,
bee-product,,heldout,10,2.0,all_no_bos,randnorm,2,4,1,12498,1,0,0,
bee-product,,heldout,10,2.0,from_mention,lens,-1,1,3,7545,1,1,1,
bee-product,,heldout,10,2.0,from_mention,randdir,0,3,1,12498,1,0,0,
bee-product,,heldout,10,2.0,from_mention,randdir,1,4,1,12498,1,0,0,
bee-product,,heldout,10,2.0,from_mention,randdir,2,4,1,12498,1,0,0,
bee-product,,heldout,10,2.0,from_mention,randnorm,0,3,1,12498,1,0,0,
bee-product,,heldout,10,2.0,from_mention,randnorm,1,4,1,12498,1,0,0,
bee-product,,heldout,10,2.0,from_mention,randnorm,2,4,1,12498,1,0,0,
bee-product,,heldout,10,2.0,answer_only,lens,-1,1,2,7545,1,1,1,
bee-product,,heldout,10,2.0,answer_only,randdir,0,3,1,12498,1,0,0,
bee-product,,heldout,10,2.0,answer_only,randdir,1,4,1,12498,1,0,0,
bee-product,,heldout,10,2.0,answer_only,randdir,2,4,1,12498,1,0,0,
bee-product,,heldout,10,2.0,answer_only,randnorm,0,3,1,12498,1,0,0,
bee-product,,heldout,10,2.0,answer_only,randnorm,1,4,1,12498,1,0,0,
bee-product,,heldout,10,2.0,answer_only,randnorm,2,4,1,12498,1,0,0,
bee-product,,heldout,5-6,0.5,all_no_bos,lens,-1,2,1,12498,1,0,0,
bee-product,,heldout,5-6,0.5,all_no_bos,randdir,0,3,1,12498,1,0,0,
bee-product,,heldout,5-6,0.5,all_no_bos,randdir,1,3,1,12498,1,0,0,
bee-product,,heldout,5-6,0.5,all_no_bos,randdir,2,3,1,12498,1,0,0,
bee-product,,heldout,5-6,0.5,all_no_bos,randnorm,0,3,1,12498,1,0,0,
bee-product,,heldout,5-6,0.5,all_no_bos,randnorm,1,3,1,12498,1,0,0,
bee-product,,heldout,5-6,0.5,all_no_bos,randnorm,2,3,1,12498,1,0,0,
bee-product,,heldout,5-6,0.5,from_mention,lens,-1,2,1,12498,1,0,0,
bee-product,,heldout,5-6,0.5,from_mention,randdir,0,3,1,12498,1,0,0,
bee-product,,heldout,5-6,0.5,from_mention,randdir,1,3,1,12498,1,0,0,
bee-product,,heldout,5-6,0.5,from_mention,randdir,2,3,1,12498,1,0,0,
bee-product,,heldout,5-6,0.5,from_mention,randnorm,0,3,1,12498,1,0,0,
bee-product,,heldout,5-6,0.5,from_mention,randnorm,1,3,1,12498,1,0,0,
bee-product,,heldout,5-6,0.5,from_mention,randnorm,2,3,1,12498,1,0,0,
bee-product,,heldout,5-6,0.5,answer_only,lens,-1,3,1,12498,1,0,0,
bee-product,,heldout,5-6,0.5,answer_only,randdir,0,3,1,12498,1,0,0,
bee-product,,heldout,5-6,0.5,answer_only,randdir,1,3,1,12498,1,0,0,
bee-product,,heldout,5-6,0.5,answer_only,randdir,2,3,1,12498,1,0,0,
bee-product,,heldout,5-6,0.5,answer_only,randnorm,0,3,1,12498,1,0,0,
bee-product,,heldout,5-6,0.5,answer_only,randnorm,1,3,1,12498,1,0,0,
bee-product,,heldout,5-6,0.5,answer_only,randnorm,2,3,1,12498,1,0,0,
bee-product,,heldout,5-6,1.0,all_no_bos,lens,-1,3,1,12498,1,0,0,
bee-product,,heldout,5-6,1.0,all_no_bos,randdir,0,3,1,12498,1,0,0,
bee-product,,heldout,5-6,1.0,all_no_bos,randdir,1,3,1,12498,1,0,0,
bee-product,,heldout,5-6,1.0,all_no_bos,randdir,2,3,1,12498,1,0,0,
bee-product,,heldout,5-6,1.0,all_no_bos,randnorm,0,3,1,12498,1,0,0,
bee-product,,heldout,5-6,1.0,all_no_bos,randnorm,1,5,1,12498,1,0,0,
bee-product,,heldout,5-6,1.0,all_no_bos,randnorm,2,3,1,12498,1,0,0,
bee-product,,heldout,5-6,1.0,from_mention,lens,-1,3,1,12498,1,0,0,
bee-product,,heldout,5-6,1.0,from_mention,randdir,0,3,1,12498,1,0,0,
bee-product,,heldout,5-6,1.0,from_mention,randdir,1,3,1,12498,1,0,0,
bee-product,,heldout,5-6,1.0,from_mention,randdir,2,3,1,12498,1,0,0,
bee-product,,heldout,5-6,1.0,from_mention,randnorm,0,3,1,12498,1,0,0,
bee-product,,heldout,5-6,1.0,from_mention,randnorm,1,5,1,12498,1,0,0,
bee-product,,heldout,5-6,1.0,from_mention,randnorm,2,3,1,12498,1,0,0,
bee-product,,heldout,5-6,1.0,answer_only,lens,-1,3,1,12498,1,0,0,
bee-product,,heldout,5-6,1.0,answer_only,randdir,0,3,1,12498,1,0,0,
bee-product,,heldout,5-6,1.0,answer_only,randdir,1,3,1,12498,1,0,0,
bee-product,,heldout,5-6,1.0,answer_only,randdir,2,3,1,12498,1,0,0,
bee-product,,heldout,5-6,1.0,answer_only,randnorm,0,3,1,12498,1,0,0,
bee-product,,heldout,5-6,1.0,answer_only,randnorm,1,3,1,12498,1,0,0,
bee-product,,heldout,5-6,1.0,answer_only,randnorm,2,3,1,12498,1,0,0,
bee-product,,heldout,5-6,2.0,all_no_bos,lens,-1,4,10,262,1,0,1,
bee-product,,heldout,5-6,2.0,all_no_bos,randdir,0,3,1,12498,1,0,0,
bee-product,,heldout,5-6,2.0,all_no_bos,randdir,1,3,1,12498,1,0,0,
bee-product,,heldout,5-6,2.0,all_no_bos,randdir,2,3,1,12498,1,0,0,
bee-product,,heldout,5-6,2.0,all_no_bos,randnorm,0,3,1,12498,1,0,0,
bee-product,,heldout,5-6,2.0,all_no_bos,randnorm,1,7,1,12498,0,0,0,
bee-product,,heldout,5-6,2.0,all_no_bos,randnorm,2,2,1,12498,1,0,0,
bee-product,,heldout,5-6,2.0,from_mention,lens,-1,4,10,262,1,0,1,
bee-product,,heldout,5-6,2.0,from_mention,randdir,0,3,1,12498,1,0,0,
bee-product,,heldout,5-6,2.0,from_mention,randdir,1,3,1,12498,1,0,0,
bee-product,,heldout,5-6,2.0,from_mention,randdir,2,3,1,12498,1,0,0,
bee-product,,heldout,5-6,2.0,from_mention,randnorm,0,3,1,12498,1,0,0,
bee-product,,heldout,5-6,2.0,from_mention,randnorm,1,7,1,12498,0,0,0,
bee-product,,heldout,5-6,2.0,from_mention,randnorm,2,2,1,12498,1,0,0,
bee-product,,heldout,5-6,2.0,answer_only,lens,-1,5,1,12498,1,0,0,
bee-product,,heldout,5-6,2.0,answer_only,randdir,0,3,1,12498,1,0,0,
bee-product,,heldout,5-6,2.0,answer_only,randdir,1,3,1,12498,1,0,0,
bee-product,,heldout,5-6,2.0,answer_only,randdir,2,3,1,12498,1,0,0,
bee-product,,heldout,5-6,2.0,answer_only,randnorm,0,3,1,12498,1,0,0,
bee-product,,heldout,5-6,2.0,answer_only,randnorm,1,3,1,12498,1,0,0,
bee-product,,heldout,5-6,2.0,answer_only,randnorm,2,3,1,12498,1,0,0,
bee-product,,heldout,6-7,0.5,all_no_bos,lens,-1,3,1,12498,1,0,0,
bee-product,,heldout,6-7,0.5,all_no_bos,randdir,0,3,1,12498,1,0,0,
bee-product,,heldout,6-7,0.5,all_no_bos,randdir,1,3,1,12498,1,0,0,
bee-product,,heldout,6-7,0.5,all_no_bos,randdir,2,3,1,12498,1,0,0,
bee-product,,heldout,6-7,0.5,all_no_bos,randnorm,0,3,1,12498,1,0,0,
bee-product,,heldout,6-7,0.5,all_no_bos,randnorm,1,3,1,12498,1,0,0,
bee-product,,heldout,6-7,0.5,all_no_bos,randnorm,2,3,1,12498,1,0,0,
bee-product,,heldout,6-7,0.5,from_mention,lens,-1,3,1,12498,1,0,0,
bee-product,,heldout,6-7,0.5,from_mention,randdir,0,3,1,12498,1,0,0,
bee-product,,heldout,6-7,0.5,from_mention,randdir,1,3,1,12498,1,0,0,
bee-product,,heldout,6-7,0.5,from_mention,randdir,2,3,1,12498,1,0,0,
bee-product,,heldout,6-7,0.5,from_mention,randnorm,0,3,1,12498,1,0,0,
bee-product,,heldout,6-7,0.5,from_mention,randnorm,1,3,1,12498,1,0,0,
bee-product,,heldout,6-7,0.5,from_mention,randnorm,2,3,1,12498,1,0,0,
bee-product,,heldout,6-7,0.5,answer_only,lens,-1,3,1,12498,1,0,0,
bee-product,,heldout,6-7,0.5,answer_only,randdir,0,3,1,12498,1,0,0,
bee-product,,heldout,6-7,0.5,answer_only,randdir,1,3,1,12498,1,0,0,
bee-product,,heldout,6-7,0.5,answer_only,randdir,2,3,1,12498,1,0,0,
bee-product,,heldout,6-7,0.5,answer_only,randnorm,0,3,1,12498,1,0,0,
bee-product,,heldout,6-7,0.5,answer_only,randnorm,1,3,1,12498,1,0,0,
bee-product,,heldout,6-7,0.5,answer_only,randnorm,2,3,1,12498,1,0,0,
bee-product,,heldout,6-7,1.0,all_no_bos,lens,-1,4,1,12498,1,0,0,
bee-product,,heldout,6-7,1.0,all_no_bos,randdir,0,3,1,12498,1,0,0,
bee-product,,heldout,6-7,1.0,all_no_bos,randdir,1,4,1,12498,1,0,0,
bee-product,,heldout,6-7,1.0,all_no_bos,randdir,2,3,1,12498,1,0,0,
bee-product,,heldout,6-7,1.0,all_no_bos,randnorm,0,3,1,12498,1,0,0,
bee-product,,heldout,6-7,1.0,all_no_bos,randnorm,1,2,1,12498,1,0,0,
bee-product,,heldout,6-7,1.0,all_no_bos,randnorm,2,2,1,12498,1,0,0,
bee-product,,heldout,6-7,1.0,from_mention,lens,-1,4,1,12498,1,0,0,
bee-product,,heldout,6-7,1.0,from_mention,randdir,0,3,1,12498,1,0,0,
bee-product,,heldout,6-7,1.0,from_mention,randdir,1,4,1,12498,1,0,0,
bee-product,,heldout,6-7,1.0,from_mention,randdir,2,3,1,12498,1,0,0,
bee-product,,heldout,6-7,1.0,from_mention,randnorm,0,3,1,12498,1,0,0,
bee-product,,heldout,6-7,1.0,from_mention,randnorm,1,2,1,12498,1,0,0,
bee-product,,heldout,6-7,1.0,from_mention,randnorm,2,2,1,12498,1,0,0,
bee-product,,heldout,6-7,1.0,answer_only,lens,-1,3,1,12498,1,0,0,
bee-product,,heldout,6-7,1.0,answer_only,randdir,0,3,1,12498,1,0,0,
bee-product,,heldout,6-7,1.0,answer_only,randdir,1,4,1,12498,1,0,0,
bee-product,,heldout,6-7,1.0,answer_only,randdir,2,3,1,12498,1,0,0,
bee-product,,heldout,6-7,1.0,answer_only,randnorm,0,3,1,12498,1,0,0,
bee-product,,heldout,6-7,1.0,answer_only,randnorm,1,3,1,12498,1,0,0,
bee-product,,heldout,6-7,1.0,answer_only,randnorm,2,3,1,12498,1,0,0,
bee-product,,heldout,6-7,2.0,all_no_bos,lens,-1,1,16,7545,1,1,1,
bee-product,,heldout,6-7,2.0,all_no_bos,randdir,0,3,1,12498,1,0,0,
bee-product,,heldout,6-7,2.0,all_no_bos,randdir,1,5,1,12498,1,0,0,
bee-product,,heldout,6-7,2.0,all_no_bos,randdir,2,3,1,12498,1,0,0,
bee-product,,heldout,6-7,2.0,all_no_bos,randnorm,0,5,1,12498,1,0,0,
bee-product,,heldout,6-7,2.0,all_no_bos,randnorm,1,4,1,12498,1,0,0,
bee-product,,heldout,6-7,2.0,all_no_bos,randnorm,2,3,1,12498,1,0,0,
bee-product,,heldout,6-7,2.0,from_mention,lens,-1,1,16,7545,1,1,1,
bee-product,,heldout,6-7,2.0,from_mention,randdir,0,3,1,12498,1,0,0,
bee-product,,heldout,6-7,2.0,from_mention,randdir,1,5,1,12498,1,0,0,
bee-product,,heldout,6-7,2.0,from_mention,randdir,2,3,1,12498,1,0,0,
bee-product,,heldout,6-7,2.0,from_mention,randnorm,0,5,1,12498,1,0,0,
bee-product,,heldout,6-7,2.0,from_mention,randnorm,1,4,1,12498,1,0,0,
bee-product,,heldout,6-7,2.0,from_mention,randnorm,2,3,1,12498,1,0,0,
bee-product,,heldout,6-7,2.0,answer_only,lens,-1,5,1,12498,1,0,0,
bee-product,,heldout,6-7,2.0,answer_only,randdir,0,3,1,12498,1,0,0,
bee-product,,heldout,6-7,2.0,answer_only,randdir,1,5,1,12498,1,0,0,
bee-product,,heldout,6-7,2.0,answer_only,randdir,2,3,1,12498,1,0,0,
bee-product,,heldout,6-7,2.0,answer_only,randnorm,0,3,1,12498,1,0,0,
bee-product,,heldout,6-7,2.0,answer_only,randnorm,1,3,1,12498,1,0,0,
bee-product,,heldout,6-7,2.0,answer_only,randnorm,2,3,1,12498,1,0,0,
bee-product,,heldout,7-8,0.5,all_no_bos,lens,-1,3,1,12498,1,0,0,
bee-product,,heldout,7-8,0.5,all_no_bos,randdir,0,3,1,12498,1,0,0,
bee-product,,heldout,7-8,0.5,all_no_bos,randdir,1,3,1,12498,1,0,0,
bee-product,,heldout,7-8,0.5,all_no_bos,randdir,2,3,1,12498,1,0,0,
bee-product,,heldout,7-8,0.5,all_no_bos,randnorm,0,3,1,12498,1,0,0,
bee-product,,heldout,7-8,0.5,all_no_bos,randnorm,1,3,1,12498,1,0,0,
bee-product,,heldout,7-8,0.5,all_no_bos,randnorm,2,3,1,12498,1,0,0,
bee-product,,heldout,7-8,0.5,from_mention,lens,-1,3,1,12498,1,0,0,
bee-product,,heldout,7-8,0.5,from_mention,randdir,0,3,1,12498,1,0,0,
bee-product,,heldout,7-8,0.5,from_mention,randdir,1,3,1,12498,1,0,0,
bee-product,,heldout,7-8,0.5,from_mention,randdir,2,3,1,12498,1,0,0,
bee-product,,heldout,7-8,0.5,from_mention,randnorm,0,3,1,12498,1,0,0,
bee-product,,heldout,7-8,0.5,from_mention,randnorm,1,3,1,12498,1,0,0,
bee-product,,heldout,7-8,0.5,from_mention,randnorm,2,3,1,12498,1,0,0,
bee-product,,heldout,7-8,0.5,answer_only,lens,-1,3,1,12498,1,0,0,
bee-product,,heldout,7-8,0.5,answer_only,randdir,0,3,1,12498,1,0,0,
bee-product,,heldout,7-8,0.5,answer_only,randdir,1,3,1,12498,1,0,0,
bee-product,,heldout,7-8,0.5,answer_only,randdir,2,3,1,12498,1,0,0,
bee-product,,heldout,7-8,0.5,answer_only,randnorm,0,3,1,12498,1,0,0,
bee-product,,heldout,7-8,0.5,answer_only,randnorm,1,3,1,12498,1,0,0,
bee-product,,heldout,7-8,0.5,answer_only,randnorm,2,3,1,12498,1,0,0,
bee-product,,heldout,7-8,1.0,all_no_bos,lens,-1,3,1,12498,1,0,0,
bee-product,,heldout,7-8,1.0,all_no_bos,randdir,0,3,1,12498,1,0,0,
bee-product,,heldout,7-8,1.0,all_no_bos,randdir,1,4,1,12498,1,0,0,
bee-product,,heldout,7-8,1.0,all_no_bos,randdir,2,3,1,12498,1,0,0,
bee-product,,heldout,7-8,1.0,all_no_bos,randnorm,0,4,1,12498,1,0,0,
bee-product,,heldout,7-8,1.0,all_no_bos,randnorm,1,2,1,12498,1,0,0,
bee-product,,heldout,7-8,1.0,all_no_bos,randnorm,2,3,1,12498,1,0,0,
bee-product,,heldout,7-8,1.0,from_mention,lens,-1,3,1,12498,1,0,0,
bee-product,,heldout,7-8,1.0,from_mention,randdir,0,3,1,12498,1,0,0,
bee-product,,heldout,7-8,1.0,from_mention,randdir,1,4,1,12498,1,0,0,
bee-product,,heldout,7-8,1.0,from_mention,randdir,2,3,1,12498,1,0,0,
bee-product,,heldout,7-8,1.0,from_mention,randnorm,0,4,1,12498,1,0,0,
bee-product,,heldout,7-8,1.0,from_mention,randnorm,1,2,1,12498,1,0,0,
bee-product,,heldout,7-8,1.0,from_mention,randnorm,2,3,1,12498,1,0,0,
bee-product,,heldout,7-8,1.0,answer_only,lens,-1,3,1,12498,1,0,0,
bee-product,,heldout,7-8,1.0,answer_only,randdir,0,3,1,12498,1,0,0,
bee-product,,heldout,7-8,1.0,answer_only,randdir,1,5,1,12498,1,0,0,
bee-product,,heldout,7-8,1.0,answer_only,randdir,2,3,1,12498,1,0,0,
bee-product,,heldout,7-8,1.0,answer_only,randnorm,0,3,1,12498,1,0,0,
bee-product,,heldout,7-8,1.0,answer_only,randnorm,1,3,1,12498,1,0,0,
bee-product,,heldout,7-8,1.0,answer_only,randnorm,2,3,1,12498,1,0,0,
bee-product,,heldout,7-8,2.0,all_no_bos,lens,-1,1,9,7545,1,1,1,
bee-product,,heldout,7-8,2.0,all_no_bos,randdir,0,3,1,12498,1,0,0,
bee-product,,heldout,7-8,2.0,all_no_bos,randdir,1,5,1,12498,1,0,0,
bee-product,,heldout,7-8,2.0,all_no_bos,randdir,2,3,1,12498,1,0,0,
bee-product,,heldout,7-8,2.0,all_no_bos,randnorm,0,9,2,262,0,0,0,
bee-product,,heldout,7-8,2.0,all_no_bos,randnorm,1,4,1,12498,1,0,0,
bee-product,,heldout,7-8,2.0,all_no_bos,randnorm,2,4,1,12498,1,0,0,
bee-product,,heldout,7-8,2.0,from_mention,lens,-1,1,9,7545,1,1,1,
bee-product,,heldout,7-8,2.0,from_mention,randdir,0,3,1,12498,1,0,0,
bee-product,,heldout,7-8,2.0,from_mention,randdir,1,5,1,12498,1,0,0,
bee-product,,heldout,7-8,2.0,from_mention,randdir,2,3,1,12498,1,0,0,
bee-product,,heldout,7-8,2.0,from_mention,randnorm,0,9,2,262,0,0,0,
bee-product,,heldout,7-8,2.0,from_mention,randnorm,1,4,1,12498,1,0,0,
bee-product,,heldout,7-8,2.0,from_mention,randnorm,2,4,1,12498,1,0,0,
bee-product,,heldout,7-8,2.0,answer_only,lens,-1,3,1,12498,1,0,0,
bee-product,,heldout,7-8,2.0,answer_only,randdir,0,3,1,12498,1,0,0,
bee-product,,heldout,7-8,2.0,answer_only,randdir,1,5,1,12498,1,0,0,
bee-product,,heldout,7-8,2.0,answer_only,randdir,2,3,1,12498,1,0,0,
bee-product,,heldout,7-8,2.0,answer_only,randnorm,0,3,1,12498,1,0,0,
bee-product,,heldout,7-8,2.0,answer_only,randnorm,1,3,1,12498,1,0,0,
bee-product,,heldout,7-8,2.0,answer_only,randnorm,2,3,1,12498,1,0,0,
bee-product,,heldout,8-9,0.5,all_no_bos,lens,-1,3,1,12498,1,0,0,
bee-product,,heldout,8-9,0.5,all_no_bos,randdir,0,3,1,12498,1,0,0,
bee-product,,heldout,8-9,0.5,all_no_bos,randdir,1,3,1,12498,1,0,0,
bee-product,,heldout,8-9,0.5,all_no_bos,randdir,2,3,1,12498,1,0,0,
bee-product,,heldout,8-9,0.5,all_no_bos,randnorm,0,3,1,12498,1,0,0,
bee-product,,heldout,8-9,0.5,all_no_bos,randnorm,1,3,1,12498,1,0,0,
bee-product,,heldout,8-9,0.5,all_no_bos,randnorm,2,3,1,12498,1,0,0,
bee-product,,heldout,8-9,0.5,from_mention,lens,-1,3,1,12498,1,0,0,
bee-product,,heldout,8-9,0.5,from_mention,randdir,0,3,1,12498,1,0,0,
bee-product,,heldout,8-9,0.5,from_mention,randdir,1,3,1,12498,1,0,0,
bee-product,,heldout,8-9,0.5,from_mention,randdir,2,3,1,12498,1,0,0,
bee-product,,heldout,8-9,0.5,from_mention,randnorm,0,3,1,12498,1,0,0,
bee-product,,heldout,8-9,0.5,from_mention,randnorm,1,3,1,12498,1,0,0,
bee-product,,heldout,8-9,0.5,from_mention,randnorm,2,3,1,12498,1,0,0,
bee-product,,heldout,8-9,0.5,answer_only,lens,-1,3,1,12498,1,0,0,
bee-product,,heldout,8-9,0.5,answer_only,randdir,0,3,1,12498,1,0,0,
bee-product,,heldout,8-9,0.5,answer_only,randdir,1,3,1,12498,1,0,0,
bee-product,,heldout,8-9,0.5,answer_only,randdir,2,3,1,12498,1,0,0,
bee-product,,heldout,8-9,0.5,answer_only,randnorm,0,3,1,12498,1,0,0,
bee-product,,heldout,8-9,0.5,answer_only,randnorm,1,3,1,12498,1,0,0,
bee-product,,heldout,8-9,0.5,answer_only,randnorm,2,3,1,12498,1,0,0,
bee-product,,heldout,8-9,1.0,all_no_bos,lens,-1,3,1,12498,1,0,0,
bee-product,,heldout,8-9,1.0,all_no_bos,randdir,0,3,1,12498,1,0,0,
bee-product,,heldout,8-9,1.0,all_no_bos,randdir,1,3,1,12498,1,0,0,
bee-product,,heldout,8-9,1.0,all_no_bos,randdir,2,3,1,12498,1,0,0,
bee-product,,heldout,8-9,1.0,all_no_bos,randnorm,0,3,1,12498,1,0,0,
bee-product,,heldout,8-9,1.0,all_no_bos,randnorm,1,3,1,12498,1,0,0,
bee-product,,heldout,8-9,1.0,all_no_bos,randnorm,2,4,1,12498,1,0,0,
bee-product,,heldout,8-9,1.0,from_mention,lens,-1,3,1,12498,1,0,0,
bee-product,,heldout,8-9,1.0,from_mention,randdir,0,3,1,12498,1,0,0,
bee-product,,heldout,8-9,1.0,from_mention,randdir,1,3,1,12498,1,0,0,
bee-product,,heldout,8-9,1.0,from_mention,randdir,2,3,1,12498,1,0,0,
bee-product,,heldout,8-9,1.0,from_mention,randnorm,0,3,1,12498,1,0,0,
bee-product,,heldout,8-9,1.0,from_mention,randnorm,1,3,1,12498,1,0,0,
bee-product,,heldout,8-9,1.0,from_mention,randnorm,2,4,1,12498,1,0,0,
bee-product,,heldout,8-9,1.0,answer_only,lens,-1,3,1,12498,1,0,0,
bee-product,,heldout,8-9,1.0,answer_only,randdir,0,3,1,12498,1,0,0,
bee-product,,heldout,8-9,1.0,answer_only,randdir,1,3,1,12498,1,0,0,
bee-product,,heldout,8-9,1.0,answer_only,randdir,2,3,1,12498,1,0,0,
bee-product,,heldout,8-9,1.0,answer_only,randnorm,0,3,1,12498,1,0,0,
bee-product,,heldout,8-9,1.0,answer_only,randnorm,1,3,1,12498,1,0,0,
bee-product,,heldout,8-9,1.0,answer_only,randnorm,2,3,1,12498,1,0,0,
bee-product,,heldout,8-9,2.0,all_no_bos,lens,-1,5,2,262,1,0,0,
bee-product,,heldout,8-9,2.0,all_no_bos,randdir,0,3,1,12498,1,0,0,
bee-product,,heldout,8-9,2.0,all_no_bos,randdir,1,4,1,12498,1,0,0,
bee-product,,heldout,8-9,2.0,all_no_bos,randdir,2,4,1,12498,1,0,0,
bee-product,,heldout,8-9,2.0,all_no_bos,randnorm,0,5,1,12498,1,0,0,
bee-product,,heldout,8-9,2.0,all_no_bos,randnorm,1,5,1,12498,1,0,0,
bee-product,,heldout,8-9,2.0,all_no_bos,randnorm,2,6,1,12498,0,0,0,
bee-product,,heldout,8-9,2.0,from_mention,lens,-1,5,2,262,1,0,0,
bee-product,,heldout,8-9,2.0,from_mention,randdir,0,3,1,12498,1,0,0,
bee-product,,heldout,8-9,2.0,from_mention,randdir,1,4,1,12498,1,0,0,
bee-product,,heldout,8-9,2.0,from_mention,randdir,2,4,1,12498,1,0,0,
bee-product,,heldout,8-9,2.0,from_mention,randnorm,0,5,1,12498,1,0,0,
bee-product,,heldout,8-9,2.0,from_mention,randnorm,1,5,1,12498,1,0,0,
bee-product,,heldout,8-9,2.0,from_mention,randnorm,2,6,1,12498,0,0,0,
bee-product,,heldout,8-9,2.0,answer_only,lens,-1,3,1,12498,1,0,0,
bee-product,,heldout,8-9,2.0,answer_only,randdir,0,3,1,12498,1,0,0,
bee-product,,heldout,8-9,2.0,answer_only,randdir,1,4,1,12498,1,0,0,
bee-product,,heldout,8-9,2.0,answer_only,randdir,2,3,1,12498,1,0,0,
bee-product,,heldout,8-9,2.0,answer_only,randnorm,0,3,1,12498,1,0,0,
bee-product,,heldout,8-9,2.0,answer_only,randnorm,1,3,1,12498,1,0,0,
bee-product,,heldout,8-9,2.0,answer_only,randnorm,2,3,1,12498,1,0,0,
bee-product,,heldout,6-7-8,0.5,all_no_bos,lens,-1,3,1,12498,1,0,0,
bee-product,,heldout,6-7-8,0.5,all_no_bos,randdir,0,3,1,12498,1,0,0,
bee-product,,heldout,6-7-8,0.5,all_no_bos,randdir,1,3,1,12498,1,0,0,
bee-product,,heldout,6-7-8,0.5,all_no_bos,randdir,2,3,1,12498,1,0,0,
bee-product,,heldout,6-7-8,0.5,all_no_bos,randnorm,0,3,1,12498,1,0,0,
bee-product,,heldout,6-7-8,0.5,all_no_bos,randnorm,1,3,1,12498,1,0,0,
bee-product,,heldout,6-7-8,0.5,all_no_bos,randnorm,2,3,1,12498,1,0,0,
bee-product,,heldout,6-7-8,0.5,from_mention,lens,-1,3,1,12498,1,0,0,
bee-product,,heldout,6-7-8,0.5,from_mention,randdir,0,3,1,12498,1,0,0,
bee-product,,heldout,6-7-8,0.5,from_mention,randdir,1,3,1,12498,1,0,0,
bee-product,,heldout,6-7-8,0.5,from_mention,randdir,2,3,1,12498,1,0,0,
bee-product,,heldout,6-7-8,0.5,from_mention,randnorm,0,3,1,12498,1,0,0,
bee-product,,heldout,6-7-8,0.5,from_mention,randnorm,1,3,1,12498,1,0,0,
bee-product,,heldout,6-7-8,0.5,from_mention,randnorm,2,3,1,12498,1,0,0,
bee-product,,heldout,6-7-8,0.5,answer_only,lens,-1,3,1,12498,1,0,0,
bee-product,,heldout,6-7-8,0.5,answer_only,randdir,0,3,1,12498,1,0,0,
bee-product,,heldout,6-7-8,0.5,answer_only,randdir,1,3,1,12498,1,0,0,
bee-product,,heldout,6-7-8,0.5,answer_only,randdir,2,3,1,12498,1,0,0,
bee-product,,heldout,6-7-8,0.5,answer_only,randnorm,0,3,1,12498,1,0,0,
bee-product,,heldout,6-7-8,0.5,answer_only,randnorm,1,3,1,12498,1,0,0,
bee-product,,heldout,6-7-8,0.5,answer_only,randnorm,2,3,1,12498,1,0,0,
bee-product,,heldout,6-7-8,1.0,all_no_bos,lens,-1,2,1,12498,1,0,0,
bee-product,,heldout,6-7-8,1.0,all_no_bos,randdir,0,3,1,12498,1,0,0,
bee-product,,heldout,6-7-8,1.0,all_no_bos,randdir,1,4,1,12498,1,0,0,
bee-product,,heldout,6-7-8,1.0,all_no_bos,randdir,2,3,1,12498,1,0,0,
bee-product,,heldout,6-7-8,1.0,all_no_bos,randnorm,0,3,1,12498,1,0,0,
bee-product,,heldout,6-7-8,1.0,all_no_bos,randnorm,1,2,1,12498,1,0,0,
bee-product,,heldout,6-7-8,1.0,all_no_bos,randnorm,2,3,1,12498,1,0,0,
bee-product,,heldout,6-7-8,1.0,from_mention,lens,-1,2,1,12498,1,0,0,
bee-product,,heldout,6-7-8,1.0,from_mention,randdir,0,3,1,12498,1,0,0,
bee-product,,heldout,6-7-8,1.0,from_mention,randdir,1,4,1,12498,1,0,0,
bee-product,,heldout,6-7-8,1.0,from_mention,randdir,2,3,1,12498,1,0,0,
bee-product,,heldout,6-7-8,1.0,from_mention,randnorm,0,3,1,12498,1,0,0,
bee-product,,heldout,6-7-8,1.0,from_mention,randnorm,1,2,1,12498,1,0,0,
bee-product,,heldout,6-7-8,1.0,from_mention,randnorm,2,3,1,12498,1,0,0,
bee-product,,heldout,6-7-8,1.0,answer_only,lens,-1,3,1,12498,1,0,0,
bee-product,,heldout,6-7-8,1.0,answer_only,randdir,0,3,1,12498,1,0,0,
bee-product,,heldout,6-7-8,1.0,answer_only,randdir,1,4,1,12498,1,0,0,
bee-product,,heldout,6-7-8,1.0,answer_only,randdir,2,3,1,12498,1,0,0,
bee-product,,heldout,6-7-8,1.0,answer_only,randnorm,0,3,1,12498,1,0,0,
bee-product,,heldout,6-7-8,1.0,answer_only,randnorm,1,3,1,12498,1,0,0,
bee-product,,heldout,6-7-8,1.0,answer_only,randnorm,2,3,1,12498,1,0,0,
bee-product,,heldout,6-7-8,2.0,all_no_bos,lens,-1,5,2559,262,1,0,1,
bee-product,,heldout,6-7-8,2.0,all_no_bos,randdir,0,3,1,12498,1,0,0,
bee-product,,heldout,6-7-8,2.0,all_no_bos,randdir,1,5,1,12498,1,0,0,
bee-product,,heldout,6-7-8,2.0,all_no_bos,randdir,2,3,1,12498,1,0,0,
bee-product,,heldout,6-7-8,2.0,all_no_bos,randnorm,0,7,1,12498,0,0,0,
bee-product,,heldout,6-7-8,2.0,all_no_bos,randnorm,1,4,1,12498,1,0,0,
bee-product,,heldout,6-7-8,2.0,all_no_bos,randnorm,2,3,1,12498,1,0,0,
bee-product,,heldout,6-7-8,2.0,from_mention,lens,-1,5,2559,262,1,0,1,
bee-product,,heldout,6-7-8,2.0,from_mention,randdir,0,3,1,12498,1,0,0,
bee-product,,heldout,6-7-8,2.0,from_mention,randdir,1,5,1,12498,1,0,0,
bee-product,,heldout,6-7-8,2.0,from_mention,randdir,2,3,1,12498,1,0,0,
bee-product,,heldout,6-7-8,2.0,from_mention,randnorm,0,7,1,12498,0,0,0,
bee-product,,heldout,6-7-8,2.0,from_mention,randnorm,1,4,1,12498,1,0,0,
bee-product,,heldout,6-7-8,2.0,from_mention,randnorm,2,3,1,12498,1,0,0,
bee-product,,heldout,6-7-8,2.0,answer_only,lens,-1,2,1,12498,1,0,0,
bee-product,,heldout,6-7-8,2.0,answer_only,randdir,0,3,1,12498,1,0,0,
bee-product,,heldout,6-7-8,2.0,answer_only,randdir,1,5,1,12498,1,0,0,
bee-product,,heldout,6-7-8,2.0,answer_only,randdir,2,3,1,12498,1,0,0,
bee-product,,heldout,6-7-8,2.0,answer_only,randnorm,0,3,1,12498,1,0,0,
bee-product,,heldout,6-7-8,2.0,answer_only,randnorm,1,3,1,12498,1,0,0,
bee-product,,heldout,6-7-8,2.0,answer_only,randnorm,2,3,1,12498,1,0,0,
bee-product,,heldout,7-8-9,0.5,all_no_bos,lens,-1,2,1,12498,1,0,0,
bee-product,,heldout,7-8-9,0.5,all_no_bos,randdir,0,3,1,12498,1,0,0,
bee-product,,heldout,7-8-9,0.5,all_no_bos,randdir,1,3,1,12498,1,0,0,
bee-product,,heldout,7-8-9,0.5,all_no_bos,randdir,2,3,1,12498,1,0,0,
bee-product,,heldout,7-8-9,0.5,all_no_bos,randnorm,0,3,1,12498,1,0,0,
bee-product,,heldout,7-8-9,0.5,all_no_bos,randnorm,1,3,1,12498,1,0,0,
bee-product,,heldout,7-8-9,0.5,all_no_bos,randnorm,2,3,1,12498,1,0,0,
bee-product,,heldout,7-8-9,0.5,from_mention,lens,-1,2,1,12498,1,0,0,
bee-product,,heldout,7-8-9,0.5,from_mention,randdir,0,3,1,12498,1,0,0,
bee-product,,heldout,7-8-9,0.5,from_mention,randdir,1,3,1,12498,1,0,0,
bee-product,,heldout,7-8-9,0.5,from_mention,randdir,2,3,1,12498,1,0,0,
bee-product,,heldout,7-8-9,0.5,from_mention,randnorm,0,3,1,12498,1,0,0,
bee-product,,heldout,7-8-9,0.5,from_mention,randnorm,1,3,1,12498,1,0,0,
bee-product,,heldout,7-8-9,0.5,from_mention,randnorm,2,3,1,12498,1,0,0,
bee-product,,heldout,7-8-9,0.5,answer_only,lens,-1,3,1,12498,1,0,0,
bee-product,,heldout,7-8-9,0.5,answer_only,randdir,0,3,1,12498,1,0,0,
bee-product,,heldout,7-8-9,0.5,answer_only,randdir,1,3,1,12498,1,0,0,
bee-product,,heldout,7-8-9,0.5,answer_only,randdir,2,3,1,12498,1,0,0,
bee-product,,heldout,7-8-9,0.5,answer_only,randnorm,0,3,1,12498,1,0,0,
bee-product,,heldout,7-8-9,0.5,answer_only,randnorm,1,3,1,12498,1,0,0,
bee-product,,heldout,7-8-9,0.5,answer_only,randnorm,2,3,1,12498,1,0,0,
bee-product,,heldout,7-8-9,1.0,all_no_bos,lens,-1,1,2,7545,1,1,1,
bee-product,,heldout,7-8-9,1.0,all_no_bos,randdir,0,3,1,12498,1,0,0,
bee-product,,heldout,7-8-9,1.0,all_no_bos,randdir,1,4,1,12498,1,0,0,
bee-product,,heldout,7-8-9,1.0,all_no_bos,randdir,2,3,1,12498,1,0,0,
bee-product,,heldout,7-8-9,1.0,all_no_bos,randnorm,0,4,1,12498,1,0,0,
bee-product,,heldout,7-8-9,1.0,all_no_bos,randnorm,1,2,1,12498,1,0,0,
bee-product,,heldout,7-8-9,1.0,all_no_bos,randnorm,2,3,1,12498,1,0,0,
bee-product,,heldout,7-8-9,1.0,from_mention,lens,-1,1,2,7545,1,1,1,
bee-product,,heldout,7-8-9,1.0,from_mention,randdir,0,3,1,12498,1,0,0,
bee-product,,heldout,7-8-9,1.0,from_mention,randdir,1,4,1,12498,1,0,0,
bee-product,,heldout,7-8-9,1.0,from_mention,randdir,2,3,1,12498,1,0,0,
bee-product,,heldout,7-8-9,1.0,from_mention,randnorm,0,4,1,12498,1,0,0,
bee-product,,heldout,7-8-9,1.0,from_mention,randnorm,1,2,1,12498,1,0,0,
bee-product,,heldout,7-8-9,1.0,from_mention,randnorm,2,3,1,12498,1,0,0,
bee-product,,heldout,7-8-9,1.0,answer_only,lens,-1,3,1,12498,1,0,0,
bee-product,,heldout,7-8-9,1.0,answer_only,randdir,0,3,1,12498,1,0,0,
bee-product,,heldout,7-8-9,1.0,answer_only,randdir,1,5,1,12498,1,0,0,
bee-product,,heldout,7-8-9,1.0,answer_only,randdir,2,3,1,12498,1,0,0,
bee-product,,heldout,7-8-9,1.0,answer_only,randnorm,0,3,1,12498,1,0,0,
bee-product,,heldout,7-8-9,1.0,answer_only,randnorm,1,3,1,12498,1,0,0,
bee-product,,heldout,7-8-9,1.0,answer_only,randnorm,2,3,1,12498,1,0,0,
bee-product,,heldout,7-8-9,2.0,all_no_bos,lens,-1,3,19,262,1,0,1,
bee-product,,heldout,7-8-9,2.0,all_no_bos,randdir,0,3,1,12498,1,0,0,
bee-product,,heldout,7-8-9,2.0,all_no_bos,randdir,1,5,1,12498,1,0,0,
bee-product,,heldout,7-8-9,2.0,all_no_bos,randdir,2,3,1,12498,1,0,0,
bee-product,,heldout,7-8-9,2.0,all_no_bos,randnorm,0,21,2,262,0,0,0,
bee-product,,heldout,7-8-9,2.0,all_no_bos,randnorm,1,3,1,12498,1,0,0,
bee-product,,heldout,7-8-9,2.0,all_no_bos,randnorm,2,8,2,262,0,0,0,
bee-product,,heldout,7-8-9,2.0,from_mention,lens,-1,3,19,262,1,0,1,
bee-product,,heldout,7-8-9,2.0,from_mention,randdir,0,3,1,12498,1,0,0,
bee-product,,heldout,7-8-9,2.0,from_mention,randdir,1,5,1,12498,1,0,0,
bee-product,,heldout,7-8-9,2.0,from_mention,randdir,2,3,1,12498,1,0,0,
bee-product,,heldout,7-8-9,2.0,from_mention,randnorm,0,21,2,262,0,0,0,
bee-product,,heldout,7-8-9,2.0,from_mention,randnorm,1,3,1,12498,1,0,0,
bee-product,,heldout,7-8-9,2.0,from_mention,randnorm,2,8,2,262,0,0,0,
bee-product,,heldout,7-8-9,2.0,answer_only,lens,-1,2,1,12498,1,0,0,
bee-product,,heldout,7-8-9,2.0,answer_only,randdir,0,3,1,12498,1,0,0,
bee-product,,heldout,7-8-9,2.0,answer_only,randdir,1,5,1,12498,1,0,0,
bee-product,,heldout,7-8-9,2.0,answer_only,randdir,2,3,1,12498,1,0,0,
bee-product,,heldout,7-8-9,2.0,answer_only,randnorm,0,3,1,12498,1,0,0,
bee-product,,heldout,7-8-9,2.0,answer_only,randnorm,1,3,1,12498,1,0,0,
bee-product,,heldout,7-8-9,2.0,answer_only,randnorm,2,3,1,12498,1,0,0,
bird-action,,tuning,3,0.5,all_no_bos,lens,-1,4,2,307,1,0,0,
bird-action,,tuning,3,0.5,all_no_bos,randdir,0,4,2,307,1,0,0,
bird-action,,tuning,3,0.5,all_no_bos,randdir,1,4,3,307,1,0,0,
bird-action,,tuning,3,0.5,all_no_bos,randdir,2,4,2,307,1,0,0,
bird-action,,tuning,3,0.5,all_no_bos,randnorm,0,4,3,307,1,0,0,
bird-action,,tuning,3,0.5,all_no_bos,randnorm,1,2,3,307,1,0,1,
bird-action,,tuning,3,0.5,all_no_bos,randnorm,2,3,2,307,1,0,0,
bird-action,,tuning,3,0.5,from_mention,lens,-1,2,4,307,1,0,1,
bird-action,,tuning,3,0.5,from_mention,randdir,0,4,2,307,1,0,0,
bird-action,,tuning,3,0.5,from_mention,randdir,1,4,3,307,1,0,0,
bird-action,,tuning,3,0.5,from_mention,randdir,2,4,2,307,1,0,0,
bird-action,,tuning,3,0.5,from_mention,randnorm,0,4,2,307,1,0,0,
bird-action,,tuning,3,0.5,from_mention,randnorm,1,4,2,307,1,0,0,
bird-action,,tuning,3,0.5,from_mention,randnorm,2,4,2,307,1,0,0,
bird-action,,tuning,3,0.5,answer_only,lens,-1,4,2,307,1,0,0,
bird-action,,tuning,3,0.5,answer_only,randdir,0,4,2,307,1,0,0,
bird-action,,tuning,3,0.5,answer_only,randdir,1,4,2,307,1,0,0,
bird-action,,tuning,3,0.5,answer_only,randdir,2,4,2,307,1,0,0,
bird-action,,tuning,3,0.5,answer_only,randnorm,0,4,2,307,1,0,0,
bird-action,,tuning,3,0.5,answer_only,randnorm,1,4,2,307,1,0,0,
bird-action,,tuning,3,0.5,answer_only,randnorm,2,4,2,307,1,0,0,
bird-action,,tuning,3,1.0,all_no_bos,lens,-1,4,2,307,1,0,0,
bird-action,,tuning,3,1.0,all_no_bos,randdir,0,4,3,307,1,0,0,
bird-action,,tuning,3,1.0,all_no_bos,randdir,1,4,3,307,1,0,0,
bird-action,,tuning,3,1.0,all_no_bos,randdir,2,4,2,307,1,0,0,
bird-action,,tuning,3,1.0,all_no_bos,randnorm,0,4,3,307,1,0,0,
bird-action,,tuning,3,1.0,all_no_bos,randnorm,1,2,4,307,1,0,1,
bird-action,,tuning,3,1.0,all_no_bos,randnorm,2,3,2,307,1,0,0,
bird-action,,tuning,3,1.0,from_mention,lens,-1,2,4,307,1,0,1,
bird-action,,tuning,3,1.0,from_mention,randdir,0,4,3,307,1,0,0,
bird-action,,tuning,3,1.0,from_mention,randdir,1,4,3,307,1,0,0,
bird-action,,tuning,3,1.0,from_mention,randdir,2,4,2,307,1,0,0,
bird-action,,tuning,3,1.0,from_mention,randnorm,0,2,4,307,1,0,1,
bird-action,,tuning,3,1.0,from_mention,randnorm,1,4,2,307,1,0,0,
bird-action,,tuning,3,1.0,from_mention,randnorm,2,4,2,307,1,0,0,
bird-action,,tuning,3,1.0,answer_only,lens,-1,4,2,307,1,0,0,
bird-action,,tuning,3,1.0,answer_only,randdir,0,4,2,307,1,0,0,
bird-action,,tuning,3,1.0,answer_only,randdir,1,4,3,307,1,0,0,
bird-action,,tuning,3,1.0,answer_only,randdir,2,4,2,307,1,0,0,
bird-action,,tuning,3,1.0,answer_only,randnorm,0,4,2,307,1,0,0,
bird-action,,tuning,3,1.0,answer_only,randnorm,1,4,2,307,1,0,0,
bird-action,,tuning,3,1.0,answer_only,randnorm,2,4,2,307,1,0,0,
bird-action,,tuning,3,2.0,all_no_bos,lens,-1,7,2,307,0,0,0,
bird-action,,tuning,3,2.0,all_no_bos,randdir,0,4,3,307,1,0,0,
bird-action,,tuning,3,2.0,all_no_bos,randdir,1,4,3,307,1,0,0,
bird-action,,tuning,3,2.0,all_no_bos,randdir,2,4,2,307,1,0,0,
bird-action,,tuning,3,2.0,all_no_bos,randnorm,0,4,3,307,1,0,0,
bird-action,,tuning,3,2.0,all_no_bos,randnorm,1,2,3,307,1,0,1,
bird-action,,tuning,3,2.0,all_no_bos,randnorm,2,3,2,307,1,0,0,
bird-action,,tuning,3,2.0,from_mention,lens,-1,2,5,307,1,0,1,
bird-action,,tuning,3,2.0,from_mention,randdir,0,3,4,307,1,0,1,
bird-action,,tuning,3,2.0,from_mention,randdir,1,4,3,307,1,0,0,
bird-action,,tuning,3,2.0,from_mention,randdir,2,4,2,307,1,0,0,
bird-action,,tuning,3,2.0,from_mention,randnorm,0,2,4,307,1,0,1,
bird-action,,tuning,3,2.0,from_mention,randnorm,1,4,2,307,1,0,0,
bird-action,,tuning,3,2.0,from_mention,randnorm,2,4,2,307,1,0,0,
bird-action,,tuning,3,2.0,answer_only,lens,-1,4,2,307,1,0,0,
bird-action,,tuning,3,2.0,answer_only,randdir,0,4,2,307,1,0,0,
bird-action,,tuning,3,2.0,answer_only,randdir,1,4,3,307,1,0,0,
bird-action,,tuning,3,2.0,answer_only,randdir,2,4,2,307,1,0,0,
bird-action,,tuning,3,2.0,answer_only,randnorm,0,4,2,307,1,0,0,
bird-action,,tuning,3,2.0,answer_only,randnorm,1,4,2,307,1,0,0,
bird-action,,tuning,3,2.0,answer_only,randnorm,2,4,2,307,1,0,0,
bird-action,,tuning,4,0.5,all_no_bos,lens,-1,3,2,307,1,0,0,
bird-action,,tuning,4,0.5,all_no_bos,randdir,0,4,2,307,1,0,0,
bird-action,,tuning,4,0.5,all_no_bos,randdir,1,4,2,307,1,0,0,
bird-action,,tuning,4,0.5,all_no_bos,randdir,2,4,2,307,1,0,0,
bird-action,,tuning,4,0.5,all_no_bos,randnorm,0,2,3,307,1,0,1,
bird-action,,tuning,4,0.5,all_no_bos,randnorm,1,2,3,307,1,0,1,
bird-action,,tuning,4,0.5,all_no_bos,randnorm,2,4,2,307,1,0,0,
bird-action,,tuning,4,0.5,from_mention,lens,-1,2,4,307,1,0,1,
bird-action,,tuning,4,0.5,from_mention,randdir,0,4,2,307,1,0,0,
bird-action,,tuning,4,0.5,from_mention,randdir,1,4,2,307,1,0,0,
bird-action,,tuning,4,0.5,from_mention,randdir,2,4,2,307,1,0,0,
bird-action,,tuning,4,0.5,from_mention,randnorm,0,3,2,307,1,0,0,
bird-action,,tuning,4,0.5,from_mention,randnorm,1,3,2,307,1,0,0,
bird-action,,tuning,4,0.5,from_mention,randnorm,2,4,2,307,1,0,0,
bird-action,,tuning,4,0.5,answer_only,lens,-1,4,2,307,1,0,0,
bird-action,,tuning,4,0.5,answer_only,randdir,0,4,2,307,1,0,0,
bird-action,,tuning,4,0.5,answer_only,randdir,1,4,2,307,1,0,0,
bird-action,,tuning,4,0.5,answer_only,randdir,2,4,2,307,1,0,0,
bird-action,,tuning,4,0.5,answer_only,randnorm,0,4,2,307,1,0,0,
bird-action,,tuning,4,0.5,answer_only,randnorm,1,4,2,307,1,0,0,
bird-action,,tuning,4,0.5,answer_only,randnorm,2,4,2,307,1,0,0,
bird-action,,tuning,4,1.0,all_no_bos,lens,-1,4,2,307,1,0,0,
bird-action,,tuning,4,1.0,all_no_bos,randdir,0,4,3,307,1,0,0,
bird-action,,tuning,4,1.0,all_no_bos,randdir,1,3,2,307,1,0,0,
bird-action,,tuning,4,1.0,all_no_bos,randdir,2,4,2,307,1,0,0,
bird-action,,tuning,4,1.0,all_no_bos,randnorm,0,2,3,307,1,0,1,
bird-action,,tuning,4,1.0,all_no_bos,randnorm,1,2,4,307,1,0,1,
bird-action,,tuning,4,1.0,all_no_bos,randnorm,2,4,2,307,1,0,0,
bird-action,,tuning,4,1.0,from_mention,lens,-1,2,4,307,1,0,1,
bird-action,,tuning,4,1.0,from_mention,randdir,0,4,3,307,1,0,0,
bird-action,,tuning,4,1.0,from_mention,randdir,1,4,2,307,1,0,0,
bird-action,,tuning,4,1.0,from_mention,randdir,2,4,2,307,1,0,0,
bird-action,,tuning,4,1.0,from_mention,randnorm,0,3,2,307,1,0,0,
bird-action,,tuning,4,1.0,from_mention,randnorm,1,2,3,307,1,0,1,
bird-action,,tuning,4,1.0,from_mention,randnorm,2,3,2,307,1,0,0,
bird-action,,tuning,4,1.0,answer_only,lens,-1,4,2,307,1,0,0,
bird-action,,tuning,4,1.0,answer_only,randdir,0,4,2,307,1,0,0,
bird-action,,tuning,4,1.0,answer_only,randdir,1,4,2,307,1,0,0,
bird-action,,tuning,4,1.0,answer_only,randdir,2,4,2,307,1,0,0,
bird-action,,tuning,4,1.0,answer_only,randnorm,0,4,2,307,1,0,0,
bird-action,,tuning,4,1.0,answer_only,randnorm,1,4,2,307,1,0,0,
bird-action,,tuning,4,1.0,answer_only,randnorm,2,4,2,307,1,0,0,
bird-action,,tuning,4,2.0,all_no_bos,lens,-1,7,2,307,0,0,0,
bird-action,,tuning,4,2.0,all_no_bos,randdir,0,4,3,307,1,0,0,
bird-action,,tuning,4,2.0,all_no_bos,randdir,1,2,3,307,1,0,1,
bird-action,,tuning,4,2.0,all_no_bos,randdir,2,4,2,307,1,0,0,
bird-action,,tuning,4,2.0,all_no_bos,randnorm,0,3,2,307,1,0,0,
bird-action,,tuning,4,2.0,all_no_bos,randnorm,1,3,4,307,1,0,1,
bird-action,,tuning,4,2.0,all_no_bos,randnorm,2,5,2,307,1,0,0,
bird-action,,tuning,4,2.0,from_mention,lens,-1,2,6,307,1,0,1,
bird-action,,tuning,4,2.0,from_mention,randdir,0,4,3,307,1,0,0,
bird-action,,tuning,4,2.0,from_mention,randdir,1,4,2,307,1,0,0,
bird-action,,tuning,4,2.0,from_mention,randdir,2,4,2,307,1,0,0,
bird-action,,tuning,4,2.0,from_mention,randnorm,0,3,2,307,1,0,0,
bird-action,,tuning,4,2.0,from_mention,randnorm,1,2,4,307,1,0,1,
bird-action,,tuning,4,2.0,from_mention,randnorm,2,4,2,307,1,0,0,
bird-action,,tuning,4,2.0,answer_only,lens,-1,4,2,307,1,0,0,
bird-action,,tuning,4,2.0,answer_only,randdir,0,4,2,307,1,0,0,
bird-action,,tuning,4,2.0,answer_only,randdir,1,4,2,307,1,0,0,
bird-action,,tuning,4,2.0,answer_only,randdir,2,4,2,307,1,0,0,
bird-action,,tuning,4,2.0,answer_only,randnorm,0,4,2,307,1,0,0,
bird-action,,tuning,4,2.0,answer_only,randnorm,1,4,2,307,1,0,0,
bird-action,,tuning,4,2.0,answer_only,randnorm,2,4,2,307,1,0,0,
bird-action,,tuning,5,0.5,all_no_bos,lens,-1,4,2,307,1,0,0,
bird-action,,tuning,5,0.5,all_no_bos,randdir,0,3,2,307,1,0,0,
bird-action,,tuning,5,0.5,all_no_bos,randdir,1,4,2,307,1,0,0,
bird-action,,tuning,5,0.5,all_no_bos,randdir,2,4,2,307,1,0,0,
bird-action,,tuning,5,0.5,all_no_bos,randnorm,0,3,2,307,1,0,0,
bird-action,,tuning,5,0.5,all_no_bos,randnorm,1,3,2,307,1,0,0,
bird-action,,tuning,5,0.5,all_no_bos,randnorm,2,3,2,307,1,0,0,
bird-action,,tuning,5,0.5,from_mention,lens,-1,2,4,307,1,0,1,
bird-action,,tuning,5,0.5,from_mention,randdir,0,3,2,307,1,0,0,
bird-action,,tuning,5,0.5,from_mention,randdir,1,4,2,307,1,0,0,
bird-action,,tuning,5,0.5,from_mention,randdir,2,4,2,307,1,0,0,
bird-action,,tuning,5,0.5,from_mention,randnorm,0,3,2,307,1,0,0,
bird-action,,tuning,5,0.5,from_mention,randnorm,1,4,2,307,1,0,0,
bird-action,,tuning,5,0.5,from_mention,randnorm,2,4,2,307,1,0,0,
bird-action,,tuning,5,0.5,answer_only,lens,-1,4,2,307,1,0,0,
bird-action,,tuning,5,0.5,answer_only,randdir,0,3,2,307,1,0,0,
bird-action,,tuning,5,0.5,answer_only,randdir,1,4,2,307,1,0,0,
bird-action,,tuning,5,0.5,answer_only,randdir,2,4,2,307,1,0,0,
bird-action,,tuning,5,0.5,answer_only,randnorm,0,4,2,307,1,0,0,
bird-action,,tuning,5,0.5,answer_only,randnorm,1,4,2,307,1,0,0,
bird-action,,tuning,5,0.5,answer_only,randnorm,2,4,2,307,1,0,0,
bird-action,,tuning,5,1.0,all_no_bos,lens,-1,4,2,307,1,0,0,
bird-action,,tuning,5,1.0,all_no_bos,randdir,0,3,2,307,1,0,0,
bird-action,,tuning,5,1.0,all_no_bos,randdir,1,4,2,307,1,0,0,
bird-action,,tuning,5,1.0,all_no_bos,randdir,2,4,2,307,1,0,0,
bird-action,,tuning,5,1.0,all_no_bos,randnorm,0,3,2,307,1,0,0,
bird-action,,tuning,5,1.0,all_no_bos,randnorm,1,3,2,307,1,0,0,
bird-action,,tuning,5,1.0,all_no_bos,randnorm,2,3,2,307,1,0,0,
bird-action,,tuning,5,1.0,from_mention,lens,-1,2,4,307,1,0,1,
bird-action,,tuning,5,1.0,from_mention,randdir,0,3,2,307,1,0,0,
bird-action,,tuning,5,1.0,from_mention,randdir,1,4,2,307,1,0,0,
bird-action,,tuning,5,1.0,from_mention,randdir,2,4,2,307,1,0,0,
bird-action,,tuning,5,1.0,from_mention,randnorm,0,3,2,307,1,0,0,
bird-action,,tuning,5,1.0,from_mention,randnorm,1,4,2,307,1,0,0,
bird-action,,tuning,5,1.0,from_mention,randnorm,2,3,2,307,1,0,0,
bird-action,,tuning,5,1.0,answer_only,lens,-1,4,2,307,1,0,0,
bird-action,,tuning,5,1.0,answer_only,randdir,0,3,2,307,1,0,0,
bird-action,,tuning,5,1.0,answer_only,randdir,1,4,2,307,1,0,0,
bird-action,,tuning,5,1.0,answer_only,randdir,2,4,2,307,1,0,0,
bird-action,,tuning,5,1.0,answer_only,randnorm,0,4,2,307,1,0,0,
bird-action,,tuning,5,1.0,answer_only,randnorm,1,4,2,307,1,0,0,
bird-action,,tuning,5,1.0,answer_only,randnorm,2,4,2,307,1,0,0,
bird-action,,tuning,5,2.0,all_no_bos,lens,-1,8,2,307,0,0,0,
bird-action,,tuning,5,2.0,all_no_bos,randdir,0,3,2,307,1,0,0,
bird-action,,tuning,5,2.0,all_no_bos,randdir,1,3,2,307,1,0,0,
bird-action,,tuning,5,2.0,all_no_bos,randdir,2,4,2,307,1,0,0,
bird-action,,tuning,5,2.0,all_no_bos,randnorm,0,5,2,307,1,0,0,
bird-action,,tuning,5,2.0,all_no_bos,randnorm,1,5,2,307,1,0,0,
bird-action,,tuning,5,2.0,all_no_bos,randnorm,2,3,2,307,1,0,0,
bird-action,,tuning,5,2.0,from_mention,lens,-1,2,5,307,1,0,1,
bird-action,,tuning,5,2.0,from_mention,randdir,0,3,2,307,1,0,0,
bird-action,,tuning,5,2.0,from_mention,randdir,1,4,2,307,1,0,0,
bird-action,,tuning,5,2.0,from_mention,randdir,2,4,2,307,1,0,0,
bird-action,,tuning,5,2.0,from_mention,randnorm,0,3,2,307,1,0,0,
bird-action,,tuning,5,2.0,from_mention,randnorm,1,3,4,307,1,0,1,
bird-action,,tuning,5,2.0,from_mention,randnorm,2,3,2,307,1,0,0,
bird-action,,tuning,5,2.0,answer_only,lens,-1,4,2,307,1,0,0,
bird-action,,tuning,5,2.0,answer_only,randdir,0,3,2,307,1,0,0,
bird-action,,tuning,5,2.0,answer_only,randdir,1,4,2,307,1,0,0,
bird-action,,tuning,5,2.0,answer_only,randdir,2,4,2,307,1,0,0,
bird-action,,tuning,5,2.0,answer_only,randnorm,0,3,2,307,1,0,0,
bird-action,,tuning,5,2.0,answer_only,randnorm,1,4,2,307,1,0,0,
bird-action,,tuning,5,2.0,answer_only,randnorm,2,4,2,307,1,0,0,
bird-action,,tuning,6,0.5,all_no_bos,lens,-1,4,2,307,1,0,0,
bird-action,,tuning,6,0.5,all_no_bos,randdir,0,4,2,307,1,0,0,
bird-action,,tuning,6,0.5,all_no_bos,randdir,1,4,3,307,1,0,0,
bird-action,,tuning,6,0.5,all_no_bos,randdir,2,4,2,307,1,0,0,
bird-action,,tuning,6,0.5,all_no_bos,randnorm,0,2,3,307,1,0,1,
bird-action,,tuning,6,0.5,all_no_bos,randnorm,1,3,2,307,1,0,0,
bird-action,,tuning,6,0.5,all_no_bos,randnorm,2,3,2,307,1,0,0,
bird-action,,tuning,6,0.5,from_mention,lens,-1,2,4,307,1,0,1,
bird-action,,tuning,6,0.5,from_mention,randdir,0,4,2,307,1,0,0,
bird-action,,tuning,6,0.5,from_mention,randdir,1,4,2,307,1,0,0,
bird-action,,tuning,6,0.5,from_mention,randdir,2,4,2,307,1,0,0,
bird-action,,tuning,6,0.5,from_mention,randnorm,0,4,2,307,1,0,0,
bird-action,,tuning,6,0.5,from_mention,randnorm,1,4,2,307,1,0,0,
bird-action,,tuning,6,0.5,from_mention,randnorm,2,3,2,307,1,0,0,
bird-action,,tuning,6,0.5,answer_only,lens,-1,4,2,307,1,0,0,
bird-action,,tuning,6,0.5,answer_only,randdir,0,4,2,307,1,0,0,
bird-action,,tuning,6,0.5,answer_only,randdir,1,4,2,307,1,0,0,
bird-action,,tuning,6,0.5,answer_only,randdir,2,4,2,307,1,0,0,
bird-action,,tuning,6,0.5,answer_only,randnorm,0,4,2,307,1,0,0,
bird-action,,tuning,6,0.5,answer_only,randnorm,1,4,2,307,1,0,0,
bird-action,,tuning,6,0.5,answer_only,randnorm,2,4,2,307,1,0,0,
bird-action,,tuning,6,1.0,all_no_bos,lens,-1,4,2,307,1,0,0,
bird-action,,tuning,6,1.0,all_no_bos,randdir,0,4,2,307,1,0,0,
bird-action,,tuning,6,1.0,all_no_bos,randdir,1,4,3,307,1,0,0,
bird-action,,tuning,6,1.0,all_no_bos,randdir,2,4,2,307,1,0,0,
bird-action,,tuning,6,1.0,all_no_bos,randnorm,0,2,3,307,1,0,1,
bird-action,,tuning,6,1.0,all_no_bos,randnorm,1,4,2,307,1,0,0,
bird-action,,tuning,6,1.0,all_no_bos,randnorm,2,3,2,307,1,0,0,
bird-action,,tuning,6,1.0,from_mention,lens,-1,2,4,307,1,0,1,
bird-action,,tuning,6,1.0,from_mention,randdir,0,4,2,307,1,0,0,
bird-action,,tuning,6,1.0,from_mention,randdir,1,4,3,307,1,0,0,
bird-action,,tuning,6,1.0,from_mention,randdir,2,4,2,307,1,0,0,
bird-action,,tuning,6,1.0,from_mention,randnorm,0,4,3,307,1,0,0,
bird-action,,tuning,6,1.0,from_mention,randnorm,1,4,2,307,1,0,0,
bird-action,,tuning,6,1.0,from_mention,randnorm,2,3,2,307,1,0,0,
bird-action,,tuning,6,1.0,answer_only,lens,-1,4,2,307,1,0,0,
bird-action,,tuning,6,1.0,answer_only,randdir,0,4,2,307,1,0,0,
bird-action,,tuning,6,1.0,answer_only,randdir,1,4,2,307,1,0,0,
bird-action,,tuning,6,1.0,answer_only,randdir,2,4,2,307,1,0,0,
bird-action,,tuning,6,1.0,answer_only,randnorm,0,4,2,307,1,0,0,
bird-action,,tuning,6,1.0,answer_only,randnorm,1,4,2,307,1,0,0,
bird-action,,tuning,6,1.0,answer_only,randnorm,2,4,2,307,1,0,0,
bird-action,,tuning,6,2.0,all_no_bos,lens,-1,5,2,307,1,0,0,
bird-action,,tuning,6,2.0,all_no_bos,randdir,0,4,2,307,1,0,0,
bird-action,,tuning,6,2.0,all_no_bos,randdir,1,3,4,307,1,0,1,
bird-action,,tuning,6,2.0,all_no_bos,randdir,2,4,2,307,1,0,0,
bird-action,,tuning,6,2.0,all_no_bos,randnorm,0,2,3,307,1,0,1,
bird-action,,tuning,6,2.0,all_no_bos,randnorm,1,4,3,307,1,0,0,
bird-action,,tuning,6,2.0,all_no_bos,randnorm,2,4,2,307,1,0,0,
bird-action,,tuning,6,2.0,from_mention,lens,-1,2,4,307,1,0,1,
bird-action,,tuning,6,2.0,from_mention,randdir,0,4,2,307,1,0,0,
bird-action,,tuning,6,2.0,from_mention,randdir,1,4,3,307,1,0,0,
bird-action,,tuning,6,2.0,from_mention,randdir,2,4,2,307,1,0,0,
bird-action,,tuning,6,2.0,from_mention,randnorm,0,4,3,307,1,0,0,
bird-action,,tuning,6,2.0,from_mention,randnorm,1,4,2,307,1,0,0,
bird-action,,tuning,6,2.0,from_mention,randnorm,2,2,3,307,1,0,1,
bird-action,,tuning,6,2.0,answer_only,lens,-1,4,2,307,1,0,0,
bird-action,,tuning,6,2.0,answer_only,randdir,0,4,2,307,1,0,0,
bird-action,,tuning,6,2.0,answer_only,randdir,1,4,2,307,1,0,0,
bird-action,,tuning,6,2.0,answer_only,randdir,2,4,2,307,1,0,0,
bird-action,,tuning,6,2.0,answer_only,randnorm,0,4,2,307,1,0,0,
bird-action,,tuning,6,2.0,answer_only,randnorm,1,4,2,307,1,0,0,
bird-action,,tuning,6,2.0,answer_only,randnorm,2,4,2,307,1,0,0,
bird-action,,tuning,7,0.5,all_no_bos,lens,-1,3,2,307,1,0,0,
bird-action,,tuning,7,0.5,all_no_bos,randdir,0,3,2,307,1,0,0,
bird-action,,tuning,7,0.5,all_no_bos,randdir,1,3,2,307,1,0,0,
bird-action,,tuning,7,0.5,all_no_bos,randdir,2,4,2,307,1,0,0,
bird-action,,tuning,7,0.5,all_no_bos,randnorm,0,3,2,307,1,0,0,
bird-action,,tuning,7,0.5,all_no_bos,randnorm,1,2,4,307,1,0,1,
bird-action,,tuning,7,0.5,all_no_bos,randnorm,2,4,2,307,1,0,0,
bird-action,,tuning,7,0.5,from_mention,lens,-1,2,4,307,1,0,1,
bird-action,,tuning,7,0.5,from_mention,randdir,0,4,2,307,1,0,0,
bird-action,,tuning,7,0.5,from_mention,randdir,1,3,2,307,1,0,0,
bird-action,,tuning,7,0.5,from_mention,randdir,2,4,2,307,1,0,0,
bird-action,,tuning,7,0.5,from_mention,randnorm,0,4,2,307,1,0,0,
bird-action,,tuning,7,0.5,from_mention,randnorm,1,3,2,307,1,0,0,
bird-action,,tuning,7,0.5,from_mention,randnorm,2,4,2,307,1,0,0,
bird-action,,tuning,7,0.5,answer_only,lens,-1,4,2,307,1,0,0,
bird-action,,tuning,7,0.5,answer_only,randdir,0,4,2,307,1,0,0,
bird-action,,tuning,7,0.5,answer_only,randdir,1,4,2,307,1,0,0,
bird-action,,tuning,7,0.5,answer_only,randdir,2,4,2,307,1,0,0,
bird-action,,tuning,7,0.5,answer_only,randnorm,0,4,2,307,1,0,0,
bird-action,,tuning,7,0.5,answer_only,randnorm,1,4,2,307,1,0,0,
bird-action,,tuning,7,0.5,answer_only,randnorm,2,4,2,307,1,0,0,
bird-action,,tuning,7,1.0,all_no_bos,lens,-1,4,2,307,1,0,0,
bird-action,,tuning,7,1.0,all_no_bos,randdir,0,3,2,307,1,0,0,
bird-action,,tuning,7,1.0,all_no_bos,randdir,1,3,2,307,1,0,0,
bird-action,,tuning,7,1.0,all_no_bos,randdir,2,4,2,307,1,0,0,
bird-action,,tuning,7,1.0,all_no_bos,randnorm,0,2,3,307,1,0,1,
bird-action,,tuning,7,1.0,all_no_bos,randnorm,1,2,4,307,1,0,1,
bird-action,,tuning,7,1.0,all_no_bos,randnorm,2,4,3,307,1,0,0,
bird-action,,tuning,7,1.0,from_mention,lens,-1,2,4,307,1,0,1,
bird-action,,tuning,7,1.0,from_mention,randdir,0,3,2,307,1,0,0,
bird-action,,tuning,7,1.0,from_mention,randdir,1,3,2,307,1,0,0,
bird-action,,tuning,7,1.0,from_mention,randdir,2,4,2,307,1,0,0,
bird-action,,tuning,7,1.0,from_mention,randnorm,0,4,2,307,1,0,0,
bird-action,,tuning,7,1.0,from_mention,randnorm,1,2,4,307,1,0,1,
bird-action,,tuning,7,1.0,from_mention,randnorm,2,4,3,307,1,0,0,
bird-action,,tuning,7,1.0,answer_only,lens,-1,4,2,307,1,0,0,
bird-action,,tuning,7,1.0,answer_only,randdir,0,3,2,307,1,0,0,
bird-action,,tuning,7,1.0,answer_only,randdir,1,3,2,307,1,0,0,
bird-action,,tuning,7,1.0,answer_only,randdir,2,4,2,307,1,0,0,
bird-action,,tuning,7,1.0,answer_only,randnorm,0,4,2,307,1,0,0,
bird-action,,tuning,7,1.0,answer_only,randnorm,1,4,2,307,1,0,0,
bird-action,,tuning,7,1.0,answer_only,randnorm,2,4,2,307,1,0,0,
bird-action,,tuning,7,2.0,all_no_bos,lens,-1,4,2,307,1,0,0,
bird-action,,tuning,7,2.0,all_no_bos,randdir,0,3,2,307,1,0,0,
bird-action,,tuning,7,2.0,all_no_bos,randdir,1,2,3,307,1,0,1,
bird-action,,tuning,7,2.0,all_no_bos,randdir,2,4,3,307,1,0,0,
bird-action,,tuning,7,2.0,all_no_bos,randnorm,0,3,4,307,1,0,1,
bird-action,,tuning,7,2.0,all_no_bos,randnorm,1,2,4,307,1,0,1,
bird-action,,tuning,7,2.0,all_no_bos,randnorm,2,4,3,307,1,0,0,
bird-action,,tuning,7,2.0,from_mention,lens,-1,2,7,307,1,0,1,
bird-action,,tuning,7,2.0,from_mention,randdir,0,3,2,307,1,0,0,
bird-action,,tuning,7,2.0,from_mention,randdir,1,3,2,307,1,0,0,
bird-action,,tuning,7,2.0,from_mention,randdir,2,4,3,307,1,0,0,
bird-action,,tuning,7,2.0,from_mention,randnorm,0,4,2,307,1,0,0,
bird-action,,tuning,7,2.0,from_mention,randnorm,1,2,4,307,1,0,1,
bird-action,,tuning,7,2.0,from_mention,randnorm,2,3,4,307,1,0,1,
bird-action,,tuning,7,2.0,answer_only,lens,-1,4,2,307,1,0,0,
bird-action,,tuning,7,2.0,answer_only,randdir,0,3,2,307,1,0,0,
bird-action,,tuning,7,2.0,answer_only,randdir,1,3,2,307,1,0,0,
bird-action,,tuning,7,2.0,answer_only,randdir,2,4,2,307,1,0,0,
bird-action,,tuning,7,2.0,answer_only,randnorm,0,4,2,307,1,0,0,
bird-action,,tuning,7,2.0,answer_only,randnorm,1,4,2,307,1,0,0,
bird-action,,tuning,7,2.0,answer_only,randnorm,2,4,2,307,1,0,0,
bird-action,,tuning,8,0.5,all_no_bos,lens,-1,4,2,307,1,0,0,
bird-action,,tuning,8,0.5,all_no_bos,randdir,0,4,2,307,1,0,0,
bird-action,,tuning,8,0.5,all_no_bos,randdir,1,4,2,307,1,0,0,
bird-action,,tuning,8,0.5,all_no_bos,randdir,2,4,2,307,1,0,0,
bird-action,,tuning,8,0.5,all_no_bos,randnorm,0,4,2,307,1,0,0,
bird-action,,tuning,8,0.5,all_no_bos,randnorm,1,4,2,307,1,0,0,
bird-action,,tuning,8,0.5,all_no_bos,randnorm,2,4,2,307,1,0,0,
bird-action,,tuning,8,0.5,from_mention,lens,-1,2,4,307,1,0,1,
bird-action,,tuning,8,0.5,from_mention,randdir,0,2,4,307,1,0,1,
bird-action,,tuning,8,0.5,from_mention,randdir,1,4,2,307,1,0,0,
bird-action,,tuning,8,0.5,from_mention,randdir,2,4,2,307,1,0,0,
bird-action,,tuning,8,0.5,from_mention,randnorm,0,2,4,307,1,0,1,
bird-action,,tuning,8,0.5,from_mention,randnorm,1,4,2,307,1,0,0,
bird-action,,tuning,8,0.5,from_mention,randnorm,2,4,2,307,1,0,0,
bird-action,,tuning,8,0.5,answer_only,lens,-1,4,2,307,1,0,0,
bird-action,,tuning,8,0.5,answer_only,randdir,0,4,2,307,1,0,0,
bird-action,,tuning,8,0.5,answer_only,randdir,1,4,2,307,1,0,0,
bird-action,,tuning,8,0.5,answer_only,randdir,2,4,2,307,1,0,0,
bird-action,,tuning,8,0.5,answer_only,randnorm,0,4,2,307,1,0,0,
bird-action,,tuning,8,0.5,answer_only,randnorm,1,4,2,307,1,0,0,
bird-action,,tuning,8,0.5,answer_only,randnorm,2,4,2,307,1,0,0,
bird-action,,tuning,8,1.0,all_no_bos,lens,-1,4,2,307,1,0,0,
bird-action,,tuning,8,1.0,all_no_bos,randdir,0,4,3,307,1,0,0,
bird-action,,tuning,8,1.0,all_no_bos,randdir,1,4,3,307,1,0,0,
bird-action,,tuning,8,1.0,all_no_bos,randdir,2,4,2,307,1,0,0,
bird-action,,tuning,8,1.0,all_no_bos,randnorm,0,4,2,307,1,0,0,
bird-action,,tuning,8,1.0,all_no_bos,randnorm,1,4,2,307,1,0,0,
bird-action,,tuning,8,1.0,all_no_bos,randnorm,2,4,2,307,1,0,0,
bird-action,,tuning,8,1.0,from_mention,lens,-1,2,4,307,1,0,1,
bird-action,,tuning,8,1.0,from_mention,randdir,0,2,4,307,1,0,1,
bird-action,,tuning,8,1.0,from_mention,randdir,1,4,2,307,1,0,0,
bird-action,,tuning,8,1.0,from_mention,randdir,2,4,3,307,1,0,0,
bird-action,,tuning,8,1.0,from_mention,randnorm,0,2,4,307,1,0,1,
bird-action,,tuning,8,1.0,from_mention,randnorm,1,4,2,307,1,0,0,
bird-action,,tuning,8,1.0,from_mention,randnorm,2,3,2,307,1,0,0,
bird-action,,tuning,8,1.0,answer_only,lens,-1,4,2,307,1,0,0,
bird-action,,tuning,8,1.0,answer_only,randdir,0,4,2,307,1,0,0,
bird-action,,tuning,8,1.0,answer_only,randdir,1,4,2,307,1,0,0,
bird-action,,tuning,8,1.0,answer_only,randdir,2,4,2,307,1,0,0,
bird-action,,tuning,8,1.0,answer_only,randnorm,0,4,2,307,1,0,0,
bird-action,,tuning,8,1.0,answer_only,randnorm,1,4,2,307,1,0,0,
bird-action,,tuning,8,1.0,answer_only,randnorm,2,4,2,307,1,0,0,
bird-action,,tuning,8,2.0,all_no_bos,lens,-1,5,2,307,1,0,0,
bird-action,,tuning,8,2.0,all_no_bos,randdir,0,3,4,307,1,0,1,
bird-action,,tuning,8,2.0,all_no_bos,randdir,1,4,3,307,1,0,0,
bird-action,,tuning,8,2.0,all_no_bos,randdir,2,4,3,307,1,0,0,
bird-action,,tuning,8,2.0,all_no_bos,randnorm,0,10,2,307,0,0,0,
bird-action,,tuning,8,2.0,all_no_bos,randnorm,1,4,2,307,1,0,0,
bird-action,,tuning,8,2.0,all_no_bos,randnorm,2,4,2,307,1,0,0,
bird-action,,tuning,8,2.0,from_mention,lens,-1,2,4,307,1,0,1,
bird-action,,tuning,8,2.0,from_mention,randdir,0,2,4,307,1,0,1,
bird-action,,tuning,8,2.0,from_mention,randdir,1,3,4,307,1,0,1,
bird-action,,tuning,8,2.0,from_mention,randdir,2,2,4,307,1,0,1,
bird-action,,tuning,8,2.0,from_mention,randnorm,0,2,4,307,1,0,1,
bird-action,,tuning,8,2.0,from_mention,randnorm,1,3,4,307,1,0,1,
bird-action,,tuning,8,2.0,from_mention,randnorm,2,2,4,307,1,0,1,
bird-action,,tuning,8,2.0,answer_only,lens,-1,4,2,307,1,0,0,
bird-action,,tuning,8,2.0,answer_only,randdir,0,4,2,307,1,0,0,
bird-action,,tuning,8,2.0,answer_only,randdir,1,4,2,307,1,0,0,
bird-action,,tuning,8,2.0,answer_only,randdir,2,4,2,307,1,0,0,
bird-action,,tuning,8,2.0,answer_only,randnorm,0,4,2,307,1,0,0,
bird-action,,tuning,8,2.0,answer_only,randnorm,1,4,2,307,1,0,0,
bird-action,,tuning,8,2.0,answer_only,randnorm,2,4,2,307,1,0,0,
bird-action,,tuning,9,0.5,all_no_bos,lens,-1,3,2,307,1,0,0,
bird-action,,tuning,9,0.5,all_no_bos,randdir,0,4,2,307,1,0,0,
bird-action,,tuning,9,0.5,all_no_bos,randdir,1,4,2,307,1,0,0,
bird-action,,tuning,9,0.5,all_no_bos,randdir,2,4,2,307,1,0,0,
bird-action,,tuning,9,0.5,all_no_bos,randnorm,0,4,2,307,1,0,0,
bird-action,,tuning,9,0.5,all_no_bos,randnorm,1,4,2,307,1,0,0,
bird-action,,tuning,9,0.5,all_no_bos,randnorm,2,4,2,307,1,0,0,
bird-action,,tuning,9,0.5,from_mention,lens,-1,3,2,307,1,0,0,
bird-action,,tuning,9,0.5,from_mention,randdir,0,4,2,307,1,0,0,
bird-action,,tuning,9,0.5,from_mention,randdir,1,4,2,307,1,0,0,
bird-action,,tuning,9,0.5,from_mention,randdir,2,4,2,307,1,0,0,
bird-action,,tuning,9,0.5,from_mention,randnorm,0,4,2,307,1,0,0,
bird-action,,tuning,9,0.5,from_mention,randnorm,1,4,2,307,1,0,0,
bird-action,,tuning,9,0.5,from_mention,randnorm,2,4,2,307,1,0,0,
bird-action,,tuning,9,0.5,answer_only,lens,-1,4,2,307,1,0,0,
bird-action,,tuning,9,0.5,answer_only,randdir,0,4,2,307,1,0,0,
bird-action,,tuning,9,0.5,answer_only,randdir,1,4,2,307,1,0,0,
bird-action,,tuning,9,0.5,answer_only,randdir,2,4,2,307,1,0,0,
bird-action,,tuning,9,0.5,answer_only,randnorm,0,4,2,307,1,0,0,
bird-action,,tuning,9,0.5,answer_only,randnorm,1,4,2,307,1,0,0,
bird-action,,tuning,9,0.5,answer_only,randnorm,2,4,2,307,1,0,0,
bird-action,,tuning,9,1.0,all_no_bos,lens,-1,4,2,307,1,0,0,
bird-action,,tuning,9,1.0,all_no_bos,randdir,0,4,2,307,1,0,0,
bird-action,,tuning,9,1.0,all_no_bos,randdir,1,4,2,307,1,0,0,
bird-action,,tuning,9,1.0,all_no_bos,randdir,2,4,2,307,1,0,0,
bird-action,,tuning,9,1.0,all_no_bos,randnorm,0,4,2,307,1,0,0,
bird-action,,tuning,9,1.0,all_no_bos,randnorm,1,4,2,307,1,0,0,
bird-action,,tuning,9,1.0,all_no_bos,randnorm,2,4,2,307,1,0,0,
bird-action,,tuning,9,1.0,from_mention,lens,-1,2,4,307,1,0,1,
bird-action,,tuning,9,1.0,from_mention,randdir,0,4,2,307,1,0,0,
bird-action,,tuning,9,1.0,from_mention,randdir,1,2,3,307,1,0,1,
bird-action,,tuning,9,1.0,from_mention,randdir,2,4,2,307,1,0,0,
bird-action,,tuning,9,1.0,from_mention,randnorm,0,4,2,307,1,0,0,
bird-action,,tuning,9,1.0,from_mention,randnorm,1,2,4,307,1,0,1,
bird-action,,tuning,9,1.0,from_mention,randnorm,2,4,2,307,1,0,0,
bird-action,,tuning,9,1.0,answer_only,lens,-1,4,2,307,1,0,0,
bird-action,,tuning,9,1.0,answer_only,randdir,0,4,2,307,1,0,0,
bird-action,,tuning,9,1.0,answer_only,randdir,1,4,2,307,1,0,0,
bird-action,,tuning,9,1.0,answer_only,randdir,2,4,2,307,1,0,0,
bird-action,,tuning,9,1.0,answer_only,randnorm,0,4,2,307,1,0,0,
bird-action,,tuning,9,1.0,answer_only,randnorm,1,4,2,307,1,0,0,
bird-action,,tuning,9,1.0,answer_only,randnorm,2,4,2,307,1,0,0,
bird-action,,tuning,9,2.0,all_no_bos,lens,-1,4,2,307,1,0,0,
bird-action,,tuning,9,2.0,all_no_bos,randdir,0,4,2,307,1,0,0,
bird-action,,tuning,9,2.0,all_no_bos,randdir,1,4,3,307,1,0,0,
bird-action,,tuning,9,2.0,all_no_bos,randdir,2,4,2,307,1,0,0,
bird-action,,tuning,9,2.0,all_no_bos,randnorm,0,4,2,307,1,0,0,
bird-action,,tuning,9,2.0,all_no_bos,randnorm,1,4,2,307,1,0,0,
bird-action,,tuning,9,2.0,all_no_bos,randnorm,2,4,2,307,1,0,0,
bird-action,,tuning,9,2.0,from_mention,lens,-1,2,4,307,1,0,1,
bird-action,,tuning,9,2.0,from_mention,randdir,0,4,2,307,1,0,0,
bird-action,,tuning,9,2.0,from_mention,randdir,1,2,4,307,1,0,1,
bird-action,,tuning,9,2.0,from_mention,randdir,2,4,3,307,1,0,0,
bird-action,,tuning,9,2.0,from_mention,randnorm,0,4,2,307,1,0,0,
bird-action,,tuning,9,2.0,from_mention,randnorm,1,2,4,307,1,0,1,
bird-action,,tuning,9,2.0,from_mention,randnorm,2,4,2,307,1,0,0,
bird-action,,tuning,9,2.0,answer_only,lens,-1,4,2,307,1,0,0,
bird-action,,tuning,9,2.0,answer_only,randdir,0,4,2,307,1,0,0,
bird-action,,tuning,9,2.0,answer_only,randdir,1,4,2,307,1,0,0,
bird-action,,tuning,9,2.0,answer_only,randdir,2,4,2,307,1,0,0,
bird-action,,tuning,9,2.0,answer_only,randnorm,0,4,2,307,1,0,0,
bird-action,,tuning,9,2.0,answer_only,randnorm,1,4,2,307,1,0,0,
bird-action,,tuning,9,2.0,answer_only,randnorm,2,4,2,307,1,0,0,
bird-action,,tuning,10,0.5,all_no_bos,lens,-1,4,2,307,1,0,0,
bird-action,,tuning,10,0.5,all_no_bos,randdir,0,2,3,307,1,0,1,
bird-action,,tuning,10,0.5,all_no_bos,randdir,1,4,2,307,1,0,0,
bird-action,,tuning,10,0.5,all_no_bos,randdir,2,4,2,307,1,0,0,
bird-action,,tuning,10,0.5,all_no_bos,randnorm,0,4,2,307,1,0,0,
bird-action,,tuning,10,0.5,all_no_bos,randnorm,1,4,2,307,1,0,0,
bird-action,,tuning,10,0.5,all_no_bos,randnorm,2,4,2,307,1,0,0,
bird-action,,tuning,10,0.5,from_mention,lens,-1,4,2,307,1,0,0,
bird-action,,tuning,10,0.5,from_mention,randdir,0,2,3,307,1,0,1,
bird-action,,tuning,10,0.5,from_mention,randdir,1,4,2,307,1,0,0,
bird-action,,tuning,10,0.5,from_mention,randdir,2,4,2,307,1,0,0,
bird-action,,tuning,10,0.5,from_mention,randnorm,0,4,2,307,1,0,0,
bird-action,,tuning,10,0.5,from_mention,randnorm,1,4,2,307,1,0,0,
bird-action,,tuning,10,0.5,from_mention,randnorm,2,4,2,307,1,0,0,
bird-action,,tuning,10,0.5,answer_only,lens,-1,4,2,307,1,0,0,
bird-action,,tuning,10,0.5,answer_only,randdir,0,3,2,307,1,0,0,
bird-action,,tuning,10,0.5,answer_only,randdir,1,4,2,307,1,0,0,
bird-action,,tuning,10,0.5,answer_only,randdir,2,4,2,307,1,0,0,
bird-action,,tuning,10,0.5,answer_only,randnorm,0,4,2,307,1,0,0,
bird-action,,tuning,10,0.5,answer_only,randnorm,1,4,2,307,1,0,0,
bird-action,,tuning,10,0.5,answer_only,randnorm,2,4,2,307,1,0,0,
bird-action,,tuning,10,1.0,all_no_bos,lens,-1,4,2,307,1,0,0,
bird-action,,tuning,10,1.0,all_no_bos,randdir,0,2,3,307,1,0,1,
bird-action,,tuning,10,1.0,all_no_bos,randdir,1,4,3,307,1,0,0,
bird-action,,tuning,10,1.0,all_no_bos,randdir,2,4,2,307,1,0,0,
bird-action,,tuning,10,1.0,all_no_bos,randnorm,0,4,2,307,1,0,0,
bird-action,,tuning,10,1.0,all_no_bos,randnorm,1,4,3,307,1,0,0,
bird-action,,tuning,10,1.0,all_no_bos,randnorm,2,4,3,307,1,0,0,
bird-action,,tuning,10,1.0,from_mention,lens,-1,4,2,307,1,0,0,
bird-action,,tuning,10,1.0,from_mention,randdir,0,2,3,307,1,0,1,
bird-action,,tuning,10,1.0,from_mention,randdir,1,4,3,307,1,0,0,
bird-action,,tuning,10,1.0,from_mention,randdir,2,4,2,307,1,0,0,
bird-action,,tuning,10,1.0,from_mention,randnorm,0,3,2,307,1,0,0,
bird-action,,tuning,10,1.0,from_mention,randnorm,1,4,2,307,1,0,0,
bird-action,,tuning,10,1.0,from_mention,randnorm,2,4,2,307,1,0,0,
bird-action,,tuning,10,1.0,answer_only,lens,-1,4,2,307,1,0,0,
bird-action,,tuning,10,1.0,answer_only,randdir,0,2,3,307,1,0,1,
bird-action,,tuning,10,1.0,answer_only,randdir,1,4,2,307,1,0,0,
bird-action,,tuning,10,1.0,answer_only,randdir,2,4,2,307,1,0,0,
bird-action,,tuning,10,1.0,answer_only,randnorm,0,3,2,307,1,0,0,
bird-action,,tuning,10,1.0,answer_only,randnorm,1,4,2,307,1,0,0,
bird-action,,tuning,10,1.0,answer_only,randnorm,2,4,2,307,1,0,0,
bird-action,,tuning,10,2.0,all_no_bos,lens,-1,4,2,307,1,0,0,
bird-action,,tuning,10,2.0,all_no_bos,randdir,0,2,3,307,1,0,1,
bird-action,,tuning,10,2.0,all_no_bos,randdir,1,4,3,307,1,0,0,
bird-action,,tuning,10,2.0,all_no_bos,randdir,2,4,3,307,1,0,0,
bird-action,,tuning,10,2.0,all_no_bos,randnorm,0,4,2,307,1,0,0,
bird-action,,tuning,10,2.0,all_no_bos,randnorm,1,4,3,307,1,0,0,
bird-action,,tuning,10,2.0,all_no_bos,randnorm,2,4,3,307,1,0,0,
bird-action,,tuning,10,2.0,from_mention,lens,-1,4,2,307,1,0,0,
bird-action,,tuning,10,2.0,from_mention,randdir,0,2,3,307,1,0,1,
bird-action,,tuning,10,2.0,from_mention,randdir,1,4,3,307,1,0,0,
bird-action,,tuning,10,2.0,from_mention,randdir,2,4,2,307,1,0,0,
bird-action,,tuning,10,2.0,from_mention,randnorm,0,3,2,307,1,0,0,
bird-action,,tuning,10,2.0,from_mention,randnorm,1,4,3,307,1,0,0,
bird-action,,tuning,10,2.0,from_mention,randnorm,2,4,2,307,1,0,0,
bird-action,,tuning,10,2.0,answer_only,lens,-1,4,2,307,1,0,0,
bird-action,,tuning,10,2.0,answer_only,randdir,0,2,3,307,1,0,1,
bird-action,,tuning,10,2.0,answer_only,randdir,1,4,3,307,1,0,0,
bird-action,,tuning,10,2.0,answer_only,randdir,2,4,2,307,1,0,0,
bird-action,,tuning,10,2.0,answer_only,randnorm,0,3,2,307,1,0,0,
bird-action,,tuning,10,2.0,answer_only,randnorm,1,4,3,307,1,0,0,
bird-action,,tuning,10,2.0,answer_only,randnorm,2,4,2,307,1,0,0,
bird-action,,tuning,5-6,0.5,all_no_bos,lens,-1,4,2,307,1,0,0,
bird-action,,tuning,5-6,0.5,all_no_bos,randdir,0,3,2,307,1,0,0,
bird-action,,tuning,5-6,0.5,all_no_bos,randdir,1,4,2,307,1,0,0,
bird-action,,tuning,5-6,0.5,all_no_bos,randdir,2,4,2,307,1,0,0,
bird-action,,tuning,5-6,0.5,all_no_bos,randnorm,0,3,2,307,1,0,0,
bird-action,,tuning,5-6,0.5,all_no_bos,randnorm,1,2,4,307,1,0,1,
bird-action,,tuning,5-6,0.5,all_no_bos,randnorm,2,3,2,307,1,0,0,
bird-action,,tuning,5-6,0.5,from_mention,lens,-1,2,4,307,1,0,1,
bird-action,,tuning,5-6,0.5,from_mention,randdir,0,3,2,307,1,0,0,
bird-action,,tuning,5-6,0.5,from_mention,randdir,1,4,2,307,1,0,0,
bird-action,,tuning,5-6,0.5,from_mention,randdir,2,4,2,307,1,0,0,
bird-action,,tuning,5-6,0.5,from_mention,randnorm,0,4,2,307,1,0,0,
bird-action,,tuning,5-6,0.5,from_mention,randnorm,1,4,3,307,1,0,0,
bird-action,,tuning,5-6,0.5,from_mention,randnorm,2,3,2,307,1,0,0,
bird-action,,tuning,5-6,0.5,answer_only,lens,-1,4,2,307,1,0,0,
bird-action,,tuning,5-6,0.5,answer_only,randdir,0,3,2,307,1,0,0,
bird-action,,tuning,5-6,0.5,answer_only,randdir,1,4,2,307,1,0,0,
bird-action,,tuning,5-6,0.5,answer_only,randdir,2,4,2,307,1,0,0,
bird-action,,tuning,5-6,0.5,answer_only,randnorm,0,4,2,307,1,0,0,
bird-action,,tuning,5-6,0.5,answer_only,randnorm,1,4,2,307,1,0,0,
bird-action,,tuning,5-6,0.5,answer_only,randnorm,2,4,2,307,1,0,0,
bird-action,,tuning,5-6,1.0,all_no_bos,lens,-1,4,2,307,1,0,0,
bird-action,,tuning,5-6,1.0,all_no_bos,randdir,0,3,2,307,1,0,0,
bird-action,,tuning,5-6,1.0,all_no_bos,randdir,1,4,2,307,1,0,0,
bird-action,,tuning,5-6,1.0,all_no_bos,randdir,2,4,2,307,1,0,0,
bird-action,,tuning,5-6,1.0,all_no_bos,randnorm,0,3,2,307,1,0,0,
bird-action,,tuning,5-6,1.0,all_no_bos,randnorm,1,2,3,307,1,0,1,
bird-action,,tuning,5-6,1.0,all_no_bos,randnorm,2,3,2,307,1,0,0,
bird-action,,tuning,5-6,1.0,from_mention,lens,-1,2,4,307,1,0,1,
bird-action,,tuning,5-6,1.0,from_mention,randdir,0,3,2,307,1,0,0,
bird-action,,tuning,5-6,1.0,from_mention,randdir,1,4,2,307,1,0,0,
bird-action,,tuning,5-6,1.0,from_mention,randdir,2,4,2,307,1,0,0,
bird-action,,tuning,5-6,1.0,from_mention,randnorm,0,4,2,307,1,0,0,
bird-action,,tuning,5-6,1.0,from_mention,randnorm,1,3,4,307,1,0,1,
bird-action,,tuning,5-6,1.0,from_mention,randnorm,2,3,2,307,1,0,0,
bird-action,,tuning,5-6,1.0,answer_only,lens,-1,3,2,307,1,0,0,
bird-action,,tuning,5-6,1.0,answer_only,randdir,0,3,2,307,1,0,0,
bird-action,,tuning,5-6,1.0,answer_only,randdir,1,4,2,307,1,0,0,
bird-action,,tuning,5-6,1.0,answer_only,randdir,2,4,2,307,1,0,0,
bird-action,,tuning,5-6,1.0,answer_only,randnorm,0,4,2,307,1,0,0,
bird-action,,tuning,5-6,1.0,answer_only,randnorm,1,4,2,307,1,0,0,
bird-action,,tuning,5-6,1.0,answer_only,randnorm,2,4,2,307,1,0,0,
bird-action,,tuning,5-6,2.0,all_no_bos,lens,-1,38,2,307,0,0,0,
bird-action,,tuning,5-6,2.0,all_no_bos,randdir,0,3,2,307,1,0,0,
bird-action,,tuning,5-6,2.0,all_no_bos,randdir,1,4,2,307,1,0,0,
bird-action,,tuning,5-6,2.0,all_no_bos,randdir,2,4,2,307,1,0,0,
bird-action,,tuning,5-6,2.0,all_no_bos,randnorm,0,4,2,307,1,0,0,
bird-action,,tuning,5-6,2.0,all_no_bos,randnorm,1,5,2,307,1,0,0,
bird-action,,tuning,5-6,2.0,all_no_bos,randnorm,2,8,2,307,0,0,0,
bird-action,,tuning,5-6,2.0,from_mention,lens,-1,4,2,307,1,0,0,
bird-action,,tuning,5-6,2.0,from_mention,randdir,0,3,2,307,1,0,0,
bird-action,,tuning,5-6,2.0,from_mention,randdir,1,4,2,307,1,0,0,
bird-action,,tuning,5-6,2.0,from_mention,randdir,2,4,2,307,1,0,0,
bird-action,,tuning,5-6,2.0,from_mention,randnorm,0,4,2,307,1,0,0,
bird-action,,tuning,5-6,2.0,from_mention,randnorm,1,3,4,307,1,0,1,
bird-action,,tuning,5-6,2.0,from_mention,randnorm,2,3,2,307,1,0,0,
bird-action,,tuning,5-6,2.0,answer_only,lens,-1,2,3,307,1,0,1,
bird-action,,tuning,5-6,2.0,answer_only,randdir,0,3,2,307,1,0,0,
bird-action,,tuning,5-6,2.0,answer_only,randdir,1,4,2,307,1,0,0,
bird-action,,tuning,5-6,2.0,answer_only,randdir,2,4,2,307,1,0,0,
bird-action,,tuning,5-6,2.0,answer_only,randnorm,0,3,2,307,1,0,0,
bird-action,,tuning,5-6,2.0,answer_only,randnorm,1,4,2,307,1,0,0,
bird-action,,tuning,5-6,2.0,answer_only,randnorm,2,4,2,307,1,0,0,
bird-action,,tuning,6-7,0.5,all_no_bos,lens,-1,4,2,307,1,0,0,
bird-action,,tuning,6-7,0.5,all_no_bos,randdir,0,4,2,307,1,0,0,
bird-action,,tuning,6-7,0.5,all_no_bos,randdir,1,4,3,307,1,0,0,
bird-action,,tuning,6-7,0.5,all_no_bos,randdir,2,4,2,307,1,0,0,
bird-action,,tuning,6-7,0.5,all_no_bos,randnorm,0,2,3,307,1,0,1,
bird-action,,tuning,6-7,0.5,all_no_bos,randnorm,1,2,4,307,1,0,1,
bird-action,,tuning,6-7,0.5,all_no_bos,randnorm,2,4,2,307,1,0,0,
bird-action,,tuning,6-7,0.5,from_mention,lens,-1,2,4,307,1,0,1,
bird-action,,tuning,6-7,0.5,from_mention,randdir,0,4,2,307,1,0,0,
bird-action,,tuning,6-7,0.5,from_mention,randdir,1,4,2,307,1,0,0,
bird-action,,tuning,6-7,0.5,from_mention,randdir,2,4,2,307,1,0,0,
bird-action,,tuning,6-7,0.5,from_mention,randnorm,0,4,2,307,1,0,0,
bird-action,,tuning,6-7,0.5,from_mention,randnorm,1,4,2,307,1,0,0,
bird-action,,tuning,6-7,0.5,from_mention,randnorm,2,4,2,307,1,0,0,
bird-action,,tuning,6-7,0.5,answer_only,lens,-1,4,2,307,1,0,0,
bird-action,,tuning,6-7,0.5,answer_only,randdir,0,4,2,307,1,0,0,
bird-action,,tuning,6-7,0.5,answer_only,randdir,1,4,2,307,1,0,0,
bird-action,,tuning,6-7,0.5,answer_only,randdir,2,4,2,307,1,0,0,
bird-action,,tuning,6-7,0.5,answer_only,randnorm,0,4,2,307,1,0,0,
bird-action,,tuning,6-7,0.5,answer_only,randnorm,1,4,2,307,1,0,0,
bird-action,,tuning,6-7,0.5,answer_only,randnorm,2,4,2,307,1,0,0,
bird-action,,tuning,6-7,1.0,all_no_bos,lens,-1,4,2,307,1,0,0,
bird-action,,tuning,6-7,1.0,all_no_bos,randdir,0,3,2,307,1,0,0,
bird-action,,tuning,6-7,1.0,all_no_bos,randdir,1,3,4,307,1,0,1,
bird-action,,tuning,6-7,1.0,all_no_bos,randdir,2,4,2,307,1,0,0,
bird-action,,tuning,6-7,1.0,all_no_bos,randnorm,0,2,3,307,1,0,1,
bird-action,,tuning,6-7,1.0,all_no_bos,randnorm,1,2,4,307,1,0,1,
bird-action,,tuning,6-7,1.0,all_no_bos,randnorm,2,4,3,307,1,0,0,
bird-action,,tuning,6-7,1.0,from_mention,lens,-1,3,2,307,1,0,0,
bird-action,,tuning,6-7,1.0,from_mention,randdir,0,4,2,307,1,0,0,
bird-action,,tuning,6-7,1.0,from_mention,randdir,1,4,3,307,1,0,0,
bird-action,,tuning,6-7,1.0,from_mention,randdir,2,4,2,307,1,0,0,
bird-action,,tuning,6-7,1.0,from_mention,randnorm,0,4,2,307,1,0,0,
bird-action,,tuning,6-7,1.0,from_mention,randnorm,1,4,2,307,1,0,0,
bird-action,,tuning,6-7,1.0,from_mention,randnorm,2,3,4,307,1,0,1,
bird-action,,tuning,6-7,1.0,answer_only,lens,-1,4,2,307,1,0,0,
bird-action,,tuning,6-7,1.0,answer_only,randdir,0,3,2,307,1,0,0,
bird-action,,tuning,6-7,1.0,answer_only,randdir,1,4,2,307,1,0,0,
bird-action,,tuning,6-7,1.0,answer_only,randdir,2,4,2,307,1,0,0,
bird-action,,tuning,6-7,1.0,answer_only,randnorm,0,4,2,307,1,0,0,
bird-action,,tuning,6-7,1.0,answer_only,randnorm,1,4,2,307,1,0,0,
bird-action,,tuning,6-7,1.0,answer_only,randnorm,2,4,2,307,1,0,0,
bird-action,,tuning,6-7,2.0,all_no_bos,lens,-1,9,2,307,0,0,0,
bird-action,,tuning,6-7,2.0,all_no_bos,randdir,0,3,2,307,1,0,0,
bird-action,,tuning,6-7,2.0,all_no_bos,randdir,1,3,4,307,1,0,1,
bird-action,,tuning,6-7,2.0,all_no_bos,randdir,2,4,3,307,1,0,0,
bird-action,,tuning,6-7,2.0,all_no_bos,randnorm,0,2,6,307,1,0,1,
bird-action,,tuning,6-7,2.0,all_no_bos,randnorm,1,7,3,307,0,0,0,
bird-action,,tuning,6-7,2.0,all_no_bos,randnorm,2,4,3,307,1,0,0,
bird-action,,tuning,6-7,2.0,from_mention,lens,-1,4,2,307,1,0,0,
bird-action,,tuning,6-7,2.0,from_mention,randdir,0,4,2,307,1,0,0,
bird-action,,tuning,6-7,2.0,from_mention,randdir,1,4,3,307,1,0,0,
bird-action,,tuning,6-7,2.0,from_mention,randdir,2,4,3,307,1,0,0,
bird-action,,tuning,6-7,2.0,from_mention,randnorm,0,4,2,307,1,0,0,
bird-action,,tuning,6-7,2.0,from_mention,randnorm,1,4,2,307,1,0,0,
bird-action,,tuning,6-7,2.0,from_mention,randnorm,2,3,4,307,1,0,1,
bird-action,,tuning,6-7,2.0,answer_only,lens,-1,4,2,307,1,0,0,
bird-action,,tuning,6-7,2.0,answer_only,randdir,0,3,2,307,1,0,0,
bird-action,,tuning,6-7,2.0,answer_only,randdir,1,4,2,307,1,0,0,
bird-action,,tuning,6-7,2.0,answer_only,randdir,2,4,2,307,1,0,0,
bird-action,,tuning,6-7,2.0,answer_only,randnorm,0,4,2,307,1,0,0,
bird-action,,tuning,6-7,2.0,answer_only,randnorm,1,4,2,307,1,0,0,
bird-action,,tuning,6-7,2.0,answer_only,randnorm,2,4,2,307,1,0,0,
bird-action,,tuning,7-8,0.5,all_no_bos,lens,-1,3,2,307,1,0,0,
bird-action,,tuning,7-8,0.5,all_no_bos,randdir,0,3,2,307,1,0,0,
bird-action,,tuning,7-8,0.5,all_no_bos,randdir,1,4,2,307,1,0,0,
bird-action,,tuning,7-8,0.5,all_no_bos,randdir,2,4,2,307,1,0,0,
bird-action,,tuning,7-8,0.5,all_no_bos,randnorm,0,4,2,307,1,0,0,
bird-action,,tuning,7-8,0.5,all_no_bos,randnorm,1,3,4,307,1,0,1,
bird-action,,tuning,7-8,0.5,all_no_bos,randnorm,2,4,2,307,1,0,0,
bird-action,,tuning,7-8,0.5,from_mention,lens,-1,2,4,307,1,0,1,
bird-action,,tuning,7-8,0.5,from_mention,randdir,0,3,2,307,1,0,0,
bird-action,,tuning,7-8,0.5,from_mention,randdir,1,4,2,307,1,0,0,
bird-action,,tuning,7-8,0.5,from_mention,randdir,2,4,2,307,1,0,0,
bird-action,,tuning,7-8,0.5,from_mention,randnorm,0,3,2,307,1,0,0,
bird-action,,tuning,7-8,0.5,from_mention,randnorm,1,2,3,307,1,0,1,
bird-action,,tuning,7-8,0.5,from_mention,randnorm,2,4,2,307,1,0,0,
bird-action,,tuning,7-8,0.5,answer_only,lens,-1,4,2,307,1,0,0,
bird-action,,tuning,7-8,0.5,answer_only,randdir,0,4,2,307,1,0,0,
bird-action,,tuning,7-8,0.5,answer_only,randdir,1,4,2,307,1,0,0,
bird-action,,tuning,7-8,0.5,answer_only,randdir,2,4,2,307,1,0,0,
bird-action,,tuning,7-8,0.5,answer_only,randnorm,0,4,2,307,1,0,0,
bird-action,,tuning,7-8,0.5,answer_only,randnorm,1,4,2,307,1,0,0,
bird-action,,tuning,7-8,0.5,answer_only,randnorm,2,4,2,307,1,0,0,
bird-action,,tuning,7-8,1.0,all_no_bos,lens,-1,3,2,307,1,0,0,
bird-action,,tuning,7-8,1.0,all_no_bos,randdir,0,3,2,307,1,0,0,
bird-action,,tuning,7-8,1.0,all_no_bos,randdir,1,4,2,307,1,0,0,
bird-action,,tuning,7-8,1.0,all_no_bos,randdir,2,4,3,307,1,0,0,
bird-action,,tuning,7-8,1.0,all_no_bos,randnorm,0,4,2,307,1,0,0,
bird-action,,tuning,7-8,1.0,all_no_bos,randnorm,1,3,4,307,1,0,1,
bird-action,,tuning,7-8,1.0,all_no_bos,randnorm,2,4,2,307,1,0,0,
bird-action,,tuning,7-8,1.0,from_mention,lens,-1,3,2,307,1,0,0,
bird-action,,tuning,7-8,1.0,from_mention,randdir,0,2,3,307,1,0,1,
bird-action,,tuning,7-8,1.0,from_mention,randdir,1,3,2,307,1,0,0,
bird-action,,tuning,7-8,1.0,from_mention,randdir,2,3,4,307,1,0,1,
bird-action,,tuning,7-8,1.0,from_mention,randnorm,0,2,4,307,1,0,1,
bird-action,,tuning,7-8,1.0,from_mention,randnorm,1,2,4,307,1,0,1,
bird-action,,tuning,7-8,1.0,from_mention,randnorm,2,3,4,307,1,0,1,
bird-action,,tuning,7-8,1.0,answer_only,lens,-1,4,2,307,1,0,0,
bird-action,,tuning,7-8,1.0,answer_only,randdir,0,3,2,307,1,0,0,
bird-action,,tuning,7-8,1.0,answer_only,randdir,1,4,2,307,1,0,0,
bird-action,,tuning,7-8,1.0,answer_only,randdir,2,4,2,307,1,0,0,
bird-action,,tuning,7-8,1.0,answer_only,randnorm,0,4,2,307,1,0,0,
bird-action,,tuning,7-8,1.0,answer_only,randnorm,1,4,2,307,1,0,0,
bird-action,,tuning,7-8,1.0,answer_only,randnorm,2,4,2,307,1,0,0,
bird-action,,tuning,7-8,2.0,all_no_bos,lens,-1,5,1,6129,1,0,0,
bird-action,,tuning,7-8,2.0,all_no_bos,randdir,0,2,3,307,1,0,1,
bird-action,,tuning,7-8,2.0,all_no_bos,randdir,1,4,3,307,1,0,0,
bird-action,,tuning,7-8,2.0,all_no_bos,randdir,2,4,3,307,1,0,0,
bird-action,,tuning,7-8,2.0,all_no_bos,randnorm,0,4,2,307,1,0,0,
bird-action,,tuning,7-8,2.0,all_no_bos,randnorm,1,3,4,307,1,0,1,
bird-action,,tuning,7-8,2.0,all_no_bos,randnorm,2,4,2,307,1,0,0,
bird-action,,tuning,7-8,2.0,from_mention,lens,-1,4,2,307,1,0,0,
bird-action,,tuning,7-8,2.0,from_mention,randdir,0,2,4,307,1,0,1,
bird-action,,tuning,7-8,2.0,from_mention,randdir,1,2,4,307,1,0,1,
bird-action,,tuning,7-8,2.0,from_mention,randdir,2,3,4,307,1,0,1,
bird-action,,tuning,7-8,2.0,from_mention,randnorm,0,2,4,307,1,0,1,
bird-action,,tuning,7-8,2.0,from_mention,randnorm,1,2,4,307,1,0,1,
bird-action,,tuning,7-8,2.0,from_mention,randnorm,2,3,4,307,1,0,1,
bird-action,,tuning,7-8,2.0,answer_only,lens,-1,4,2,307,1,0,0,
bird-action,,tuning,7-8,2.0,answer_only,randdir,0,3,2,307,1,0,0,
bird-action,,tuning,7-8,2.0,answer_only,randdir,1,4,2,307,1,0,0,
bird-action,,tuning,7-8,2.0,answer_only,randdir,2,4,2,307,1,0,0,
bird-action,,tuning,7-8,2.0,answer_only,randnorm,0,4,2,307,1,0,0,
bird-action,,tuning,7-8,2.0,answer_only,randnorm,1,4,2,307,1,0,0,
bird-action,,tuning,7-8,2.0,answer_only,randnorm,2,4,2,307,1,0,0,
bird-action,,tuning,8-9,0.5,all_no_bos,lens,-1,3,2,307,1,0,0,
bird-action,,tuning,8-9,0.5,all_no_bos,randdir,0,4,2,307,1,0,0,
bird-action,,tuning,8-9,0.5,all_no_bos,randdir,1,4,2,307,1,0,0,
bird-action,,tuning,8-9,0.5,all_no_bos,randdir,2,4,2,307,1,0,0,
bird-action,,tuning,8-9,0.5,all_no_bos,randnorm,0,4,2,307,1,0,0,
bird-action,,tuning,8-9,0.5,all_no_bos,randnorm,1,4,2,307,1,0,0,
bird-action,,tuning,8-9,0.5,all_no_bos,randnorm,2,4,2,307,1,0,0,
bird-action,,tuning,8-9,0.5,from_mention,lens,-1,2,4,307,1,0,1,
bird-action,,tuning,8-9,0.5,from_mention,randdir,0,2,4,307,1,0,1,
bird-action,,tuning,8-9,0.5,from_mention,randdir,1,4,2,307,1,0,0,
bird-action,,tuning,8-9,0.5,from_mention,randdir,2,4,2,307,1,0,0,
bird-action,,tuning,8-9,0.5,from_mention,randnorm,0,2,3,307,1,0,1,
bird-action,,tuning,8-9,0.5,from_mention,randnorm,1,4,2,307,1,0,0,
bird-action,,tuning,8-9,0.5,from_mention,randnorm,2,4,2,307,1,0,0,
bird-action,,tuning,8-9,0.5,answer_only,lens,-1,4,2,307,1,0,0,
bird-action,,tuning,8-9,0.5,answer_only,randdir,0,4,2,307,1,0,0,
bird-action,,tuning,8-9,0.5,answer_only,randdir,1,4,2,307,1,0,0,
bird-action,,tuning,8-9,0.5,answer_only,randdir,2,4,2,307,1,0,0,
bird-action,,tuning,8-9,0.5,answer_only,randnorm,0,4,2,307,1,0,0,
bird-action,,tuning,8-9,0.5,answer_only,randnorm,1,4,2,307,1,0,0,
bird-action,,tuning,8-9,0.5,answer_only,randnorm,2,4,2,307,1,0,0,
bird-action,,tuning,8-9,1.0,all_no_bos,lens,-1,4,2,307,1,0,0,
bird-action,,tuning,8-9,1.0,all_no_bos,randdir,0,4,2,307,1,0,0,
bird-action,,tuning,8-9,1.0,all_no_bos,randdir,1,4,3,307,1,0,0,
bird-action,,tuning,8-9,1.0,all_no_bos,randdir,2,4,2,307,1,0,0,
bird-action,,tuning,8-9,1.0,all_no_bos,randnorm,0,4,2,307,1,0,0,
bird-action,,tuning,8-9,1.0,all_no_bos,randnorm,1,4,2,307,1,0,0,
bird-action,,tuning,8-9,1.0,all_no_bos,randnorm,2,4,2,307,1,0,0,
bird-action,,tuning,8-9,1.0,from_mention,lens,-1,4,2,307,1,0,0,
bird-action,,tuning,8-9,1.0,from_mention,randdir,0,2,4,307,1,0,1,
bird-action,,tuning,8-9,1.0,from_mention,randdir,1,4,3,307,1,0,0,
bird-action,,tuning,8-9,1.0,from_mention,randdir,2,3,4,307,1,0,1,
bird-action,,tuning,8-9,1.0,from_mention,randnorm,0,2,4,307,1,0,1,
bird-action,,tuning,8-9,1.0,from_mention,randnorm,1,2,4,307,1,0,1,
bird-action,,tuning,8-9,1.0,from_mention,randnorm,2,4,2,307,1,0,0,
bird-action,,tuning,8-9,1.0,answer_only,lens,-1,4,2,307,1,0,0,
bird-action,,tuning,8-9,1.0,answer_only,randdir,0,4,2,307,1,0,0,
bird-action,,tuning,8-9,1.0,answer_only,randdir,1,4,2,307,1,0,0,
bird-action,,tuning,8-9,1.0,answer_only,randdir,2,4,2,307,1,0,0,
bird-action,,tuning,8-9,1.0,answer_only,randnorm,0,4,2,307,1,0,0,
bird-action,,tuning,8-9,1.0,answer_only,randnorm,1,4,2,307,1,0,0,
bird-action,,tuning,8-9,1.0,answer_only,randnorm,2,4,2,307,1,0,0,
bird-action,,tuning,8-9,2.0,all_no_bos,lens,-1,5,2,307,1,0,0,
bird-action,,tuning,8-9,2.0,all_no_bos,randdir,0,4,3,307,1,0,0,
bird-action,,tuning,8-9,2.0,all_no_bos,randdir,1,4,3,307,1,0,0,
bird-action,,tuning,8-9,2.0,all_no_bos,randdir,2,4,3,307,1,0,0,
bird-action,,tuning,8-9,2.0,all_no_bos,randnorm,0,12,2,307,0,0,0,
bird-action,,tuning,8-9,2.0,all_no_bos,randnorm,1,9,2,307,0,0,0,
bird-action,,tuning,8-9,2.0,all_no_bos,randnorm,2,8,2,307,0,0,0,
bird-action,,tuning,8-9,2.0,from_mention,lens,-1,4,2,307,1,0,0,
bird-action,,tuning,8-9,2.0,from_mention,randdir,0,2,4,307,1,0,1,
bird-action,,tuning,8-9,2.0,from_mention,randdir,1,3,4,307,1,0,1,
bird-action,,tuning,8-9,2.0,from_mention,randdir,2,3,4,307,1,0,1,
bird-action,,tuning,8-9,2.0,from_mention,randnorm,0,2,4,307,1,0,1,
bird-action,,tuning,8-9,2.0,from_mention,randnorm,1,2,4,307,1,0,1,
bird-action,,tuning,8-9,2.0,from_mention,randnorm,2,4,3,307,1,0,0,
bird-action,,tuning,8-9,2.0,answer_only,lens,-1,2,4,307,1,0,1,
bird-action,,tuning,8-9,2.0,answer_only,randdir,0,4,3,307,1,0,0,
bird-action,,tuning,8-9,2.0,answer_only,randdir,1,4,2,307,1,0,0,
bird-action,,tuning,8-9,2.0,answer_only,randdir,2,4,2,307,1,0,0,
bird-action,,tuning,8-9,2.0,answer_only,randnorm,0,4,2,307,1,0,0,
bird-action,,tuning,8-9,2.0,answer_only,randnorm,1,4,2,307,1,0,0,
bird-action,,tuning,8-9,2.0,answer_only,randnorm,2,4,2,307,1,0,0,
bird-action,,tuning,6-7-8,0.5,all_no_bos,lens,-1,4,2,307,1,0,0,
bird-action,,tuning,6-7-8,0.5,all_no_bos,randdir,0,4,2,307,1,0,0,
bird-action,,tuning,6-7-8,0.5,all_no_bos,randdir,1,4,3,307,1,0,0,
bird-action,,tuning,6-7-8,0.5,all_no_bos,randdir,2,4,2,307,1,0,0,
bird-action,,tuning,6-7-8,0.5,all_no_bos,randnorm,0,4,2,307,1,0,0,
bird-action,,tuning,6-7-8,0.5,all_no_bos,randnorm,1,3,4,307,1,0,1,
bird-action,,tuning,6-7-8,0.5,all_no_bos,randnorm,2,4,2,307,1,0,0,
bird-action,,tuning,6-7-8,0.5,from_mention,lens,-1,2,4,307,1,0,1,
bird-action,,tuning,6-7-8,0.5,from_mention,randdir,0,3,2,307,1,0,0,
bird-action,,tuning,6-7-8,0.5,from_mention,randdir,1,4,3,307,1,0,0,
bird-action,,tuning,6-7-8,0.5,from_mention,randdir,2,4,2,307,1,0,0,
bird-action,,tuning,6-7-8,0.5,from_mention,randnorm,0,4,3,307,1,0,0,
bird-action,,tuning,6-7-8,0.5,from_mention,randnorm,1,4,2,307,1,0,0,
bird-action,,tuning,6-7-8,0.5,from_mention,randnorm,2,3,4,307,1,0,1,
bird-action,,tuning,6-7-8,0.5,answer_only,lens,-1,4,2,307,1,0,0,
bird-action,,tuning,6-7-8,0.5,answer_only,randdir,0,4,2,307,1,0,0,
bird-action,,tuning,6-7-8,0.5,answer_only,randdir,1,4,2,307,1,0,0,
bird-action,,tuning,6-7-8,0.5,answer_only,randdir,2,4,2,307,1,0,0,
bird-action,,tuning,6-7-8,0.5,answer_only,randnorm,0,4,2,307,1,0,0,
bird-action,,tuning,6-7-8,0.5,answer_only,randnorm,1,4,2,307,1,0,0,
bird-action,,tuning,6-7-8,0.5,answer_only,randnorm,2,4,2,307,1,0,0,
bird-action,,tuning,6-7-8,1.0,all_no_bos,lens,-1,4,2,307,1,0,0,
bird-action,,tuning,6-7-8,1.0,all_no_bos,randdir,0,4,2,307,1,0,0,
bird-action,,tuning,6-7-8,1.0,all_no_bos,randdir,1,4,3,307,1,0,0,
bird-action,,tuning,6-7-8,1.0,all_no_bos,randdir,2,4,2,307,1,0,0,
bird-action,,tuning,6-7-8,1.0,all_no_bos,randnorm,0,3,2,307,1,0,0,
bird-action,,tuning,6-7-8,1.0,all_no_bos,randnorm,1,3,4,307,1,0,1,
bird-action,,tuning,6-7-8,1.0,all_no_bos,randnorm,2,4,2,307,1,0,0,
bird-action,,tuning,6-7-8,1.0,from_mention,lens,-1,2,4,307,1,0,1,
bird-action,,tuning,6-7-8,1.0,from_mention,randdir,0,2,3,307,1,0,1,
bird-action,,tuning,6-7-8,1.0,from_mention,randdir,1,4,3,307,1,0,0,
bird-action,,tuning,6-7-8,1.0,from_mention,randdir,2,4,3,307,1,0,0,
bird-action,,tuning,6-7-8,1.0,from_mention,randnorm,0,4,3,307,1,0,0,
bird-action,,tuning,6-7-8,1.0,from_mention,randnorm,1,3,2,307,1,0,0,
bird-action,,tuning,6-7-8,1.0,from_mention,randnorm,2,3,4,307,1,0,1,
bird-action,,tuning,6-7-8,1.0,answer_only,lens,-1,4,2,307,1,0,0,
bird-action,,tuning,6-7-8,1.0,answer_only,randdir,0,3,2,307,1,0,0,
bird-action,,tuning,6-7-8,1.0,answer_only,randdir,1,4,2,307,1,0,0,
bird-action,,tuning,6-7-8,1.0,answer_only,randdir,2,4,2,307,1,0,0,
bird-action,,tuning,6-7-8,1.0,answer_only,randnorm,0,4,2,307,1,0,0,
bird-action,,tuning,6-7-8,1.0,answer_only,randnorm,1,4,2,307,1,0,0,
bird-action,,tuning,6-7-8,1.0,answer_only,randnorm,2,4,2,307,1,0,0,
bird-action,,tuning,6-7-8,2.0,all_no_bos,lens,-1,25,2,307,0,0,0,
bird-action,,tuning,6-7-8,2.0,all_no_bos,randdir,0,4,2,307,1,0,0,
bird-action,,tuning,6-7-8,2.0,all_no_bos,randdir,1,3,4,307,1,0,1,
bird-action,,tuning,6-7-8,2.0,all_no_bos,randdir,2,4,3,307,1,0,0,
bird-action,,tuning,6-7-8,2.0,all_no_bos,randnorm,0,5,3,307,1,0,0,
bird-action,,tuning,6-7-8,2.0,all_no_bos,randnorm,1,12,3,307,0,0,0,
bird-action,,tuning,6-7-8,2.0,all_no_bos,randnorm,2,8,2,307,0,0,0,
bird-action,,tuning,6-7-8,2.0,from_mention,lens,-1,2,58,307,1,0,1,
bird-action,,tuning,6-7-8,2.0,from_mention,randdir,0,2,4,307,1,0,1,
bird-action,,tuning,6-7-8,2.0,from_mention,randdir,1,3,4,307,1,0,1,
bird-action,,tuning,6-7-8,2.0,from_mention,randdir,2,3,4,307,1,0,1,
bird-action,,tuning,6-7-8,2.0,from_mention,randnorm,0,3,4,307,1,0,1,
bird-action,,tuning,6-7-8,2.0,from_mention,randnorm,1,4,3,307,1,0,0,
bird-action,,tuning,6-7-8,2.0,from_mention,randnorm,2,3,4,307,1,0,1,
bird-action,,tuning,6-7-8,2.0,answer_only,lens,-1,2,4,307,1,0,1,
bird-action,,tuning,6-7-8,2.0,answer_only,randdir,0,3,2,307,1,0,0,
bird-action,,tuning,6-7-8,2.0,answer_only,randdir,1,4,2,307,1,0,0,
bird-action,,tuning,6-7-8,2.0,answer_only,randdir,2,4,2,307,1,0,0,
bird-action,,tuning,6-7-8,2.0,answer_only,randnorm,0,4,2,307,1,0,0,
bird-action,,tuning,6-7-8,2.0,answer_only,randnorm,1,4,2,307,1,0,0,
bird-action,,tuning,6-7-8,2.0,answer_only,randnorm,2,4,2,307,1,0,0,
bird-action,,tuning,7-8-9,0.5,all_no_bos,lens,-1,3,2,307,1,0,0,
bird-action,,tuning,7-8-9,0.5,all_no_bos,randdir,0,4,2,307,1,0,0,
bird-action,,tuning,7-8-9,0.5,all_no_bos,randdir,1,4,2,307,1,0,0,
bird-action,,tuning,7-8-9,0.5,all_no_bos,randdir,2,4,2,307,1,0,0,
bird-action,,tuning,7-8-9,0.5,all_no_bos,randnorm,0,4,2,307,1,0,0,
bird-action,,tuning,7-8-9,0.5,all_no_bos,randnorm,1,4,3,307,1,0,0,
bird-action,,tuning,7-8-9,0.5,all_no_bos,randnorm,2,4,2,307,1,0,0,
bird-action,,tuning,7-8-9,0.5,from_mention,lens,-1,2,4,307,1,0,1,
bird-action,,tuning,7-8-9,0.5,from_mention,randdir,0,3,2,307,1,0,0,
bird-action,,tuning,7-8-9,0.5,from_mention,randdir,1,3,2,307,1,0,0,
bird-action,,tuning,7-8-9,0.5,from_mention,randdir,2,4,3,307,1,0,0,
bird-action,,tuning,7-8-9,0.5,from_mention,randnorm,0,3,2,307,1,0,0,
bird-action,,tuning,7-8-9,0.5,from_mention,randnorm,1,2,4,307,1,0,1,
bird-action,,tuning,7-8-9,0.5,from_mention,randnorm,2,4,2,307,1,0,0,
bird-action,,tuning,7-8-9,0.5,answer_only,lens,-1,4,2,307,1,0,0,
bird-action,,tuning,7-8-9,0.5,answer_only,randdir,0,4,2,307,1,0,0,
bird-action,,tuning,7-8-9,0.5,answer_only,randdir,1,4,2,307,1,0,0,
bird-action,,tuning,7-8-9,0.5,answer_only,randdir,2,4,2,307,1,0,0,
bird-action,,tuning,7-8-9,0.5,answer_only,randnorm,0,4,2,307,1,0,0,
bird-action,,tuning,7-8-9,0.5,answer_only,randnorm,1,4,2,307,1,0,0,
bird-action,,tuning,7-8-9,0.5,answer_only,randnorm,2,4,2,307,1,0,0,
bird-action,,tuning,7-8-9,1.0,all_no_bos,lens,-1,3,2,307,1,0,0,
bird-action,,tuning,7-8-9,1.0,all_no_bos,randdir,0,4,2,307,1,0,0,
bird-action,,tuning,7-8-9,1.0,all_no_bos,randdir,1,4,3,307,1,0,0,
bird-action,,tuning,7-8-9,1.0,all_no_bos,randdir,2,4,3,307,1,0,0,
bird-action,,tuning,7-8-9,1.0,all_no_bos,randnorm,0,4,2,307,1,0,0,
bird-action,,tuning,7-8-9,1.0,all_no_bos,randnorm,1,4,3,307,1,0,0,
bird-action,,tuning,7-8-9,1.0,all_no_bos,randnorm,2,4,2,307,1,0,0,
bird-action,,tuning,7-8-9,1.0,from_mention,lens,-1,2,4,307,1,0,1,
bird-action,,tuning,7-8-9,1.0,from_mention,randdir,0,2,3,307,1,0,1,
bird-action,,tuning,7-8-9,1.0,from_mention,randdir,1,2,4,307,1,0,1,
bird-action,,tuning,7-8-9,1.0,from_mention,randdir,2,3,4,307,1,0,1,
bird-action,,tuning,7-8-9,1.0,from_mention,randnorm,0,2,3,307,1,0,1,
bird-action,,tuning,7-8-9,1.0,from_mention,randnorm,1,2,4,307,1,0,1,
bird-action,,tuning,7-8-9,1.0,from_mention,randnorm,2,4,3,307,1,0,0,
bird-action,,tuning,7-8-9,1.0,answer_only,lens,-1,4,2,307,1,0,0,
bird-action,,tuning,7-8-9,1.0,answer_only,randdir,0,4,2,307,1,0,0,
bird-action,,tuning,7-8-9,1.0,answer_only,randdir,1,4,2,307,1,0,0,
bird-action,,tuning,7-8-9,1.0,answer_only,randdir,2,4,2,307,1,0,0,
bird-action,,tuning,7-8-9,1.0,answer_only,randnorm,0,4,2,307,1,0,0,
bird-action,,tuning,7-8-9,1.0,answer_only,randnorm,1,4,2,307,1,0,0,
bird-action,,tuning,7-8-9,1.0,answer_only,randnorm,2,4,2,307,1,0,0,
bird-action,,tuning,7-8-9,2.0,all_no_bos,lens,-1,19,3,307,0,0,0,
bird-action,,tuning,7-8-9,2.0,all_no_bos,randdir,0,4,2,307,1,0,0,
bird-action,,tuning,7-8-9,2.0,all_no_bos,randdir,1,4,3,307,1,0,0,
bird-action,,tuning,7-8-9,2.0,all_no_bos,randdir,2,4,3,307,1,0,0,
bird-action,,tuning,7-8-9,2.0,all_no_bos,randnorm,0,5,2,307,1,0,0,
bird-action,,tuning,7-8-9,2.0,all_no_bos,randnorm,1,7,3,307,0,0,0,
bird-action,,tuning,7-8-9,2.0,all_no_bos,randnorm,2,9,2,307,0,0,0,
bird-action,,tuning,7-8-9,2.0,from_mention,lens,-1,2,72,307,1,0,1,
bird-action,,tuning,7-8-9,2.0,from_mention,randdir,0,2,4,307,1,0,1,
bird-action,,tuning,7-8-9,2.0,from_mention,randdir,1,2,4,307,1,0,1,
bird-action,,tuning,7-8-9,2.0,from_mention,randdir,2,3,4,307,1,0,1,
bird-action,,tuning,7-8-9,2.0,from_mention,randnorm,0,2,4,307,1,0,1,
bird-action,,tuning,7-8-9,2.0,from_mention,randnorm,1,2,4,307,1,0,1,
bird-action,,tuning,7-8-9,2.0,from_mention,randnorm,2,3,4,307,1,0,1,
bird-action,,tuning,7-8-9,2.0,answer_only,lens,-1,4,2,307,1,0,0,
bird-action,,tuning,7-8-9,2.0,answer_only,randdir,0,4,2,307,1,0,0,
bird-action,,tuning,7-8-9,2.0,answer_only,randdir,1,4,2,307,1,0,0,
bird-action,,tuning,7-8-9,2.0,answer_only,randdir,2,4,2,307,1,0,0,
bird-action,,tuning,7-8-9,2.0,answer_only,randnorm,0,4,2,307,1,0,0,
bird-action,,tuning,7-8-9,2.0,answer_only,randnorm,1,4,2,307,1,0,0,
bird-action,,tuning,7-8-9,2.0,answer_only,randnorm,2,4,2,307,1,0,0,
cat-feature,,heldout,3,0.5,all_no_bos,lens,-1,14,2,257,0,0,0,
cat-feature,,heldout,3,0.5,all_no_bos,randdir,0,14,2,257,0,0,0,
cat-feature,,heldout,3,0.5,all_no_bos,randdir,1,14,2,257,0,0,0,
cat-feature,,heldout,3,0.5,all_no_bos,randdir,2,14,2,257,0,0,0,
cat-feature,,heldout,3,0.5,all_no_bos,randnorm,0,14,2,257,0,0,0,
cat-feature,,heldout,3,0.5,all_no_bos,randnorm,1,14,2,257,0,0,0,
cat-feature,,heldout,3,0.5,all_no_bos,randnorm,2,14,2,257,0,0,0,
cat-feature,,heldout,3,0.5,from_mention,lens,-1,14,2,257,0,0,0,
cat-feature,,heldout,3,0.5,from_mention,randdir,0,14,2,257,0,0,0,
cat-feature,,heldout,3,0.5,from_mention,randdir,1,14,2,257,0,0,0,
cat-feature,,heldout,3,0.5,from_mention,randdir,2,14,2,257,0,0,0,
cat-feature,,heldout,3,0.5,from_mention,randnorm,0,14,2,257,0,0,0,
cat-feature,,heldout,3,0.5,from_mention,randnorm,1,14,2,257,0,0,0,
cat-feature,,heldout,3,0.5,from_mention,randnorm,2,14,2,257,0,0,0,
cat-feature,,heldout,3,0.5,answer_only,lens,-1,14,2,257,0,0,0,
cat-feature,,heldout,3,0.5,answer_only,randdir,0,14,2,257,0,0,0,
cat-feature,,heldout,3,0.5,answer_only,randdir,1,14,2,257,0,0,0,
cat-feature,,heldout,3,0.5,answer_only,randdir,2,14,2,257,0,0,0,
cat-feature,,heldout,3,0.5,answer_only,randnorm,0,14,2,257,0,0,0,
cat-feature,,heldout,3,0.5,answer_only,randnorm,1,14,2,257,0,0,0,
cat-feature,,heldout,3,0.5,answer_only,randnorm,2,14,2,257,0,0,0,
cat-feature,,heldout,3,1.0,all_no_bos,lens,-1,15,2,257,0,0,0,
cat-feature,,heldout,3,1.0,all_no_bos,randdir,0,14,2,257,0,0,0,
cat-feature,,heldout,3,1.0,all_no_bos,randdir,1,14,2,257,0,0,0,
cat-feature,,heldout,3,1.0,all_no_bos,randdir,2,14,2,257,0,0,0,
cat-feature,,heldout,3,1.0,all_no_bos,randnorm,0,14,2,257,0,0,0,
cat-feature,,heldout,3,1.0,all_no_bos,randnorm,1,14,2,257,0,0,0,
cat-feature,,heldout,3,1.0,all_no_bos,randnorm,2,14,2,257,0,0,0,
cat-feature,,heldout,3,1.0,from_mention,lens,-1,15,2,257,0,0,0,
cat-feature,,heldout,3,1.0,from_mention,randdir,0,14,2,257,0,0,0,
cat-feature,,heldout,3,1.0,from_mention,randdir,1,14,2,257,0,0,0,
cat-feature,,heldout,3,1.0,from_mention,randdir,2,14,2,257,0,0,0,
cat-feature,,heldout,3,1.0,from_mention,randnorm,0,14,2,257,0,0,0,
cat-feature,,heldout,3,1.0,from_mention,randnorm,1,14,2,257,0,0,0,
cat-feature,,heldout,3,1.0,from_mention,randnorm,2,14,2,257,0,0,0,
cat-feature,,heldout,3,1.0,answer_only,lens,-1,14,2,257,0,0,0,
cat-feature,,heldout,3,1.0,answer_only,randdir,0,14,2,257,0,0,0,
cat-feature,,heldout,3,1.0,answer_only,randdir,1,14,2,257,0,0,0,
cat-feature,,heldout,3,1.0,answer_only,randdir,2,14,2,257,0,0,0,
cat-feature,,heldout,3,1.0,answer_only,randnorm,0,14,2,257,0,0,0,
cat-feature,,heldout,3,1.0,answer_only,randnorm,1,14,2,257,0,0,0,
cat-feature,,heldout,3,1.0,answer_only,randnorm,2,14,2,257,0,0,0,
cat-feature,,heldout,3,2.0,all_no_bos,lens,-1,17,2,257,0,0,0,
cat-feature,,heldout,3,2.0,all_no_bos,randdir,0,14,2,257,0,0,0,
cat-feature,,heldout,3,2.0,all_no_bos,randdir,1,14,2,257,0,0,0,
cat-feature,,heldout,3,2.0,all_no_bos,randdir,2,14,2,257,0,0,0,
cat-feature,,heldout,3,2.0,all_no_bos,randnorm,0,12,3,257,0,0,0,
cat-feature,,heldout,3,2.0,all_no_bos,randnorm,1,9,2,257,0,0,0,
cat-feature,,heldout,3,2.0,all_no_bos,randnorm,2,14,2,257,0,0,0,
cat-feature,,heldout,3,2.0,from_mention,lens,-1,17,2,257,0,0,0,
cat-feature,,heldout,3,2.0,from_mention,randdir,0,14,2,257,0,0,0,
cat-feature,,heldout,3,2.0,from_mention,randdir,1,14,2,257,0,0,0,
cat-feature,,heldout,3,2.0,from_mention,randdir,2,14,2,257,0,0,0,
cat-feature,,heldout,3,2.0,from_mention,randnorm,0,12,3,257,0,0,0,
cat-feature,,heldout,3,2.0,from_mention,randnorm,1,9,2,257,0,0,0,
cat-feature,,heldout,3,2.0,from_mention,randnorm,2,14,2,257,0,0,0,
cat-feature,,heldout,3,2.0,answer_only,lens,-1,14,2,257,0,0,0,
cat-feature,,heldout,3,2.0,answer_only,randdir,0,14,2,257,0,0,0,
cat-feature,,heldout,3,2.0,answer_only,randdir,1,13,2,257,0,0,0,
cat-feature,,heldout,3,2.0,answer_only,randdir,2,11,2,257,0,0,0,
cat-feature,,heldout,3,2.0,answer_only,randnorm,0,14,3,257,0,0,0,
cat-feature,,heldout,3,2.0,answer_only,randnorm,1,14,2,257,0,0,0,
cat-feature,,heldout,3,2.0,answer_only,randnorm,2,11,1,21060,0,0,0,
cat-feature,,heldout,4,0.5,all_no_bos,lens,-1,14,2,257,0,0,0,
cat-feature,,heldout,4,0.5,all_no_bos,randdir,0,14,2,257,0,0,0,
cat-feature,,heldout,4,0.5,all_no_bos,randdir,1,16,2,257,0,0,0,
cat-feature,,heldout,4,0.5,all_no_bos,randdir,2,14,2,257,0,0,0,
cat-feature,,heldout,4,0.5,all_no_bos,randnorm,0,14,2,257,0,0,0,
cat-feature,,heldout,4,0.5,all_no_bos,randnorm,1,17,2,257,0,0,0,
cat-feature,,heldout,4,0.5,all_no_bos,randnorm,2,14,2,257,0,0,0,
cat-feature,,heldout,4,0.5,from_mention,lens,-1,14,2,257,0,0,0,
cat-feature,,heldout,4,0.5,from_mention,randdir,0,14,2,257,0,0,0,
cat-feature,,heldout,4,0.5,from_mention,randdir,1,16,2,257,0,0,0,
cat-feature,,heldout,4,0.5,from_mention,randdir,2,14,2,257,0,0,0,
cat-feature,,heldout,4,0.5,from_mention,randnorm,0,14,2,257,0,0,0,
cat-feature,,heldout,4,0.5,from_mention,randnorm,1,17,2,257,0,0,0,
cat-feature,,heldout,4,0.5,from_mention,randnorm,2,14,2,257,0,0,0,
cat-feature,,heldout,4,0.5,answer_only,lens,-1,14,2,257,0,0,0,
cat-feature,,heldout,4,0.5,answer_only,randdir,0,14,2,257,0,0,0,
cat-feature,,heldout,4,0.5,answer_only,randdir,1,14,2,257,0,0,0,
cat-feature,,heldout,4,0.5,answer_only,randdir,2,14,2,257,0,0,0,
cat-feature,,heldout,4,0.5,answer_only,randnorm,0,14,2,257,0,0,0,
cat-feature,,heldout,4,0.5,answer_only,randnorm,1,14,2,257,0,0,0,
cat-feature,,heldout,4,0.5,answer_only,randnorm,2,14,2,257,0,0,0,
cat-feature,,heldout,4,1.0,all_no_bos,lens,-1,15,2,257,0,0,0,
cat-feature,,heldout,4,1.0,all_no_bos,randdir,0,14,3,257,0,0,0,
cat-feature,,heldout,4,1.0,all_no_bos,randdir,1,23,2,257,0,0,0,
cat-feature,,heldout,4,1.0,all_no_bos,randdir,2,15,2,257,0,0,0,
cat-feature,,heldout,4,1.0,all_no_bos,randnorm,0,14,3,257,0,0,0,
cat-feature,,heldout,4,1.0,all_no_bos,randnorm,1,25,2,257,0,0,0,
cat-feature,,heldout,4,1.0,all_no_bos,randnorm,2,15,2,257,0,0,0,
cat-feature,,heldout,4,1.0,from_mention,lens,-1,15,2,257,0,0,0,
cat-feature,,heldout,4,1.0,from_mention,randdir,0,14,3,257,0,0,0,
cat-feature,,heldout,4,1.0,from_mention,randdir,1,23,2,257,0,0,0,
cat-feature,,heldout,4,1.0,from_mention,randdir,2,15,2,257,0,0,0,
cat-feature,,heldout,4,1.0,from_mention,randnorm,0,14,3,257,0,0,0,
cat-feature,,heldout,4,1.0,from_mention,randnorm,1,25,2,257,0,0,0,
cat-feature,,heldout,4,1.0,from_mention,randnorm,2,15,2,257,0,0,0,
cat-feature,,heldout,4,1.0,answer_only,lens,-1,14,2,257,0,0,0,
cat-feature,,heldout,4,1.0,answer_only,randdir,0,14,2,257,0,0,0,
cat-feature,,heldout,4,1.0,answer_only,randdir,1,14,2,257,0,0,0,
cat-feature,,heldout,4,1.0,answer_only,randdir,2,14,2,257,0,0,0,
cat-feature,,heldout,4,1.0,answer_only,randnorm,0,14,2,257,0,0,0,
cat-feature,,heldout,4,1.0,answer_only,randnorm,1,14,2,257,0,0,0,
cat-feature,,heldout,4,1.0,answer_only,randnorm,2,14,2,257,0,0,0,
cat-feature,,heldout,4,2.0,all_no_bos,lens,-1,19,2,257,0,0,0,
cat-feature,,heldout,4,2.0,all_no_bos,randdir,0,20,3,257,0,0,0,
cat-feature,,heldout,4,2.0,all_no_bos,randdir,1,34,3,257,0,0,0,
cat-feature,,heldout,4,2.0,all_no_bos,randdir,2,19,3,257,0,0,0,
cat-feature,,heldout,4,2.0,all_no_bos,randnorm,0,15,3,257,0,0,0,
cat-feature,,heldout,4,2.0,all_no_bos,randnorm,1,37,3,257,0,0,0,
cat-feature,,heldout,4,2.0,all_no_bos,randnorm,2,17,2,257,0,0,0,
cat-feature,,heldout,4,2.0,from_mention,lens,-1,19,2,257,0,0,0,
cat-feature,,heldout,4,2.0,from_mention,randdir,0,20,3,257,0,0,0,
cat-feature,,heldout,4,2.0,from_mention,randdir,1,34,3,257,0,0,0,
cat-feature,,heldout,4,2.0,from_mention,randdir,2,19,3,257,0,0,0,
cat-feature,,heldout,4,2.0,from_mention,randnorm,0,15,3,257,0,0,0,
cat-feature,,heldout,4,2.0,from_mention,randnorm,1,37,3,257,0,0,0,
cat-feature,,heldout,4,2.0,from_mention,randnorm,2,17,2,257,0,0,0,
cat-feature,,heldout,4,2.0,answer_only,lens,-1,14,2,257,0,0,0,
cat-feature,,heldout,4,2.0,answer_only,randdir,0,13,2,257,0,0,0,
cat-feature,,heldout,4,2.0,answer_only,randdir,1,15,2,257,0,0,0,
cat-feature,,heldout,4,2.0,answer_only,randdir,2,14,2,257,0,0,0,
cat-feature,,heldout,4,2.0,answer_only,randnorm,0,13,2,257,0,0,0,
cat-feature,,heldout,4,2.0,answer_only,randnorm,1,14,2,257,0,0,0,
cat-feature,,heldout,4,2.0,answer_only,randnorm,2,14,2,257,0,0,0,
cat-feature,,heldout,5,0.5,all_no_bos,lens,-1,14,2,257,0,0,0,
cat-feature,,heldout,5,0.5,all_no_bos,randdir,0,14,2,257,0,0,0,
cat-feature,,heldout,5,0.5,all_no_bos,randdir,1,14,2,257,0,0,0,
cat-feature,,heldout,5,0.5,all_no_bos,randdir,2,14,2,257,0,0,0,
cat-feature,,heldout,5,0.5,all_no_bos,randnorm,0,14,2,257,0,0,0,
cat-feature,,heldout,5,0.5,all_no_bos,randnorm,1,14,2,257,0,0,0,
cat-feature,,heldout,5,0.5,all_no_bos,randnorm,2,14,2,257,0,0,0,
cat-feature,,heldout,5,0.5,from_mention,lens,-1,14,2,257,0,0,0,
cat-feature,,heldout,5,0.5,from_mention,randdir,0,14,2,257,0,0,0,
cat-feature,,heldout,5,0.5,from_mention,randdir,1,14,2,257,0,0,0,
cat-feature,,heldout,5,0.5,from_mention,randdir,2,14,2,257,0,0,0,
cat-feature,,heldout,5,0.5,from_mention,randnorm,0,14,2,257,0,0,0,
cat-feature,,heldout,5,0.5,from_mention,randnorm,1,14,2,257,0,0,0,
cat-feature,,heldout,5,0.5,from_mention,randnorm,2,14,2,257,0,0,0,
cat-feature,,heldout,5,0.5,answer_only,lens,-1,14,2,257,0,0,0,
cat-feature,,heldout,5,0.5,answer_only,randdir,0,14,2,257,0,0,0,
cat-feature,,heldout,5,0.5,answer_only,randdir,1,14,2,257,0,0,0,
cat-feature,,heldout,5,0.5,answer_only,randdir,2,14,2,257,0,0,0,
cat-feature,,heldout,5,0.5,answer_only,randnorm,0,14,2,257,0,0,0,
cat-feature,,heldout,5,0.5,answer_only,randnorm,1,14,2,257,0,0,0,
cat-feature,,heldout,5,0.5,answer_only,randnorm,2,14,2,257,0,0,0,
cat-feature,,heldout,5,1.0,all_no_bos,lens,-1,20,2,257,0,0,0,
cat-feature,,heldout,5,1.0,all_no_bos,randdir,0,11,2,257,0,0,0,
cat-feature,,heldout,5,1.0,all_no_bos,randdir,1,14,2,257,0,0,0,
cat-feature,,heldout,5,1.0,all_no_bos,randdir,2,14,2,257,0,0,0,
cat-feature,,heldout,5,1.0,all_no_bos,randnorm,0,11,2,257,0,0,0,
cat-feature,,heldout,5,1.0,all_no_bos,randnorm,1,14,1,21060,0,0,0,
cat-feature,,heldout,5,1.0,all_no_bos,randnorm,2,21,2,257,0,0,0,
cat-feature,,heldout,5,1.0,from_mention,lens,-1,20,2,257,0,0,0,
cat-feature,,heldout,5,1.0,from_mention,randdir,0,11,2,257,0,0,0,
cat-feature,,heldout,5,1.0,from_mention,randdir,1,14,2,257,0,0,0,
cat-feature,,heldout,5,1.0,from_mention,randdir,2,14,2,257,0,0,0,
cat-feature,,heldout,5,1.0,from_mention,randnorm,0,11,2,257,0,0,0,
cat-feature,,heldout,5,1.0,from_mention,randnorm,1,14,1,21060,0,0,0,
cat-feature,,heldout,5,1.0,from_mention,randnorm,2,21,2,257,0,0,0,
cat-feature,,heldout,5,1.0,answer_only,lens,-1,14,2,257,0,0,0,
cat-feature,,heldout,5,1.0,answer_only,randdir,0,14,2,257,0,0,0,
cat-feature,,heldout,5,1.0,answer_only,randdir,1,14,2,257,0,0,0,
cat-feature,,heldout,5,1.0,answer_only,randdir,2,14,2,257,0,0,0,
cat-feature,,heldout,5,1.0,answer_only,randnorm,0,14,2,257,0,0,0,
cat-feature,,heldout,5,1.0,answer_only,randnorm,1,14,2,257,0,0,0,
cat-feature,,heldout,5,1.0,answer_only,randnorm,2,14,2,257,0,0,0,
cat-feature,,heldout,5,2.0,all_no_bos,lens,-1,30,2,257,0,0,0,
cat-feature,,heldout,5,2.0,all_no_bos,randdir,0,11,2,257,0,0,0,
cat-feature,,heldout,5,2.0,all_no_bos,randdir,1,12,1,21060,0,0,0,
cat-feature,,heldout,5,2.0,all_no_bos,randdir,2,18,2,257,0,0,0,
cat-feature,,heldout,5,2.0,all_no_bos,randnorm,0,10,2,257,0,0,0,
cat-feature,,heldout,5,2.0,all_no_bos,randnorm,1,12,1,21060,0,0,0,
cat-feature,,heldout,5,2.0,all_no_bos,randnorm,2,36,3,257,0,0,0,
cat-feature,,heldout,5,2.0,from_mention,lens,-1,30,2,257,0,0,0,
cat-feature,,heldout,5,2.0,from_mention,randdir,0,11,2,257,0,0,0,
cat-feature,,heldout,5,2.0,from_mention,randdir,1,12,1,21060,0,0,0,
cat-feature,,heldout,5,2.0,from_mention,randdir,2,18,2,257,0,0,0,
cat-feature,,heldout,5,2.0,from_mention,randnorm,0,10,2,257,0,0,0,
cat-feature,,heldout,5,2.0,from_mention,randnorm,1,12,1,21060,0,0,0,
cat-feature,,heldout,5,2.0,from_mention,randnorm,2,36,3,257,0,0,0,
cat-feature,,heldout,5,2.0,answer_only,lens,-1,14,2,257,0,0,0,
cat-feature,,heldout,5,2.0,answer_only,randdir,0,14,2,257,0,0,0,
cat-feature,,heldout,5,2.0,answer_only,randdir,1,12,1,21060,0,0,0,
cat-feature,,heldout,5,2.0,answer_only,randdir,2,14,2,257,0,0,0,
cat-feature,,heldout,5,2.0,answer_only,randnorm,0,13,3,257,0,0,0,
cat-feature,,heldout,5,2.0,answer_only,randnorm,1,14,2,257,0,0,0,
cat-feature,,heldout,5,2.0,answer_only,randnorm,2,14,3,257,0,0,0,
cat-feature,,heldout,6,0.5,all_no_bos,lens,-1,14,2,257,0,0,0,
cat-feature,,heldout,6,0.5,all_no_bos,randdir,0,14,2,257,0,0,0,
cat-feature,,heldout,6,0.5,all_no_bos,randdir,1,14,2,257,0,0,0,
cat-feature,,heldout,6,0.5,all_no_bos,randdir,2,14,2,257,0,0,0,
cat-feature,,heldout,6,0.5,all_no_bos,randnorm,0,14,2,257,0,0,0,
cat-feature,,heldout,6,0.5,all_no_bos,randnorm,1,14,2,257,0,0,0,
cat-feature,,heldout,6,0.5,all_no_bos,randnorm,2,14,2,257,0,0,0,
cat-feature,,heldout,6,0.5,from_mention,lens,-1,14,2,257,0,0,0,
cat-feature,,heldout,6,0.5,from_mention,randdir,0,14,2,257,0,0,0,
cat-feature,,heldout,6,0.5,from_mention,randdir,1,14,2,257,0,0,0,
cat-feature,,heldout,6,0.5,from_mention,randdir,2,14,2,257,0,0,0,
cat-feature,,heldout,6,0.5,from_mention,randnorm,0,14,2,257,0,0,0,
cat-feature,,heldout,6,0.5,from_mention,randnorm,1,14,2,257,0,0,0,
cat-feature,,heldout,6,0.5,from_mention,randnorm,2,14,2,257,0,0,0,
cat-feature,,heldout,6,0.5,answer_only,lens,-1,14,2,257,0,0,0,
cat-feature,,heldout,6,0.5,answer_only,randdir,0,14,2,257,0,0,0,
cat-feature,,heldout,6,0.5,answer_only,randdir,1,14,2,257,0,0,0,
cat-feature,,heldout,6,0.5,answer_only,randdir,2,14,2,257,0,0,0,
cat-feature,,heldout,6,0.5,answer_only,randnorm,0,14,2,257,0,0,0,
cat-feature,,heldout,6,0.5,answer_only,randnorm,1,14,2,257,0,0,0,
cat-feature,,heldout,6,0.5,answer_only,randnorm,2,14,2,257,0,0,0,
cat-feature,,heldout,6,1.0,all_no_bos,lens,-1,15,2,257,0,0,0,
cat-feature,,heldout,6,1.0,all_no_bos,randdir,0,12,2,257,0,0,0,
cat-feature,,heldout,6,1.0,all_no_bos,randdir,1,14,2,257,0,0,0,
cat-feature,,heldout,6,1.0,all_no_bos,randdir,2,13,2,257,0,0,0,
cat-feature,,heldout,6,1.0,all_no_bos,randnorm,0,12,2,257,0,0,0,
cat-feature,,heldout,6,1.0,all_no_bos,randnorm,1,14,2,257,0,0,0,
cat-feature,,heldout,6,1.0,all_no_bos,randnorm,2,14,2,257,0,0,0,
cat-feature,,heldout,6,1.0,from_mention,lens,-1,15,2,257,0,0,0,
cat-feature,,heldout,6,1.0,from_mention,randdir,0,12,2,257,0,0,0,
cat-feature,,heldout,6,1.0,from_mention,randdir,1,14,2,257,0,0,0,
cat-feature,,heldout,6,1.0,from_mention,randdir,2,13,2,257,0,0,0,
cat-feature,,heldout,6,1.0,from_mention,randnorm,0,12,2,257,0,0,0,
cat-feature,,heldout,6,1.0,from_mention,randnorm,1,14,2,257,0,0,0,
cat-feature,,heldout,6,1.0,from_mention,randnorm,2,14,2,257,0,0,0,
cat-feature,,heldout,6,1.0,answer_only,lens,-1,14,2,257,0,0,0,
cat-feature,,heldout,6,1.0,answer_only,randdir,0,14,2,257,0,0,0,
cat-feature,,heldout,6,1.0,answer_only,randdir,1,14,2,257,0,0,0,
cat-feature,,heldout,6,1.0,answer_only,randdir,2,11,2,257,0,0,0,
cat-feature,,heldout,6,1.0,answer_only,randnorm,0,14,2,257,0,0,0,
cat-feature,,heldout,6,1.0,answer_only,randnorm,1,14,2,257,0,0,0,
cat-feature,,heldout,6,1.0,answer_only,randnorm,2,14,2,257,0,0,0,
cat-feature,,heldout,6,2.0,all_no_bos,lens,-1,17,2,257,0,0,0,
cat-feature,,heldout,6,2.0,all_no_bos,randdir,0,11,2,257,0,0,0,
cat-feature,,heldout,6,2.0,all_no_bos,randdir,1,13,1,21060,0,0,0,
cat-feature,,heldout,6,2.0,all_no_bos,randdir,2,14,4,257,0,0,0,
cat-feature,,heldout,6,2.0,all_no_bos,randnorm,0,11,2,257,0,0,0,
cat-feature,,heldout,6,2.0,all_no_bos,randnorm,1,13,2,257,0,0,0,
cat-feature,,heldout,6,2.0,all_no_bos,randnorm,2,15,3,257,0,0,0,
cat-feature,,heldout,6,2.0,from_mention,lens,-1,17,2,257,0,0,0,
cat-feature,,heldout,6,2.0,from_mention,randdir,0,11,2,257,0,0,0,
cat-feature,,heldout,6,2.0,from_mention,randdir,1,13,1,21060,0,0,0,
cat-feature,,heldout,6,2.0,from_mention,randdir,2,14,4,257,0,0,0,
cat-feature,,heldout,6,2.0,from_mention,randnorm,0,11,2,257,0,0,0,
cat-feature,,heldout,6,2.0,from_mention,randnorm,1,13,2,257,0,0,0,
cat-feature,,heldout,6,2.0,from_mention,randnorm,2,15,3,257,0,0,0,
cat-feature,,heldout,6,2.0,answer_only,lens,-1,14,2,257,0,0,0,
cat-feature,,heldout,6,2.0,answer_only,randdir,0,12,2,257,0,0,0,
cat-feature,,heldout,6,2.0,answer_only,randdir,1,14,2,257,0,0,0,
cat-feature,,heldout,6,2.0,answer_only,randdir,2,11,1,21060,0,0,0,
cat-feature,,heldout,6,2.0,answer_only,randnorm,0,13,2,257,0,0,0,
cat-feature,,heldout,6,2.0,answer_only,randnorm,1,14,2,257,0,0,0,
cat-feature,,heldout,6,2.0,answer_only,randnorm,2,12,2,257,0,0,0,
cat-feature,,heldout,7,0.5,all_no_bos,lens,-1,14,2,257,0,0,0,
cat-feature,,heldout,7,0.5,all_no_bos,randdir,0,14,2,257,0,0,0,
cat-feature,,heldout,7,0.5,all_no_bos,randdir,1,14,2,257,0,0,0,
cat-feature,,heldout,7,0.5,all_no_bos,randdir,2,14,2,257,0,0,0,
cat-feature,,heldout,7,0.5,all_no_bos,randnorm,0,14,2,257,0,0,0,
cat-feature,,heldout,7,0.5,all_no_bos,randnorm,1,14,2,257,0,0,0,
cat-feature,,heldout,7,0.5,all_no_bos,randnorm,2,14,2,257,0,0,0,
cat-feature,,heldout,7,0.5,from_mention,lens,-1,14,2,257,0,0,0,
cat-feature,,heldout,7,0.5,from_mention,randdir,0,14,2,257,0,0,0,
cat-feature,,heldout,7,0.5,from_mention,randdir,1,14,2,257,0,0,0,
cat-feature,,heldout,7,0.5,from_mention,randdir,2,14,2,257,0,0,0,
cat-feature,,heldout,7,0.5,from_mention,randnorm,0,14,2,257,0,0,0,
cat-feature,,heldout,7,0.5,from_mention,randnorm,1,14,2,257,0,0,0,
cat-feature,,heldout,7,0.5,from_mention,randnorm,2,14,2,257,0,0,0,
cat-feature,,heldout,7,0.5,answer_only,lens,-1,14,2,257,0,0,0,
cat-feature,,heldout,7,0.5,answer_only,randdir,0,14,2,257,0,0,0,
cat-feature,,heldout,7,0.5,answer_only,randdir,1,14,2,257,0,0,0,
cat-feature,,heldout,7,0.5,answer_only,randdir,2,14,2,257,0,0,0,
cat-feature,,heldout,7,0.5,answer_only,randnorm,0,14,2,257,0,0,0,
cat-feature,,heldout,7,0.5,answer_only,randnorm,1,14,2,257,0,0,0,
cat-feature,,heldout,7,0.5,answer_only,randnorm,2,14,2,257,0,0,0,
cat-feature,,heldout,7,1.0,all_no_bos,lens,-1,15,2,257,0,0,0,
cat-feature,,heldout,7,1.0,all_no_bos,randdir,0,14,2,257,0,0,0,
cat-feature,,heldout,7,1.0,all_no_bos,randdir,1,14,2,257,0,0,0,
cat-feature,,heldout,7,1.0,all_no_bos,randdir,2,14,2,257,0,0,0,
cat-feature,,heldout,7,1.0,all_no_bos,randnorm,0,14,2,257,0,0,0,
cat-feature,,heldout,7,1.0,all_no_bos,randnorm,1,14,2,257,0,0,0,
cat-feature,,heldout,7,1.0,all_no_bos,randnorm,2,14,2,257,0,0,0,
cat-feature,,heldout,7,1.0,from_mention,lens,-1,15,2,257,0,0,0,
cat-feature,,heldout,7,1.0,from_mention,randdir,0,14,2,257,0,0,0,
cat-feature,,heldout,7,1.0,from_mention,randdir,1,14,2,257,0,0,0,
cat-feature,,heldout,7,1.0,from_mention,randdir,2,14,2,257,0,0,0,
cat-feature,,heldout,7,1.0,from_mention,randnorm,0,14,2,257,0,0,0,
cat-feature,,heldout,7,1.0,from_mention,randnorm,1,14,2,257,0,0,0,
cat-feature,,heldout,7,1.0,from_mention,randnorm,2,14,2,257,0,0,0,
cat-feature,,heldout,7,1.0,answer_only,lens,-1,14,2,257,0,0,0,
cat-feature,,heldout,7,1.0,answer_only,randdir,0,14,2,257,0,0,0,
cat-feature,,heldout,7,1.0,answer_only,randdir,1,14,2,257,0,0,0,
cat-feature,,heldout,7,1.0,answer_only,randdir,2,14,2,257,0,0,0,
cat-feature,,heldout,7,1.0,answer_only,randnorm,0,14,2,257,0,0,0,
cat-feature,,heldout,7,1.0,answer_only,randnorm,1,14,2,257,0,0,0,
cat-feature,,heldout,7,1.0,answer_only,randnorm,2,14,2,257,0,0,0,
cat-feature,,heldout,7,2.0,all_no_bos,lens,-1,19,2,257,0,0,0,
cat-feature,,heldout,7,2.0,all_no_bos,randdir,0,14,2,257,0,0,0,
cat-feature,,heldout,7,2.0,all_no_bos,randdir,1,14,2,257,0,0,0,
cat-feature,,heldout,7,2.0,all_no_bos,randdir,2,15,2,257,0,0,0,
cat-feature,,heldout,7,2.0,all_no_bos,randnorm,0,13,2,257,0,0,0,
cat-feature,,heldout,7,2.0,all_no_bos,randnorm,1,12,2,257,0,0,0,
cat-feature,,heldout,7,2.0,all_no_bos,randnorm,2,15,2,257,0,0,0,
cat-feature,,heldout,7,2.0,from_mention,lens,-1,19,2,257,0,0,0,
cat-feature,,heldout,7,2.0,from_mention,randdir,0,14,2,257,0,0,0,
cat-feature,,heldout,7,2.0,from_mention,randdir,1,14,2,257,0,0,0,
cat-feature,,heldout,7,2.0,from_mention,randdir,2,15,2,257,0,0,0,
cat-feature,,heldout,7,2.0,from_mention,randnorm,0,13,2,257,0,0,0,
cat-feature,,heldout,7,2.0,from_mention,randnorm,1,12,2,257,0,0,0,
cat-feature,,heldout,7,2.0,from_mention,randnorm,2,15,2,257,0,0,0,
cat-feature,,heldout,7,2.0,answer_only,lens,-1,14,2,257,0,0,0,
cat-feature,,heldout,7,2.0,answer_only,randdir,0,14,2,257,0,0,0,
cat-feature,,heldout,7,2.0,answer_only,randdir,1,14,2,257,0,0,0,
cat-feature,,heldout,7,2.0,answer_only,randdir,2,14,2,257,0,0,0,
cat-feature,,heldout,7,2.0,answer_only,randnorm,0,14,2,257,0,0,0,
cat-feature,,heldout,7,2.0,answer_only,randnorm,1,14,2,257,0,0,0,
cat-feature,,heldout,7,2.0,answer_only,randnorm,2,14,2,257,0,0,0,
cat-feature,,heldout,8,0.5,all_no_bos,lens,-1,14,2,257,0,0,0,
cat-feature,,heldout,8,0.5,all_no_bos,randdir,0,14,2,257,0,0,0,
cat-feature,,heldout,8,0.5,all_no_bos,randdir,1,14,2,257,0,0,0,
cat-feature,,heldout,8,0.5,all_no_bos,randdir,2,14,2,257,0,0,0,
cat-feature,,heldout,8,0.5,all_no_bos,randnorm,0,14,2,257,0,0,0,
cat-feature,,heldout,8,0.5,all_no_bos,randnorm,1,14,2,257,0,0,0,
cat-feature,,heldout,8,0.5,all_no_bos,randnorm,2,14,2,257,0,0,0,
cat-feature,,heldout,8,0.5,from_mention,lens,-1,14,2,257,0,0,0,
cat-feature,,heldout,8,0.5,from_mention,randdir,0,14,2,257,0,0,0,
cat-feature,,heldout,8,0.5,from_mention,randdir,1,14,2,257,0,0,0,
cat-feature,,heldout,8,0.5,from_mention,randdir,2,14,2,257,0,0,0,
cat-feature,,heldout,8,0.5,from_mention,randnorm,0,14,2,257,0,0,0,
cat-feature,,heldout,8,0.5,from_mention,randnorm,1,14,2,257,0,0,0,
cat-feature,,heldout,8,0.5,from_mention,randnorm,2,14,2,257,0,0,0,
cat-feature,,heldout,8,0.5,answer_only,lens,-1,14,2,257,0,0,0,
cat-feature,,heldout,8,0.5,answer_only,randdir,0,14,2,257,0,0,0,
cat-feature,,heldout,8,0.5,answer_only,randdir,1,14,2,257,0,0,0,
cat-feature,,heldout,8,0.5,answer_only,randdir,2,14,2,257,0,0,0,
cat-feature,,heldout,8,0.5,answer_only,randnorm,0,14,2,257,0,0,0,
cat-feature,,heldout,8,0.5,answer_only,randnorm,1,14,2,257,0,0,0,
cat-feature,,heldout,8,0.5,answer_only,randnorm,2,14,2,257,0,0,0,
cat-feature,,heldout,8,1.0,all_no_bos,lens,-1,15,2,257,0,0,0,
cat-feature,,heldout,8,1.0,all_no_bos,randdir,0,17,2,257,0,0,0,
cat-feature,,heldout,8,1.0,all_no_bos,randdir,1,14,2,257,0,0,0,
cat-feature,,heldout,8,1.0,all_no_bos,randdir,2,14,2,257,0,0,0,
cat-feature,,heldout,8,1.0,all_no_bos,randnorm,0,14,2,257,0,0,0,
cat-feature,,heldout,8,1.0,all_no_bos,randnorm,1,13,2,257,0,0,0,
cat-feature,,heldout,8,1.0,all_no_bos,randnorm,2,14,2,257,0,0,0,
cat-feature,,heldout,8,1.0,from_mention,lens,-1,15,2,257,0,0,0,
cat-feature,,heldout,8,1.0,from_mention,randdir,0,17,2,257,0,0,0,
cat-feature,,heldout,8,1.0,from_mention,randdir,1,14,2,257,0,0,0,
cat-feature,,heldout,8,1.0,from_mention,randdir,2,14,2,257,0,0,0,
cat-feature,,heldout,8,1.0,from_mention,randnorm,0,14,2,257,0,0,0,
cat-feature,,heldout,8,1.0,from_mention,randnorm,1,13,2,257,0,0,0,
cat-feature,,heldout,8,1.0,from_mention,randnorm,2,14,2,257,0,0,0,
cat-feature,,heldout,8,1.0,answer_only,lens,-1,14,2,257,0,0,0,
cat-feature,,heldout,8,1.0,answer_only,randdir,0,14,1,21060,0,0,0,
cat-feature,,heldout,8,1.0,answer_only,randdir,1,14,2,257,0,0,0,
cat-feature,,heldout,8,1.0,answer_only,randdir,2,14,2,257,0,0,0,
cat-feature,,heldout,8,1.0,answer_only,randnorm,0,14,2,257,0,0,0,
cat-feature,,heldout,8,1.0,answer_only,randnorm,1,14,2,257,0,0,0,
cat-feature,,heldout,8,1.0,answer_only,randnorm,2,14,2,257,0,0,0,
cat-feature,,heldout,8,2.0,all_no_bos,lens,-1,15,2,257,0,0,0,
cat-feature,,heldout,8,2.0,all_no_bos,randdir,0,50,6,257,0,0,0,
cat-feature,,heldout,8,2.0,all_no_bos,randdir,1,13,2,257,0,0,0,
cat-feature,,heldout,8,2.0,all_no_bos,randdir,2,14,2,257,0,0,0,
cat-feature,,heldout,8,2.0,all_no_bos,randnorm,0,14,2,257,0,0,0,
cat-feature,,heldout,8,2.0,all_no_bos,randnorm,1,13,2,257,0,0,0,
cat-feature,,heldout,8,2.0,all_no_bos,randnorm,2,15,2,257,0,0,0,
cat-feature,,heldout,8,2.0,from_mention,lens,-1,15,2,257,0,0,0,
cat-feature,,heldout,8,2.0,from_mention,randdir,0,50,6,257,0,0,0,
cat-feature,,heldout,8,2.0,from_mention,randdir,1,13,2,257,0,0,0,
cat-feature,,heldout,8,2.0,from_mention,randdir,2,14,2,257,0,0,0,
cat-feature,,heldout,8,2.0,from_mention,randnorm,0,14,2,257,0,0,0,
cat-feature,,heldout,8,2.0,from_mention,randnorm,1,13,2,257,0,0,0,
cat-feature,,heldout,8,2.0,from_mention,randnorm,2,15,2,257,0,0,0,
cat-feature,,heldout,8,2.0,answer_only,lens,-1,15,2,257,0,0,0,
cat-feature,,heldout,8,2.0,answer_only,randdir,0,17,1,21060,0,0,0,
cat-feature,,heldout,8,2.0,answer_only,randdir,1,14,2,257,0,0,0,
cat-feature,,heldout,8,2.0,answer_only,randdir,2,14,2,257,0,0,0,
cat-feature,,heldout,8,2.0,answer_only,randnorm,0,14,2,257,0,0,0,
cat-feature,,heldout,8,2.0,answer_only,randnorm,1,14,2,257,0,0,0,
cat-feature,,heldout,8,2.0,answer_only,randnorm,2,14,2,257,0,0,0,
cat-feature,,heldout,9,0.5,all_no_bos,lens,-1,14,2,257,0,0,0,
cat-feature,,heldout,9,0.5,all_no_bos,randdir,0,14,2,257,0,0,0,
cat-feature,,heldout,9,0.5,all_no_bos,randdir,1,14,2,257,0,0,0,
cat-feature,,heldout,9,0.5,all_no_bos,randdir,2,14,2,257,0,0,0,
cat-feature,,heldout,9,0.5,all_no_bos,randnorm,0,14,2,257,0,0,0,
cat-feature,,heldout,9,0.5,all_no_bos,randnorm,1,14,2,257,0,0,0,
cat-feature,,heldout,9,0.5,all_no_bos,randnorm,2,14,2,257,0,0,0,
cat-feature,,heldout,9,0.5,from_mention,lens,-1,14,2,257,0,0,0,
cat-feature,,heldout,9,0.5,from_mention,randdir,0,14,2,257,0,0,0,
cat-feature,,heldout,9,0.5,from_mention,randdir,1,14,2,257,0,0,0,
cat-feature,,heldout,9,0.5,from_mention,randdir,2,14,2,257,0,0,0,
cat-feature,,heldout,9,0.5,from_mention,randnorm,0,14,2,257,0,0,0,
cat-feature,,heldout,9,0.5,from_mention,randnorm,1,14,2,257,0,0,0,
cat-feature,,heldout,9,0.5,from_mention,randnorm,2,14,2,257,0,0,0,
cat-feature,,heldout,9,0.5,answer_only,lens,-1,14,2,257,0,0,0,
cat-feature,,heldout,9,0.5,answer_only,randdir,0,14,2,257,0,0,0,
cat-feature,,heldout,9,0.5,answer_only,randdir,1,14,2,257,0,0,0,
cat-feature,,heldout,9,0.5,answer_only,randdir,2,14,2,257,0,0,0,
cat-feature,,heldout,9,0.5,answer_only,randnorm,0,14,2,257,0,0,0,
cat-feature,,heldout,9,0.5,answer_only,randnorm,1,14,2,257,0,0,0,
cat-feature,,heldout,9,0.5,answer_only,randnorm,2,14,2,257,0,0,0,
cat-feature,,heldout,9,1.0,all_no_bos,lens,-1,14,2,257,0,0,0,
cat-feature,,heldout,9,1.0,all_no_bos,randdir,0,14,2,257,0,0,0,
cat-feature,,heldout,9,1.0,all_no_bos,randdir,1,14,2,257,0,0,0,
cat-feature,,heldout,9,1.0,all_no_bos,randdir,2,14,2,257,0,0,0,
cat-feature,,heldout,9,1.0,all_no_bos,randnorm,0,14,2,257,0,0,0,
cat-feature,,heldout,9,1.0,all_no_bos,randnorm,1,14,2,257,0,0,0,
cat-feature,,heldout,9,1.0,all_no_bos,randnorm,2,14,2,257,0,0,0,
cat-feature,,heldout,9,1.0,from_mention,lens,-1,14,2,257,0,0,0,
cat-feature,,heldout,9,1.0,from_mention,randdir,0,14,2,257,0,0,0,
cat-feature,,heldout,9,1.0,from_mention,randdir,1,14,2,257,0,0,0,
cat-feature,,heldout,9,1.0,from_mention,randdir,2,14,2,257,0,0,0,
cat-feature,,heldout,9,1.0,from_mention,randnorm,0,14,2,257,0,0,0,
cat-feature,,heldout,9,1.0,from_mention,randnorm,1,14,2,257,0,0,0,
cat-feature,,heldout,9,1.0,from_mention,randnorm,2,14,2,257,0,0,0,
cat-feature,,heldout,9,1.0,answer_only,lens,-1,14,2,257,0,0,0,
cat-feature,,heldout,9,1.0,answer_only,randdir,0,14,2,257,0,0,0,
cat-feature,,heldout,9,1.0,answer_only,randdir,1,14,2,257,0,0,0,
cat-feature,,heldout,9,1.0,answer_only,randdir,2,14,2,257,0,0,0,
cat-feature,,heldout,9,1.0,answer_only,randnorm,0,14,2,257,0,0,0,
cat-feature,,heldout,9,1.0,answer_only,randnorm,1,14,2,257,0,0,0,
cat-feature,,heldout,9,1.0,answer_only,randnorm,2,14,2,257,0,0,0,
cat-feature,,heldout,9,2.0,all_no_bos,lens,-1,13,2,257,0,0,0,
cat-feature,,heldout,9,2.0,all_no_bos,randdir,0,14,2,257,0,0,0,
cat-feature,,heldout,9,2.0,all_no_bos,randdir,1,14,2,257,0,0,0,
cat-feature,,heldout,9,2.0,all_no_bos,randdir,2,14,2,257,0,0,0,
cat-feature,,heldout,9,2.0,all_no_bos,randnorm,0,14,2,257,0,0,0,
cat-feature,,heldout,9,2.0,all_no_bos,randnorm,1,14,2,257,0,0,0,
cat-feature,,heldout,9,2.0,all_no_bos,randnorm,2,14,2,257,0,0,0,
cat-feature,,heldout,9,2.0,from_mention,lens,-1,13,2,257,0,0,0,
cat-feature,,heldout,9,2.0,from_mention,randdir,0,14,2,257,0,0,0,
cat-feature,,heldout,9,2.0,from_mention,randdir,1,14,2,257,0,0,0,
cat-feature,,heldout,9,2.0,from_mention,randdir,2,14,2,257,0,0,0,
cat-feature,,heldout,9,2.0,from_mention,randnorm,0,14,2,257,0,0,0,
cat-feature,,heldout,9,2.0,from_mention,randnorm,1,14,2,257,0,0,0,
cat-feature,,heldout,9,2.0,from_mention,randnorm,2,14,2,257,0,0,0,
cat-feature,,heldout,9,2.0,answer_only,lens,-1,14,2,257,0,0,0,
cat-feature,,heldout,9,2.0,answer_only,randdir,0,14,2,257,0,0,0,
cat-feature,,heldout,9,2.0,answer_only,randdir,1,14,2,257,0,0,0,
cat-feature,,heldout,9,2.0,answer_only,randdir,2,14,2,257,0,0,0,
cat-feature,,heldout,9,2.0,answer_only,randnorm,0,14,2,257,0,0,0,
cat-feature,,heldout,9,2.0,answer_only,randnorm,1,14,2,257,0,0,0,
cat-feature,,heldout,9,2.0,answer_only,randnorm,2,14,2,257,0,0,0,
cat-feature,,heldout,10,0.5,all_no_bos,lens,-1,15,2,257,0,0,0,
cat-feature,,heldout,10,0.5,all_no_bos,randdir,0,14,2,257,0,0,0,
cat-feature,,heldout,10,0.5,all_no_bos,randdir,1,14,2,257,0,0,0,
cat-feature,,heldout,10,0.5,all_no_bos,randdir,2,14,2,257,0,0,0,
cat-feature,,heldout,10,0.5,all_no_bos,randnorm,0,14,2,257,0,0,0,
cat-feature,,heldout,10,0.5,all_no_bos,randnorm,1,14,2,257,0,0,0,
cat-feature,,heldout,10,0.5,all_no_bos,randnorm,2,14,2,257,0,0,0,
cat-feature,,heldout,10,0.5,from_mention,lens,-1,15,2,257,0,0,0,
cat-feature,,heldout,10,0.5,from_mention,randdir,0,14,2,257,0,0,0,
cat-feature,,heldout,10,0.5,from_mention,randdir,1,14,2,257,0,0,0,
cat-feature,,heldout,10,0.5,from_mention,randdir,2,14,2,257,0,0,0,
cat-feature,,heldout,10,0.5,from_mention,randnorm,0,14,2,257,0,0,0,
cat-feature,,heldout,10,0.5,from_mention,randnorm,1,14,2,257,0,0,0,
cat-feature,,heldout,10,0.5,from_mention,randnorm,2,14,2,257,0,0,0,
cat-feature,,heldout,10,0.5,answer_only,lens,-1,14,2,257,0,0,0,
cat-feature,,heldout,10,0.5,answer_only,randdir,0,14,2,257,0,0,0,
cat-feature,,heldout,10,0.5,answer_only,randdir,1,14,2,257,0,0,0,
cat-feature,,heldout,10,0.5,answer_only,randdir,2,14,2,257,0,0,0,
cat-feature,,heldout,10,0.5,answer_only,randnorm,0,14,2,257,0,0,0,
cat-feature,,heldout,10,0.5,answer_only,randnorm,1,14,2,257,0,0,0,
cat-feature,,heldout,10,0.5,answer_only,randnorm,2,14,2,257,0,0,0,
cat-feature,,heldout,10,1.0,all_no_bos,lens,-1,16,2,257,0,0,0,
cat-feature,,heldout,10,1.0,all_no_bos,randdir,0,14,2,257,0,0,0,
cat-feature,,heldout,10,1.0,all_no_bos,randdir,1,14,2,257,0,0,0,
cat-feature,,heldout,10,1.0,all_no_bos,randdir,2,14,2,257,0,0,0,
cat-feature,,heldout,10,1.0,all_no_bos,randnorm,0,14,2,257,0,0,0,
cat-feature,,heldout,10,1.0,all_no_bos,randnorm,1,14,2,257,0,0,0,
cat-feature,,heldout,10,1.0,all_no_bos,randnorm,2,14,2,257,0,0,0,
cat-feature,,heldout,10,1.0,from_mention,lens,-1,16,2,257,0,0,0,
cat-feature,,heldout,10,1.0,from_mention,randdir,0,14,2,257,0,0,0,
cat-feature,,heldout,10,1.0,from_mention,randdir,1,14,2,257,0,0,0,
cat-feature,,heldout,10,1.0,from_mention,randdir,2,14,2,257,0,0,0,
cat-feature,,heldout,10,1.0,from_mention,randnorm,0,14,2,257,0,0,0,
cat-feature,,heldout,10,1.0,from_mention,randnorm,1,14,2,257,0,0,0,
cat-feature,,heldout,10,1.0,from_mention,randnorm,2,14,2,257,0,0,0,
cat-feature,,heldout,10,1.0,answer_only,lens,-1,14,2,257,0,0,0,
cat-feature,,heldout,10,1.0,answer_only,randdir,0,14,2,257,0,0,0,
cat-feature,,heldout,10,1.0,answer_only,randdir,1,14,2,257,0,0,0,
cat-feature,,heldout,10,1.0,answer_only,randdir,2,14,2,257,0,0,0,
cat-feature,,heldout,10,1.0,answer_only,randnorm,0,14,2,257,0,0,0,
cat-feature,,heldout,10,1.0,answer_only,randnorm,1,14,2,257,0,0,0,
cat-feature,,heldout,10,1.0,answer_only,randnorm,2,14,2,257,0,0,0,
cat-feature,,heldout,10,2.0,all_no_bos,lens,-1,23,2,257,0,0,0,
cat-feature,,heldout,10,2.0,all_no_bos,randdir,0,12,2,257,0,0,0,
cat-feature,,heldout,10,2.0,all_no_bos,randdir,1,14,2,257,0,0,0,
cat-feature,,heldout,10,2.0,all_no_bos,randdir,2,14,2,257,0,0,0,
cat-feature,,heldout,10,2.0,all_no_bos,randnorm,0,13,2,257,0,0,0,
cat-feature,,heldout,10,2.0,all_no_bos,randnorm,1,14,2,257,0,0,0,
cat-feature,,heldout,10,2.0,all_no_bos,randnorm,2,16,2,257,0,0,0,
cat-feature,,heldout,10,2.0,from_mention,lens,-1,23,2,257,0,0,0,
cat-feature,,heldout,10,2.0,from_mention,randdir,0,12,2,257,0,0,0,
cat-feature,,heldout,10,2.0,from_mention,randdir,1,14,2,257,0,0,0,
cat-feature,,heldout,10,2.0,from_mention,randdir,2,14,2,257,0,0,0,
cat-feature,,heldout,10,2.0,from_mention,randnorm,0,13,2,257,0,0,0,
cat-feature,,heldout,10,2.0,from_mention,randnorm,1,14,2,257,0,0,0,
cat-feature,,heldout,10,2.0,from_mention,randnorm,2,16,2,257,0,0,0,
cat-feature,,heldout,10,2.0,answer_only,lens,-1,14,2,257,0,0,0,
cat-feature,,heldout,10,2.0,answer_only,randdir,0,12,1,21060,0,0,0,
cat-feature,,heldout,10,2.0,answer_only,randdir,1,14,2,257,0,0,0,
cat-feature,,heldout,10,2.0,answer_only,randdir,2,14,2,257,0,0,0,
cat-feature,,heldout,10,2.0,answer_only,randnorm,0,14,2,257,0,0,0,
cat-feature,,heldout,10,2.0,answer_only,randnorm,1,14,2,257,0,0,0,
cat-feature,,heldout,10,2.0,answer_only,randnorm,2,14,2,257,0,0,0,
cat-feature,,heldout,5-6,0.5,all_no_bos,lens,-1,14,2,257,0,0,0,
cat-feature,,heldout,5-6,0.5,all_no_bos,randdir,0,12,2,257,0,0,0,
cat-feature,,heldout,5-6,0.5,all_no_bos,randdir,1,14,2,257,0,0,0,
cat-feature,,heldout,5-6,0.5,all_no_bos,randdir,2,14,2,257,0,0,0,
cat-feature,,heldout,5-6,0.5,all_no_bos,randnorm,0,11,2,257,0,0,0,
cat-feature,,heldout,5-6,0.5,all_no_bos,randnorm,1,14,1,21060,0,0,0,
cat-feature,,heldout,5-6,0.5,all_no_bos,randnorm,2,17,2,257,0,0,0,
cat-feature,,heldout,5-6,0.5,from_mention,lens,-1,14,2,257,0,0,0,
cat-feature,,heldout,5-6,0.5,from_mention,randdir,0,12,2,257,0,0,0,
cat-feature,,heldout,5-6,0.5,from_mention,randdir,1,14,2,257,0,0,0,
cat-feature,,heldout,5-6,0.5,from_mention,randdir,2,14,2,257,0,0,0,
cat-feature,,heldout,5-6,0.5,from_mention,randnorm,0,11,2,257,0,0,0,
cat-feature,,heldout,5-6,0.5,from_mention,randnorm,1,14,1,21060,0,0,0,
cat-feature,,heldout,5-6,0.5,from_mention,randnorm,2,17,2,257,0,0,0,
cat-feature,,heldout,5-6,0.5,answer_only,lens,-1,14,2,257,0,0,0,
cat-feature,,heldout,5-6,0.5,answer_only,randdir,0,14,2,257,0,0,0,
cat-feature,,heldout,5-6,0.5,answer_only,randdir,1,14,2,257,0,0,0,
cat-feature,,heldout,5-6,0.5,answer_only,randdir,2,14,2,257,0,0,0,
cat-feature,,heldout,5-6,0.5,answer_only,randnorm,0,14,2,257,0,0,0,
cat-feature,,heldout,5-6,0.5,answer_only,randnorm,1,14,2,257,0,0,0,
cat-feature,,heldout,5-6,0.5,answer_only,randnorm,2,14,2,257,0,0,0,
cat-feature,,heldout,5-6,1.0,all_no_bos,lens,-1,14,2,257,0,0,0,
cat-feature,,heldout,5-6,1.0,all_no_bos,randdir,0,10,2,257,0,0,0,
cat-feature,,heldout,5-6,1.0,all_no_bos,randdir,1,12,1,21060,0,0,0,
cat-feature,,heldout,5-6,1.0,all_no_bos,randdir,2,15,2,257,0,0,0,
cat-feature,,heldout,5-6,1.0,all_no_bos,randnorm,0,10,2,257,0,0,0,
cat-feature,,heldout,5-6,1.0,all_no_bos,randnorm,1,13,1,21060,0,0,0,
cat-feature,,heldout,5-6,1.0,all_no_bos,randnorm,2,23,3,257,0,0,0,
cat-feature,,heldout,5-6,1.0,from_mention,lens,-1,14,2,257,0,0,0,
cat-feature,,heldout,5-6,1.0,from_mention,randdir,0,10,2,257,0,0,0,
cat-feature,,heldout,5-6,1.0,from_mention,randdir,1,12,1,21060,0,0,0,
cat-feature,,heldout,5-6,1.0,from_mention,randdir,2,15,2,257,0,0,0,
cat-feature,,heldout,5-6,1.0,from_mention,randnorm,0,10,2,257,0,0,0,
cat-feature,,heldout,5-6,1.0,from_mention,randnorm,1,13,1,21060,0,0,0,
cat-feature,,heldout,5-6,1.0,from_mention,randnorm,2,23,3,257,0,0,0,
cat-feature,,heldout,5-6,1.0,answer_only,lens,-1,14,2,257,0,0,0,
cat-feature,,heldout,5-6,1.0,answer_only,randdir,0,14,2,257,0,0,0,
cat-feature,,heldout,5-6,1.0,answer_only,randdir,1,14,2,257,0,0,0,
cat-feature,,heldout,5-6,1.0,answer_only,randdir,2,11,2,257,0,0,0,
cat-feature,,heldout,5-6,1.0,answer_only,randnorm,0,14,2,257,0,0,0,
cat-feature,,heldout,5-6,1.0,answer_only,randnorm,1,14,2,257,0,0,0,
cat-feature,,heldout,5-6,1.0,answer_only,randnorm,2,14,2,257,0,0,0,
cat-feature,,heldout,5-6,2.0,all_no_bos,lens,-1,5,50,257,1,0,1,
cat-feature,,heldout,5-6,2.0,all_no_bos,randdir,0,7,2,257,0,0,0,
cat-feature,,heldout,5-6,2.0,all_no_bos,randdir,1,10,1,21060,0,0,0,
cat-feature,,heldout,5-6,2.0,all_no_bos,randdir,2,21,3,257,0,0,0,
cat-feature,,heldout,5-6,2.0,all_no_bos,randnorm,0,8,2,257,0,0,0,
cat-feature,,heldout,5-6,2.0,all_no_bos,randnorm,1,10,1,21060,0,0,0,
cat-feature,,heldout,5-6,2.0,all_no_bos,randnorm,2,54,10,257,0,0,0,
cat-feature,,heldout,5-6,2.0,from_mention,lens,-1,5,50,257,1,0,1,
cat-feature,,heldout,5-6,2.0,from_mention,randdir,0,7,2,257,0,0,0,
cat-feature,,heldout,5-6,2.0,from_mention,randdir,1,10,1,21060,0,0,0,
cat-feature,,heldout,5-6,2.0,from_mention,randdir,2,21,3,257,0,0,0,
cat-feature,,heldout,5-6,2.0,from_mention,randnorm,0,8,2,257,0,0,0,
cat-feature,,heldout,5-6,2.0,from_mention,randnorm,1,10,1,21060,0,0,0,
cat-feature,,heldout,5-6,2.0,from_mention,randnorm,2,54,10,257,0,0,0,
cat-feature,,heldout,5-6,2.0,answer_only,lens,-1,12,3,257,0,0,0,
cat-feature,,heldout,5-6,2.0,answer_only,randdir,0,12,2,257,0,0,0,
cat-feature,,heldout,5-6,2.0,answer_only,randdir,1,11,1,21060,0,0,0,
cat-feature,,heldout,5-6,2.0,answer_only,randdir,2,11,2,257,0,0,0,
cat-feature,,heldout,5-6,2.0,answer_only,randnorm,0,12,2,257,0,0,0,
cat-feature,,heldout,5-6,2.0,answer_only,randnorm,1,12,1,21060,0,0,0,
cat-feature,,heldout,5-6,2.0,answer_only,randnorm,2,12,2,257,0,0,0,
cat-feature,,heldout,6-7,0.5,all_no_bos,lens,-1,14,2,257,0,0,0,
cat-feature,,heldout,6-7,0.5,all_no_bos,randdir,0,14,2,257,0,0,0,
cat-feature,,heldout,6-7,0.5,all_no_bos,randdir,1,14,2,257,0,0,0,
cat-feature,,heldout,6-7,0.5,all_no_bos,randdir,2,14,2,257,0,0,0,
cat-feature,,heldout,6-7,0.5,all_no_bos,randnorm,0,13,2,257,0,0,0,
cat-feature,,heldout,6-7,0.5,all_no_bos,randnorm,1,14,2,257,0,0,0,
cat-feature,,heldout,6-7,0.5,all_no_bos,randnorm,2,14,2,257,0,0,0,
cat-feature,,heldout,6-7,0.5,from_mention,lens,-1,14,2,257,0,0,0,
cat-feature,,heldout,6-7,0.5,from_mention,randdir,0,14,2,257,0,0,0,
cat-feature,,heldout,6-7,0.5,from_mention,randdir,1,14,2,257,0,0,0,
cat-feature,,heldout,6-7,0.5,from_mention,randdir,2,14,2,257,0,0,0,
cat-feature,,heldout,6-7,0.5,from_mention,randnorm,0,13,2,257,0,0,0,
cat-feature,,heldout,6-7,0.5,from_mention,randnorm,1,14,2,257,0,0,0,
cat-feature,,heldout,6-7,0.5,from_mention,randnorm,2,14,2,257,0,0,0,
cat-feature,,heldout,6-7,0.5,answer_only,lens,-1,14,2,257,0,0,0,
cat-feature,,heldout,6-7,0.5,answer_only,randdir,0,14,2,257,0,0,0,
cat-feature,,heldout,6-7,0.5,answer_only,randdir,1,14,2,257,0,0,0,
cat-feature,,heldout,6-7,0.5,answer_only,randdir,2,14,2,257,0,0,0,
cat-feature,,heldout,6-7,0.5,answer_only,randnorm,0,14,2,257,0,0,0,
cat-feature,,heldout,6-7,0.5,answer_only,randnorm,1,14,2,257,0,0,0,
cat-feature,,heldout,6-7,0.5,answer_only,randnorm,2,14,2,257,0,0,0,
cat-feature,,heldout,6-7,1.0,all_no_bos,lens,-1,14,2,257,0,0,0,
cat-feature,,heldout,6-7,1.0,all_no_bos,randdir,0,12,2,257,0,0,0,
cat-feature,,heldout,6-7,1.0,all_no_bos,randdir,1,14,2,257,0,0,0,
cat-feature,,heldout,6-7,1.0,all_no_bos,randdir,2,14,2,257,0,0,0,
cat-feature,,heldout,6-7,1.0,all_no_bos,randnorm,0,12,2,257,0,0,0,
cat-feature,,heldout,6-7,1.0,all_no_bos,randnorm,1,13,2,257,0,0,0,
cat-feature,,heldout,6-7,1.0,all_no_bos,randnorm,2,15,2,257,0,0,0,
cat-feature,,heldout,6-7,1.0,from_mention,lens,-1,14,2,257,0,0,0,
cat-feature,,heldout,6-7,1.0,from_mention,randdir,0,12,2,257,0,0,0,
cat-feature,,heldout,6-7,1.0,from_mention,randdir,1,14,2,257,0,0,0,
cat-feature,,heldout,6-7,1.0,from_mention,randdir,2,14,2,257,0,0,0,
cat-feature,,heldout,6-7,1.0,from_mention,randnorm,0,12,2,257,0,0,0,
cat-feature,,heldout,6-7,1.0,from_mention,randnorm,1,13,2,257,0,0,0,
cat-feature,,heldout,6-7,1.0,from_mention,randnorm,2,15,2,257,0,0,0,
cat-feature,,heldout,6-7,1.0,answer_only,lens,-1,14,2,257,0,0,0,
cat-feature,,heldout,6-7,1.0,answer_only,randdir,0,14,2,257,0,0,0,
cat-feature,,heldout,6-7,1.0,answer_only,randdir,1,14,2,257,0,0,0,
cat-feature,,heldout,6-7,1.0,answer_only,randdir,2,11,2,257,0,0,0,
cat-feature,,heldout,6-7,1.0,answer_only,randnorm,0,14,2,257,0,0,0,
cat-feature,,heldout,6-7,1.0,answer_only,randnorm,1,14,2,257,0,0,0,
cat-feature,,heldout,6-7,1.0,answer_only,randnorm,2,13,2,257,0,0,0,
cat-feature,,heldout,6-7,2.0,all_no_bos,lens,-1,9,4,257,0,0,0,
cat-feature,,heldout,6-7,2.0,all_no_bos,randdir,0,12,2,257,0,0,0,
cat-feature,,heldout,6-7,2.0,all_no_bos,randdir,1,14,2,257,0,0,0,
cat-feature,,heldout,6-7,2.0,all_no_bos,randdir,2,13,2,257,0,0,0,
cat-feature,,heldout,6-7,2.0,all_no_bos,randnorm,0,12,2,257,0,0,0,
cat-feature,,heldout,6-7,2.0,all_no_bos,randnorm,1,12,3,257,0,0,0,
cat-feature,,heldout,6-7,2.0,all_no_bos,randnorm,2,14,2,257,0,0,0,
cat-feature,,heldout,6-7,2.0,from_mention,lens,-1,9,4,257,0,0,0,
cat-feature,,heldout,6-7,2.0,from_mention,randdir,0,12,2,257,0,0,0,
cat-feature,,heldout,6-7,2.0,from_mention,randdir,1,14,2,257,0,0,0,
cat-feature,,heldout,6-7,2.0,from_mention,randdir,2,13,2,257,0,0,0,
cat-feature,,heldout,6-7,2.0,from_mention,randnorm,0,12,2,257,0,0,0,
cat-feature,,heldout,6-7,2.0,from_mention,randnorm,1,12,3,257,0,0,0,
cat-feature,,heldout,6-7,2.0,from_mention,randnorm,2,14,2,257,0,0,0,
cat-feature,,heldout,6-7,2.0,answer_only,lens,-1,12,2,257,0,0,0,
cat-feature,,heldout,6-7,2.0,answer_only,randdir,0,12,2,257,0,0,0,
cat-feature,,heldout,6-7,2.0,answer_only,randdir,1,14,2,257,0,0,0,
cat-feature,,heldout,6-7,2.0,answer_only,randdir,2,10,1,21060,0,0,0,
cat-feature,,heldout,6-7,2.0,answer_only,randnorm,0,13,2,257,0,0,0,
cat-feature,,heldout,6-7,2.0,answer_only,randnorm,1,14,2,257,0,0,0,
cat-feature,,heldout,6-7,2.0,answer_only,randnorm,2,11,2,257,0,0,0,
cat-feature,,heldout,7-8,0.5,all_no_bos,lens,-1,14,2,257,0,0,0,
cat-feature,,heldout,7-8,0.5,all_no_bos,randdir,0,14,2,257,0,0,0,
cat-feature,,heldout,7-8,0.5,all_no_bos,randdir,1,14,2,257,0,0,0,
cat-feature,,heldout,7-8,0.5,all_no_bos,randdir,2,14,2,257,0,0,0,
cat-feature,,heldout,7-8,0.5,all_no_bos,randnorm,0,14,2,257,0,0,0,
cat-feature,,heldout,7-8,0.5,all_no_bos,randnorm,1,14,2,257,0,0,0,
cat-feature,,heldout,7-8,0.5,all_no_bos,randnorm,2,14,2,257,0,0,0,
cat-feature,,heldout,7-8,0.5,from_mention,lens,-1,14,2,257,0,0,0,
cat-feature,,heldout,7-8,0.5,from_mention,randdir,0,14,2,257,0,0,0,
cat-feature,,heldout,7-8,0.5,from_mention,randdir,1,14,2,257,0,0,0,
cat-feature,,heldout,7-8,0.5,from_mention,randdir,2,14,2,257,0,0,0,
cat-feature,,heldout,7-8,0.5,from_mention,randnorm,0,14,2,257,0,0,0,
cat-feature,,heldout,7-8,0.5,from_mention,randnorm,1,14,2,257,0,0,0,
cat-feature,,heldout,7-8,0.5,from_mention,randnorm,2,14,2,257,0,0,0,
cat-feature,,heldout,7-8,0.5,answer_only,lens,-1,14,2,257,0,0,0,
cat-feature,,heldout,7-8,0.5,answer_only,randdir,0,14,2,257,0,0,0,
cat-feature,,heldout,7-8,0.5,answer_only,randdir,1,14,2,257,0,0,0,
cat-feature,,heldout,7-8,0.5,answer_only,randdir,2,14,2,257,0,0,0,
cat-feature,,heldout,7-8,0.5,answer_only,randnorm,0,14,2,257,0,0,0,
cat-feature,,heldout,7-8,0.5,answer_only,randnorm,1,14,2,257,0,0,0,
cat-feature,,heldout,7-8,0.5,answer_only,randnorm,2,14,2,257,0,0,0,
cat-feature,,heldout,7-8,1.0,all_no_bos,lens,-1,13,1,21060,0,0,0,
cat-feature,,heldout,7-8,1.0,all_no_bos,randdir,0,16,2,257,0,0,0,
cat-feature,,heldout,7-8,1.0,all_no_bos,randdir,1,14,2,257,0,0,0,
cat-feature,,heldout,7-8,1.0,all_no_bos,randdir,2,14,2,257,0,0,0,
cat-feature,,heldout,7-8,1.0,all_no_bos,randnorm,0,14,2,257,0,0,0,
cat-feature,,heldout,7-8,1.0,all_no_bos,randnorm,1,13,2,257,0,0,0,
cat-feature,,heldout,7-8,1.0,all_no_bos,randnorm,2,15,2,257,0,0,0,
cat-feature,,heldout,7-8,1.0,from_mention,lens,-1,13,1,21060,0,0,0,
cat-feature,,heldout,7-8,1.0,from_mention,randdir,0,16,2,257,0,0,0,
cat-feature,,heldout,7-8,1.0,from_mention,randdir,1,14,2,257,0,0,0,
cat-feature,,heldout,7-8,1.0,from_mention,randdir,2,14,2,257,0,0,0,
cat-feature,,heldout,7-8,1.0,from_mention,randnorm,0,14,2,257,0,0,0,
cat-feature,,heldout,7-8,1.0,from_mention,randnorm,1,13,2,257,0,0,0,
cat-feature,,heldout,7-8,1.0,from_mention,randnorm,2,15,2,257,0,0,0,
cat-feature,,heldout,7-8,1.0,answer_only,lens,-1,14,2,257,0,0,0,
cat-feature,,heldout,7-8,1.0,answer_only,randdir,0,14,1,21060,0,0,0,
cat-feature,,heldout,7-8,1.0,answer_only,randdir,1,14,2,257,0,0,0,
cat-feature,,heldout,7-8,1.0,answer_only,randdir,2,14,2,257,0,0,0,
cat-feature,,heldout,7-8,1.0,answer_only,randnorm,0,14,2,257,0,0,0,
cat-feature,,heldout,7-8,1.0,answer_only,randnorm,1,14,2,257,0,0,0,
cat-feature,,heldout,7-8,1.0,answer_only,randnorm,2,14,2,257,0,0,0,
cat-feature,,heldout,7-8,2.0,all_no_bos,lens,-1,6,2,257,0,0,0,
cat-feature,,heldout,7-8,2.0,all_no_bos,randdir,0,47,6,257,0,0,0,
cat-feature,,heldout,7-8,2.0,all_no_bos,randdir,1,14,3,257,0,0,0,
cat-feature,,heldout,7-8,2.0,all_no_bos,randdir,2,15,2,257,0,0,0,
cat-feature,,heldout,7-8,2.0,all_no_bos,randnorm,0,14,2,257,0,0,0,
cat-feature,,heldout,7-8,2.0,all_no_bos,randnorm,1,10,2,257,0,0,0,
cat-feature,,heldout,7-8,2.0,all_no_bos,randnorm,2,15,2,257,0,0,0,
cat-feature,,heldout,7-8,2.0,from_mention,lens,-1,6,2,257,0,0,0,
cat-feature,,heldout,7-8,2.0,from_mention,randdir,0,47,6,257,0,0,0,
cat-feature,,heldout,7-8,2.0,from_mention,randdir,1,14,3,257,0,0,0,
cat-feature,,heldout,7-8,2.0,from_mention,randdir,2,15,2,257,0,0,0,
cat-feature,,heldout,7-8,2.0,from_mention,randnorm,0,14,2,257,0,0,0,
cat-feature,,heldout,7-8,2.0,from_mention,randnorm,1,10,2,257,0,0,0,
cat-feature,,heldout,7-8,2.0,from_mention,randnorm,2,15,2,257,0,0,0,
cat-feature,,heldout,7-8,2.0,answer_only,lens,-1,8,1,21060,0,0,0,
cat-feature,,heldout,7-8,2.0,answer_only,randdir,0,17,1,21060,0,0,0,
cat-feature,,heldout,7-8,2.0,answer_only,randdir,1,14,2,257,0,0,0,
cat-feature,,heldout,7-8,2.0,answer_only,randdir,2,13,2,257,0,0,0,
cat-feature,,heldout,7-8,2.0,answer_only,randnorm,0,15,2,257,0,0,0,
cat-feature,,heldout,7-8,2.0,answer_only,randnorm,1,14,2,257,0,0,0,
cat-feature,,heldout,7-8,2.0,answer_only,randnorm,2,13,2,257,0,0,0,
cat-feature,,heldout,8-9,0.5,all_no_bos,lens,-1,14,2,257,0,0,0,
cat-feature,,heldout,8-9,0.5,all_no_bos,randdir,0,14,2,257,0,0,0,
cat-feature,,heldout,8-9,0.5,all_no_bos,randdir,1,14,2,257,0,0,0,
cat-feature,,heldout,8-9,0.5,all_no_bos,randdir,2,14,2,257,0,0,0,
cat-feature,,heldout,8-9,0.5,all_no_bos,randnorm,0,14,2,257,0,0,0,
cat-feature,,heldout,8-9,0.5,all_no_bos,randnorm,1,14,2,257,0,0,0,
cat-feature,,heldout,8-9,0.5,all_no_bos,randnorm,2,14,2,257,0,0,0,
cat-feature,,heldout,8-9,0.5,from_mention,lens,-1,14,2,257,0,0,0,
cat-feature,,heldout,8-9,0.5,from_mention,randdir,0,14,2,257,0,0,0,
cat-feature,,heldout,8-9,0.5,from_mention,randdir,1,14,2,257,0,0,0,
cat-feature,,heldout,8-9,0.5,from_mention,randdir,2,14,2,257,0,0,0,
cat-feature,,heldout,8-9,0.5,from_mention,randnorm,0,14,2,257,0,0,0,
cat-feature,,heldout,8-9,0.5,from_mention,randnorm,1,14,2,257,0,0,0,
cat-feature,,heldout,8-9,0.5,from_mention,randnorm,2,14,2,257,0,0,0,
cat-feature,,heldout,8-9,0.5,answer_only,lens,-1,14,2,257,0,0,0,
cat-feature,,heldout,8-9,0.5,answer_only,randdir,0,14,2,257,0,0,0,
cat-feature,,heldout,8-9,0.5,answer_only,randdir,1,14,2,257,0,0,0,
cat-feature,,heldout,8-9,0.5,answer_only,randdir,2,14,2,257,0,0,0,
cat-feature,,heldout,8-9,0.5,answer_only,randnorm,0,14,2,257,0,0,0,
cat-feature,,heldout,8-9,0.5,answer_only,randnorm,1,14,2,257,0,0,0,
cat-feature,,heldout,8-9,0.5,answer_only,randnorm,2,14,2,257,0,0,0,
cat-feature,,heldout,8-9,1.0,all_no_bos,lens,-1,14,2,257,0,0,0,
cat-feature,,heldout,8-9,1.0,all_no_bos,randdir,0,16,2,257,0,0,0,
cat-feature,,heldout,8-9,1.0,all_no_bos,randdir,1,14,2,257,0,0,0,
cat-feature,,heldout,8-9,1.0,all_no_bos,randdir,2,14,2,257,0,0,0,
cat-feature,,heldout,8-9,1.0,all_no_bos,randnorm,0,14,2,257,0,0,0,
cat-feature,,heldout,8-9,1.0,all_no_bos,randnorm,1,13,2,257,0,0,0,
cat-feature,,heldout,8-9,1.0,all_no_bos,randnorm,2,14,2,257,0,0,0,
cat-feature,,heldout,8-9,1.0,from_mention,lens,-1,14,2,257,0,0,0,
cat-feature,,heldout,8-9,1.0,from_mention,randdir,0,16,2,257,0,0,0,
cat-feature,,heldout,8-9,1.0,from_mention,randdir,1,14,2,257,0,0,0,
cat-feature,,heldout,8-9,1.0,from_mention,randdir,2,14,2,257,0,0,0,
cat-feature,,heldout,8-9,1.0,from_mention,randnorm,0,14,2,257,0,0,0,
cat-feature,,heldout,8-9,1.0,from_mention,randnorm,1,13,2,257,0,0,0,
cat-feature,,heldout,8-9,1.0,from_mention,randnorm,2,14,2,257,0,0,0,
cat-feature,,heldout,8-9,1.0,answer_only,lens,-1,14,2,257,0,0,0,
cat-feature,,heldout,8-9,1.0,answer_only,randdir,0,14,1,21060,0,0,0,
cat-feature,,heldout,8-9,1.0,answer_only,randdir,1,14,2,257,0,0,0,
cat-feature,,heldout,8-9,1.0,answer_only,randdir,2,14,2,257,0,0,0,
cat-feature,,heldout,8-9,1.0,answer_only,randnorm,0,14,2,257,0,0,0,
cat-feature,,heldout,8-9,1.0,answer_only,randnorm,1,14,2,257,0,0,0,
cat-feature,,heldout,8-9,1.0,answer_only,randnorm,2,14,2,257,0,0,0,
cat-feature,,heldout,8-9,2.0,all_no_bos,lens,-1,12,2,257,0,0,0,
cat-feature,,heldout,8-9,2.0,all_no_bos,randdir,0,43,6,257,0,0,0,
cat-feature,,heldout,8-9,2.0,all_no_bos,randdir,1,13,3,257,0,0,0,
cat-feature,,heldout,8-9,2.0,all_no_bos,randdir,2,14,2,257,0,0,0,
cat-feature,,heldout,8-9,2.0,all_no_bos,randnorm,0,14,2,257,0,0,0,
cat-feature,,heldout,8-9,2.0,all_no_bos,randnorm,1,13,2,257,0,0,0,
cat-feature,,heldout,8-9,2.0,all_no_bos,randnorm,2,15,2,257,0,0,0,
cat-feature,,heldout,8-9,2.0,from_mention,lens,-1,12,2,257,0,0,0,
cat-feature,,heldout,8-9,2.0,from_mention,randdir,0,43,6,257,0,0,0,
cat-feature,,heldout,8-9,2.0,from_mention,randdir,1,13,3,257,0,0,0,
cat-feature,,heldout,8-9,2.0,from_mention,randdir,2,14,2,257,0,0,0,
cat-feature,,heldout,8-9,2.0,from_mention,randnorm,0,14,2,257,0,0,0,
cat-feature,,heldout,8-9,2.0,from_mention,randnorm,1,13,2,257,0,0,0,
cat-feature,,heldout,8-9,2.0,from_mention,randnorm,2,15,2,257,0,0,0,
cat-feature,,heldout,8-9,2.0,answer_only,lens,-1,14,2,257,0,0,0,
cat-feature,,heldout,8-9,2.0,answer_only,randdir,0,13,1,21060,0,0,0,
cat-feature,,heldout,8-9,2.0,answer_only,randdir,1,14,2,257,0,0,0,
cat-feature,,heldout,8-9,2.0,answer_only,randdir,2,14,2,257,0,0,0,
cat-feature,,heldout,8-9,2.0,answer_only,randnorm,0,14,2,257,0,0,0,
cat-feature,,heldout,8-9,2.0,answer_only,randnorm,1,14,2,257,0,0,0,
cat-feature,,heldout,8-9,2.0,answer_only,randnorm,2,14,2,257,0,0,0,
cat-feature,,heldout,6-7-8,0.5,all_no_bos,lens,-1,14,2,257,0,0,0,
cat-feature,,heldout,6-7-8,0.5,all_no_bos,randdir,0,14,2,257,0,0,0,
cat-feature,,heldout,6-7-8,0.5,all_no_bos,randdir,1,14,2,257,0,0,0,
cat-feature,,heldout,6-7-8,0.5,all_no_bos,randdir,2,14,2,257,0,0,0,
cat-feature,,heldout,6-7-8,0.5,all_no_bos,randnorm,0,14,2,257,0,0,0,
cat-feature,,heldout,6-7-8,0.5,all_no_bos,randnorm,1,13,2,257,0,0,0,
cat-feature,,heldout,6-7-8,0.5,all_no_bos,randnorm,2,15,2,257,0,0,0,
cat-feature,,heldout,6-7-8,0.5,from_mention,lens,-1,14,2,257,0,0,0,
cat-feature,,heldout,6-7-8,0.5,from_mention,randdir,0,14,2,257,0,0,0,
cat-feature,,heldout,6-7-8,0.5,from_mention,randdir,1,14,2,257,0,0,0,
cat-feature,,heldout,6-7-8,0.5,from_mention,randdir,2,14,2,257,0,0,0,
cat-feature,,heldout,6-7-8,0.5,from_mention,randnorm,0,14,2,257,0,0,0,
cat-feature,,heldout,6-7-8,0.5,from_mention,randnorm,1,13,2,257,0,0,0,
cat-feature,,heldout,6-7-8,0.5,from_mention,randnorm,2,15,2,257,0,0,0,
cat-feature,,heldout,6-7-8,0.5,answer_only,lens,-1,14,2,257,0,0,0,
cat-feature,,heldout,6-7-8,0.5,answer_only,randdir,0,14,2,257,0,0,0,
cat-feature,,heldout,6-7-8,0.5,answer_only,randdir,1,14,2,257,0,0,0,
cat-feature,,heldout,6-7-8,0.5,answer_only,randdir,2,14,2,257,0,0,0,
cat-feature,,heldout,6-7-8,0.5,answer_only,randnorm,0,14,2,257,0,0,0,
cat-feature,,heldout,6-7-8,0.5,answer_only,randnorm,1,14,2,257,0,0,0,
cat-feature,,heldout,6-7-8,0.5,answer_only,randnorm,2,14,2,257,0,0,0,
cat-feature,,heldout,6-7-8,1.0,all_no_bos,lens,-1,14,2,257,0,0,0,
cat-feature,,heldout,6-7-8,1.0,all_no_bos,randdir,0,15,2,257,0,0,0,
cat-feature,,heldout,6-7-8,1.0,all_no_bos,randdir,1,13,2,257,0,0,0,
cat-feature,,heldout,6-7-8,1.0,all_no_bos,randdir,2,14,2,257,0,0,0,
cat-feature,,heldout,6-7-8,1.0,all_no_bos,randnorm,0,12,2,257,0,0,0,
cat-feature,,heldout,6-7-8,1.0,all_no_bos,randnorm,1,13,2,257,0,0,0,
cat-feature,,heldout,6-7-8,1.0,all_no_bos,randnorm,2,15,2,257,0,0,0,
cat-feature,,heldout,6-7-8,1.0,from_mention,lens,-1,14,2,257,0,0,0,
cat-feature,,heldout,6-7-8,1.0,from_mention,randdir,0,15,2,257,0,0,0,
cat-feature,,heldout,6-7-8,1.0,from_mention,randdir,1,13,2,257,0,0,0,
cat-feature,,heldout,6-7-8,1.0,from_mention,randdir,2,14,2,257,0,0,0,
cat-feature,,heldout,6-7-8,1.0,from_mention,randnorm,0,12,2,257,0,0,0,
cat-feature,,heldout,6-7-8,1.0,from_mention,randnorm,1,13,2,257,0,0,0,
cat-feature,,heldout,6-7-8,1.0,from_mention,randnorm,2,15,2,257,0,0,0,
cat-feature,,heldout,6-7-8,1.0,answer_only,lens,-1,14,2,257,0,0,0,
cat-feature,,heldout,6-7-8,1.0,answer_only,randdir,0,13,1,21060,0,0,0,
cat-feature,,heldout,6-7-8,1.0,answer_only,randdir,1,14,2,257,0,0,0,
cat-feature,,heldout,6-7-8,1.0,answer_only,randdir,2,11,2,257,0,0,0,
cat-feature,,heldout,6-7-8,1.0,answer_only,randnorm,0,14,2,257,0,0,0,
cat-feature,,heldout,6-7-8,1.0,answer_only,randnorm,1,14,2,257,0,0,0,
cat-feature,,heldout,6-7-8,1.0,answer_only,randnorm,2,13,2,257,0,0,0,
cat-feature,,heldout,6-7-8,2.0,all_no_bos,lens,-1,52,132,257,0,0,1,
cat-feature,,heldout,6-7-8,2.0,all_no_bos,randdir,0,48,7,257,0,0,0,
cat-feature,,heldout,6-7-8,2.0,all_no_bos,randdir,1,13,3,257,0,0,0,
cat-feature,,heldout,6-7-8,2.0,all_no_bos,randdir,2,13,3,257,0,0,0,
cat-feature,,heldout,6-7-8,2.0,all_no_bos,randnorm,0,13,2,257,0,0,0,
cat-feature,,heldout,6-7-8,2.0,all_no_bos,randnorm,1,11,2,257,0,0,0,
cat-feature,,heldout,6-7-8,2.0,all_no_bos,randnorm,2,14,4,257,0,0,0,
cat-feature,,heldout,6-7-8,2.0,from_mention,lens,-1,52,132,257,0,0,1,
cat-feature,,heldout,6-7-8,2.0,from_mention,randdir,0,48,7,257,0,0,0,
cat-feature,,heldout,6-7-8,2.0,from_mention,randdir,1,13,3,257,0,0,0,
cat-feature,,heldout,6-7-8,2.0,from_mention,randdir,2,13,3,257,0,0,0,
cat-feature,,heldout,6-7-8,2.0,from_mention,randnorm,0,13,2,257,0,0,0,
cat-feature,,heldout,6-7-8,2.0,from_mention,randnorm,1,11,2,257,0,0,0,
cat-feature,,heldout,6-7-8,2.0,from_mention,randnorm,2,14,4,257,0,0,0,
cat-feature,,heldout,6-7-8,2.0,answer_only,lens,-1,38,6,257,0,0,0,
cat-feature,,heldout,6-7-8,2.0,answer_only,randdir,0,13,1,21060,0,0,0,
cat-feature,,heldout,6-7-8,2.0,answer_only,randdir,1,15,2,257,0,0,0,
cat-feature,,heldout,6-7-8,2.0,answer_only,randdir,2,9,2,257,0,0,0,
cat-feature,,heldout,6-7-8,2.0,answer_only,randnorm,0,13,2,257,0,0,0,
cat-feature,,heldout,6-7-8,2.0,answer_only,randnorm,1,14,2,257,0,0,0,
cat-feature,,heldout,6-7-8,2.0,answer_only,randnorm,2,10,2,257,0,0,0,
cat-feature,,heldout,7-8-9,0.5,all_no_bos,lens,-1,14,2,257,0,0,0,
cat-feature,,heldout,7-8-9,0.5,all_no_bos,randdir,0,14,2,257,0,0,0,
cat-feature,,heldout,7-8-9,0.5,all_no_bos,randdir,1,14,2,257,0,0,0,
cat-feature,,heldout,7-8-9,0.5,all_no_bos,randdir,2,14,2,257,0,0,0,
cat-feature,,heldout,7-8-9,0.5,all_no_bos,randnorm,0,14,2,257,0,0,0,
cat-feature,,heldout,7-8-9,0.5,all_no_bos,randnorm,1,13,2,257,0,0,0,
cat-feature,,heldout,7-8-9,0.5,all_no_bos,randnorm,2,14,2,257,0,0,0,
cat-feature,,heldout,7-8-9,0.5,from_mention,lens,-1,14,2,257,0,0,0,
cat-feature,,heldout,7-8-9,0.5,from_mention,randdir,0,14,2,257,0,0,0,
cat-feature,,heldout,7-8-9,0.5,from_mention,randdir,1,14,2,257,0,0,0,
cat-feature,,heldout,7-8-9,0.5,from_mention,randdir,2,14,2,257,0,0,0,
cat-feature,,heldout,7-8-9,0.5,from_mention,randnorm,0,14,2,257,0,0,0,
cat-feature,,heldout,7-8-9,0.5,from_mention,randnorm,1,13,2,257,0,0,0,
cat-feature,,heldout,7-8-9,0.5,from_mention,randnorm,2,14,2,257,0,0,0,
cat-feature,,heldout,7-8-9,0.5,answer_only,lens,-1,14,2,257,0,0,0,
cat-feature,,heldout,7-8-9,0.5,answer_only,randdir,0,14,2,257,0,0,0,
cat-feature,,heldout,7-8-9,0.5,answer_only,randdir,1,14,2,257,0,0,0,
cat-feature,,heldout,7-8-9,0.5,answer_only,randdir,2,14,2,257,0,0,0,
cat-feature,,heldout,7-8-9,0.5,answer_only,randnorm,0,14,2,257,0,0,0,
cat-feature,,heldout,7-8-9,0.5,answer_only,randnorm,1,14,2,257,0,0,0,
cat-feature,,heldout,7-8-9,0.5,answer_only,randnorm,2,14,2,257,0,0,0,
cat-feature,,heldout,7-8-9,1.0,all_no_bos,lens,-1,13,1,21060,0,0,0,
cat-feature,,heldout,7-8-9,1.0,all_no_bos,randdir,0,16,3,257,0,0,0,
cat-feature,,heldout,7-8-9,1.0,all_no_bos,randdir,1,14,2,257,0,0,0,
cat-feature,,heldout,7-8-9,1.0,all_no_bos,randdir,2,14,2,257,0,0,0,
cat-feature,,heldout,7-8-9,1.0,all_no_bos,randnorm,0,14,2,257,0,0,0,
cat-feature,,heldout,7-8-9,1.0,all_no_bos,randnorm,1,13,2,257,0,0,0,
cat-feature,,heldout,7-8-9,1.0,all_no_bos,randnorm,2,15,2,257,0,0,0,
cat-feature,,heldout,7-8-9,1.0,from_mention,lens,-1,13,1,21060,0,0,0,
cat-feature,,heldout,7-8-9,1.0,from_mention,randdir,0,16,3,257,0,0,0,
cat-feature,,heldout,7-8-9,1.0,from_mention,randdir,1,14,2,257,0,0,0,
cat-feature,,heldout,7-8-9,1.0,from_mention,randdir,2,14,2,257,0,0,0,
cat-feature,,heldout,7-8-9,1.0,from_mention,randnorm,0,14,2,257,0,0,0,
cat-feature,,heldout,7-8-9,1.0,from_mention,randnorm,1,13,2,257,0,0,0,
cat-feature,,heldout,7-8-9,1.0,from_mention,randnorm,2,15,2,257,0,0,0,
cat-feature,,heldout,7-8-9,1.0,answer_only,lens,-1,14,2,257,0,0,0,
cat-feature,,heldout,7-8-9,1.0,answer_only,randdir,0,14,1,21060,0,0,0,
cat-feature,,heldout,7-8-9,1.0,answer_only,randdir,1,14,2,257,0,0,0,
cat-feature,,heldout,7-8-9,1.0,answer_only,randdir,2,14,2,257,0,0,0,
cat-feature,,heldout,7-8-9,1.0,answer_only,randnorm,0,14,2,257,0,0,0,
cat-feature,,heldout,7-8-9,1.0,answer_only,randnorm,1,14,2,257,0,0,0,
cat-feature,,heldout,7-8-9,1.0,answer_only,randnorm,2,14,2,257,0,0,0,
cat-feature,,heldout,7-8-9,2.0,all_no_bos,lens,-1,59,45,6512,0,0,0,
cat-feature,,heldout,7-8-9,2.0,all_no_bos,randdir,0,40,6,257,0,0,0,
cat-feature,,heldout,7-8-9,2.0,all_no_bos,randdir,1,16,3,257,0,0,0,
cat-feature,,heldout,7-8-9,2.0,all_no_bos,randdir,2,15,2,257,0,0,0,
cat-feature,,heldout,7-8-9,2.0,all_no_bos,randnorm,0,14,2,257,0,0,0,
cat-feature,,heldout,7-8-9,2.0,all_no_bos,randnorm,1,10,2,257,0,0,0,
cat-feature,,heldout,7-8-9,2.0,all_no_bos,randnorm,2,15,2,257,0,0,0,
cat-feature,,heldout,7-8-9,2.0,from_mention,lens,-1,59,45,6512,0,0,0,
cat-feature,,heldout,7-8-9,2.0,from_mention,randdir,0,40,6,257,0,0,0,
cat-feature,,heldout,7-8-9,2.0,from_mention,randdir,1,16,3,257,0,0,0,
cat-feature,,heldout,7-8-9,2.0,from_mention,randdir,2,15,2,257,0,0,0,
cat-feature,,heldout,7-8-9,2.0,from_mention,randnorm,0,14,2,257,0,0,0,
cat-feature,,heldout,7-8-9,2.0,from_mention,randnorm,1,10,2,257,0,0,0,
cat-feature,,heldout,7-8-9,2.0,from_mention,randnorm,2,15,2,257,0,0,0,
cat-feature,,heldout,7-8-9,2.0,answer_only,lens,-1,16,4,257,0,0,0,
cat-feature,,heldout,7-8-9,2.0,answer_only,randdir,0,13,1,21060,0,0,0,
cat-feature,,heldout,7-8-9,2.0,answer_only,randdir,1,14,2,257,0,0,0,
cat-feature,,heldout,7-8-9,2.0,answer_only,randdir,2,13,2,257,0,0,0,
cat-feature,,heldout,7-8-9,2.0,answer_only,randnorm,0,14,2,257,0,0,0,
cat-feature,,heldout,7-8-9,2.0,answer_only,randnorm,1,14,2,257,0,0,0,
cat-feature,,heldout,7-8-9,2.0,answer_only,randnorm,2,13,2,257,0,0,0,
chicken-give,,tuning,3,0.5,all_no_bos,lens,-1,22,1,9653,0,0,0,
chicken-give,,tuning,3,0.5,all_no_bos,randdir,0,15,1,9653,0,0,0,
chicken-give,,tuning,3,0.5,all_no_bos,randdir,1,19,1,9653,0,0,0,
chicken-give,,tuning,3,0.5,all_no_bos,randdir,2,18,1,9653,0,0,0,
chicken-give,,tuning,3,0.5,all_no_bos,randnorm,0,17,1,9653,0,0,0,
chicken-give,,tuning,3,0.5,all_no_bos,randnorm,1,20,1,9653,0,0,0,
chicken-give,,tuning,3,0.5,all_no_bos,randnorm,2,18,1,9653,0,0,0,
chicken-give,,tuning,3,0.5,from_mention,lens,-1,22,1,9653,0,0,0,
chicken-give,,tuning,3,0.5,from_mention,randdir,0,15,1,9653,0,0,0,
chicken-give,,tuning,3,0.5,from_mention,randdir,1,19,1,9653,0,0,0,
chicken-give,,tuning,3,0.5,from_mention,randdir,2,18,1,9653,0,0,0,
chicken-give,,tuning,3,0.5,from_mention,randnorm,0,17,1,9653,0,0,0,
chicken-give,,tuning,3,0.5,from_mention,randnorm,1,20,1,9653,0,0,0,
chicken-give,,tuning,3,0.5,from_mention,randnorm,2,18,1,9653,0,0,0,
chicken-give,,tuning,3,0.5,answer_only,lens,-1,17,1,9653,0,0,0,
chicken-give,,tuning,3,0.5,answer_only,randdir,0,17,1,9653,0,0,0,
chicken-give,,tuning,3,0.5,answer_only,randdir,1,18,1,9653,0,0,0,
chicken-give,,tuning,3,0.5,answer_only,randdir,2,18,1,9653,0,0,0,
chicken-give,,tuning,3,0.5,answer_only,randnorm,0,17,1,9653,0,0,0,
chicken-give,,tuning,3,0.5,answer_only,randnorm,1,18,1,9653,0,0,0,
chicken-give,,tuning,3,0.5,answer_only,randnorm,2,18,1,9653,0,0,0,
chicken-give,,tuning,3,1.0,all_no_bos,lens,-1,54,1,9653,0,0,0,
chicken-give,,tuning,3,1.0,all_no_bos,randdir,0,14,1,9653,0,0,0,
chicken-give,,tuning,3,1.0,all_no_bos,randdir,1,20,1,9653,0,0,0,
chicken-give,,tuning,3,1.0,all_no_bos,randdir,2,18,1,9653,0,0,0,
chicken-give,,tuning,3,1.0,all_no_bos,randnorm,0,17,1,9653,0,0,0,
chicken-give,,tuning,3,1.0,all_no_bos,randnorm,1,26,1,9653,0,0,0,
chicken-give,,tuning,3,1.0,all_no_bos,randnorm,2,18,1,9653,0,0,0,
chicken-give,,tuning,3,1.0,from_mention,lens,-1,54,1,9653,0,0,0,
chicken-give,,tuning,3,1.0,from_mention,randdir,0,14,1,9653,0,0,0,
chicken-give,,tuning,3,1.0,from_mention,randdir,1,20,1,9653,0,0,0,
chicken-give,,tuning,3,1.0,from_mention,randdir,2,18,1,9653,0,0,0,
chicken-give,,tuning,3,1.0,from_mention,randnorm,0,17,1,9653,0,0,0,
chicken-give,,tuning,3,1.0,from_mention,randnorm,1,26,1,9653,0,0,0,
chicken-give,,tuning,3,1.0,from_mention,randnorm,2,18,1,9653,0,0,0,
chicken-give,,tuning,3,1.0,answer_only,lens,-1,17,1,9653,0,0,0,
chicken-give,,tuning,3,1.0,answer_only,randdir,0,17,1,9653,0,0,0,
chicken-give,,tuning,3,1.0,answer_only,randdir,1,20,1,9653,0,0,0,
chicken-give,,tuning,3,1.0,answer_only,randdir,2,18,1,9653,0,0,0,
chicken-give,,tuning,3,1.0,answer_only,randnorm,0,17,1,9653,0,0,0,
chicken-give,,tuning,3,1.0,answer_only,randnorm,1,18,1,9653,0,0,0,
chicken-give,,tuning,3,1.0,answer_only,randnorm,2,18,1,9653,0,0,0,
chicken-give,,tuning,3,2.0,all_no_bos,lens,-1,181,1,9653,0,0,0,
chicken-give,,tuning,3,2.0,all_no_bos,randdir,0,13,1,9653,0,0,0,
chicken-give,,tuning,3,2.0,all_no_bos,randdir,1,28,1,9653,0,0,0,
chicken-give,,tuning,3,2.0,all_no_bos,randdir,2,18,1,9653,0,0,0,
chicken-give,,tuning,3,2.0,all_no_bos,randnorm,0,23,1,9653,0,0,0,
chicken-give,,tuning,3,2.0,all_no_bos,randnorm,1,60,1,9653,0,0,0,
chicken-give,,tuning,3,2.0,all_no_bos,randnorm,2,27,1,9653,0,0,0,
chicken-give,,tuning,3,2.0,from_mention,lens,-1,181,1,9653,0,0,0,
chicken-give,,tuning,3,2.0,from_mention,randdir,0,13,1,9653,0,0,0,
chicken-give,,tuning,3,2.0,from_mention,randdir,1,28,1,9653,0,0,0,
chicken-give,,tuning,3,2.0,from_mention,randdir,2,18,1,9653,0,0,0,
chicken-give,,tuning,3,2.0,from_mention,randnorm,0,23,1,9653,0,0,0,
chicken-give,,tuning,3,2.0,from_mention,randnorm,1,60,1,9653,0,0,0,
chicken-give,,tuning,3,2.0,from_mention,randnorm,2,27,1,9653,0,0,0,
chicken-give,,tuning,3,2.0,answer_only,lens,-1,17,1,9653,0,0,0,
chicken-give,,tuning,3,2.0,answer_only,randdir,0,15,1,9653,0,0,0,
chicken-give,,tuning,3,2.0,answer_only,randdir,1,21,1,9653,0,0,0,
chicken-give,,tuning,3,2.0,answer_only,randdir,2,18,1,9653,0,0,0,
chicken-give,,tuning,3,2.0,answer_only,randnorm,0,17,1,9653,0,0,0,
chicken-give,,tuning,3,2.0,answer_only,randnorm,1,18,1,9653,0,0,0,
chicken-give,,tuning,3,2.0,answer_only,randnorm,2,18,1,9653,0,0,0,
chicken-give,,tuning,4,0.5,all_no_bos,lens,-1,22,1,9653,0,0,0,
chicken-give,,tuning,4,0.5,all_no_bos,randdir,0,16,1,9653,0,0,0,
chicken-give,,tuning,4,0.5,all_no_bos,randdir,1,18,1,9653,0,0,0,
chicken-give,,tuning,4,0.5,all_no_bos,randdir,2,17,1,9653,0,0,0,
chicken-give,,tuning,4,0.5,all_no_bos,randnorm,0,17,1,9653,0,0,0,
chicken-give,,tuning,4,0.5,all_no_bos,randnorm,1,22,1,9653,0,0,0,
chicken-give,,tuning,4,0.5,all_no_bos,randnorm,2,16,1,9653,0,0,0,
chicken-give,,tuning,4,0.5,from_mention,lens,-1,22,1,9653,0,0,0,
chicken-give,,tuning,4,0.5,from_mention,randdir,0,16,1,9653,0,0,0,
chicken-give,,tuning,4,0.5,from_mention,randdir,1,18,1,9653,0,0,0,
chicken-give,,tuning,4,0.5,from_mention,randdir,2,17,1,9653,0,0,0,
chicken-give,,tuning,4,0.5,from_mention,randnorm,0,17,1,9653,0,0,0,
chicken-give,,tuning,4,0.5,from_mention,randnorm,1,22,1,9653,0,0,0,
chicken-give,,tuning,4,0.5,from_mention,randnorm,2,16,1,9653,0,0,0,
chicken-give,,tuning,4,0.5,answer_only,lens,-1,18,1,9653,0,0,0,
chicken-give,,tuning,4,0.5,answer_only,randdir,0,17,1,9653,0,0,0,
chicken-give,,tuning,4,0.5,answer_only,randdir,1,18,1,9653,0,0,0,
chicken-give,,tuning,4,0.5,answer_only,randdir,2,18,1,9653,0,0,0,
chicken-give,,tuning,4,0.5,answer_only,randnorm,0,18,1,9653,0,0,0,
chicken-give,,tuning,4,0.5,answer_only,randnorm,1,18,1,9653,0,0,0,
chicken-give,,tuning,4,0.5,answer_only,randnorm,2,18,1,9653,0,0,0,
chicken-give,,tuning,4,1.0,all_no_bos,lens,-1,53,1,9653,0,0,0,
chicken-give,,tuning,4,1.0,all_no_bos,randdir,0,15,1,9653,0,0,0,
chicken-give,,tuning,4,1.0,all_no_bos,randdir,1,18,1,9653,0,0,0,
chicken-give,,tuning,4,1.0,all_no_bos,randdir,2,15,1,9653,0,0,0,
chicken-give,,tuning,4,1.0,all_no_bos,randnorm,0,22,1,9653,0,0,0,
chicken-give,,tuning,4,1.0,all_no_bos,randnorm,1,53,1,9653,0,0,0,
chicken-give,,tuning,4,1.0,all_no_bos,randnorm,2,16,1,9653,0,0,0,
chicken-give,,tuning,4,1.0,from_mention,lens,-1,53,1,9653,0,0,0,
chicken-give,,tuning,4,1.0,from_mention,randdir,0,15,1,9653,0,0,0,
chicken-give,,tuning,4,1.0,from_mention,randdir,1,18,1,9653,0,0,0,
chicken-give,,tuning,4,1.0,from_mention,randdir,2,15,1,9653,0,0,0,
chicken-give,,tuning,4,1.0,from_mention,randnorm,0,22,1,9653,0,0,0,
chicken-give,,tuning,4,1.0,from_mention,randnorm,1,53,1,9653,0,0,0,
chicken-give,,tuning,4,1.0,from_mention,randnorm,2,16,1,9653,0,0,0,
chicken-give,,tuning,4,1.0,answer_only,lens,-1,18,1,9653,0,0,0,
chicken-give,,tuning,4,1.0,answer_only,randdir,0,16,1,9653,0,0,0,
chicken-give,,tuning,4,1.0,answer_only,randdir,1,18,1,9653,0,0,0,
chicken-give,,tuning,4,1.0,answer_only,randdir,2,18,1,9653,0,0,0,
chicken-give,,tuning,4,1.0,answer_only,randnorm,0,18,1,9653,0,0,0,
chicken-give,,tuning,4,1.0,answer_only,randnorm,1,18,1,9653,0,0,0,
chicken-give,,tuning,4,1.0,answer_only,randnorm,2,18,1,9653,0,0,0,
chicken-give,,tuning,4,2.0,all_no_bos,lens,-1,176,1,9653,0,0,0,
chicken-give,,tuning,4,2.0,all_no_bos,randdir,0,13,1,9653,0,0,0,
chicken-give,,tuning,4,2.0,all_no_bos,randdir,1,22,1,9653,0,0,0,
chicken-give,,tuning,4,2.0,all_no_bos,randdir,2,16,1,9653,0,0,0,
chicken-give,,tuning,4,2.0,all_no_bos,randnorm,0,69,1,9653,0,0,0,
chicken-give,,tuning,4,2.0,all_no_bos,randnorm,1,302,1,9653,0,0,0,
chicken-give,,tuning,4,2.0,all_no_bos,randnorm,2,31,1,9653,0,0,0,
chicken-give,,tuning,4,2.0,from_mention,lens,-1,176,1,9653,0,0,0,
chicken-give,,tuning,4,2.0,from_mention,randdir,0,13,1,9653,0,0,0,
chicken-give,,tuning,4,2.0,from_mention,randdir,1,22,1,9653,0,0,0,
chicken-give,,tuning,4,2.0,from_mention,randdir,2,16,1,9653,0,0,0,
chicken-give,,tuning,4,2.0,from_mention,randnorm,0,69,1,9653,0,0,0,
chicken-give,,tuning,4,2.0,from_mention,randnorm,1,302,1,9653,0,0,0,
chicken-give,,tuning,4,2.0,from_mention,randnorm,2,31,1,9653,0,0,0,
chicken-give,,tuning,4,2.0,answer_only,lens,-1,18,1,9653,0,0,0,
chicken-give,,tuning,4,2.0,answer_only,randdir,0,14,1,9653,0,0,0,
chicken-give,,tuning,4,2.0,answer_only,randdir,1,18,1,9653,0,0,0,
chicken-give,,tuning,4,2.0,answer_only,randdir,2,19,1,9653,0,0,0,
chicken-give,,tuning,4,2.0,answer_only,randnorm,0,18,1,9653,0,0,0,
chicken-give,,tuning,4,2.0,answer_only,randnorm,1,18,1,9653,0,0,0,
chicken-give,,tuning,4,2.0,answer_only,randnorm,2,18,1,9653,0,0,0,
chicken-give,,tuning,5,0.5,all_no_bos,lens,-1,21,1,9653,0,0,0,
chicken-give,,tuning,5,0.5,all_no_bos,randdir,0,18,1,9653,0,0,0,
chicken-give,,tuning,5,0.5,all_no_bos,randdir,1,18,1,9653,0,0,0,
chicken-give,,tuning,5,0.5,all_no_bos,randdir,2,17,1,9653,0,0,0,
chicken-give,,tuning,5,0.5,all_no_bos,randnorm,0,18,1,9653,0,0,0,
chicken-give,,tuning,5,0.5,all_no_bos,randnorm,1,19,1,9653,0,0,0,
chicken-give,,tuning,5,0.5,all_no_bos,randnorm,2,17,1,9653,0,0,0,
chicken-give,,tuning,5,0.5,from_mention,lens,-1,21,1,9653,0,0,0,
chicken-give,,tuning,5,0.5,from_mention,randdir,0,18,1,9653,0,0,0,
chicken-give,,tuning,5,0.5,from_mention,randdir,1,18,1,9653,0,0,0,
chicken-give,,tuning,5,0.5,from_mention,randdir,2,17,1,9653,0,0,0,
chicken-give,,tuning,5,0.5,from_mention,randnorm,0,18,1,9653,0,0,0,
chicken-give,,tuning,5,0.5,from_mention,randnorm,1,19,1,9653,0,0,0,
chicken-give,,tuning,5,0.5,from_mention,randnorm,2,17,1,9653,0,0,0,
chicken-give,,tuning,5,0.5,answer_only,lens,-1,17,1,9653,0,0,0,
chicken-give,,tuning,5,0.5,answer_only,randdir,0,18,1,9653,0,0,0,
chicken-give,,tuning,5,0.5,answer_only,randdir,1,18,1,9653,0,0,0,
chicken-give,,tuning,5,0.5,answer_only,randdir,2,17,1,9653,0,0,0,
chicken-give,,tuning,5,0.5,answer_only,randnorm,0,18,1,9653,0,0,0,
chicken-give,,tuning,5,0.5,answer_only,randnorm,1,18,1,9653,0,0,0,
chicken-give,,tuning,5,0.5,answer_only,randnorm,2,17,1,9653,0,0,0,
chicken-give,,tuning,5,1.0,all_no_bos,lens,-1,44,1,9653,0,0,0,
chicken-give,,tuning,5,1.0,all_no_bos,randdir,0,18,1,9653,0,0,0,
chicken-give,,tuning,5,1.0,all_no_bos,randdir,1,18,1,9653,0,0,0,
chicken-give,,tuning,5,1.0,all_no_bos,randdir,2,17,1,9653,0,0,0,
chicken-give,,tuning,5,1.0,all_no_bos,randnorm,0,18,1,9653,0,0,0,
chicken-give,,tuning,5,1.0,all_no_bos,randnorm,1,29,1,9653,0,0,0,
chicken-give,,tuning,5,1.0,all_no_bos,randnorm,2,20,1,9653,0,0,0,
chicken-give,,tuning,5,1.0,from_mention,lens,-1,44,1,9653,0,0,0,
chicken-give,,tuning,5,1.0,from_mention,randdir,0,18,1,9653,0,0,0,
chicken-give,,tuning,5,1.0,from_mention,randdir,1,18,1,9653,0,0,0,
chicken-give,,tuning,5,1.0,from_mention,randdir,2,17,1,9653,0,0,0,
chicken-give,,tuning,5,1.0,from_mention,randnorm,0,18,1,9653,0,0,0,
chicken-give,,tuning,5,1.0,from_mention,randnorm,1,29,1,9653,0,0,0,
chicken-give,,tuning,5,1.0,from_mention,randnorm,2,20,1,9653,0,0,0,
chicken-give,,tuning,5,1.0,answer_only,lens,-1,17,1,9653,0,0,0,
chicken-give,,tuning,5,1.0,answer_only,randdir,0,18,1,9653,0,0,0,
chicken-give,,tuning,5,1.0,answer_only,randdir,1,17,1,9653,0,0,0,
chicken-give,,tuning,5,1.0,answer_only,randdir,2,17,1,9653,0,0,0,
chicken-give,,tuning,5,1.0,answer_only,randnorm,0,18,1,9653,0,0,0,
chicken-give,,tuning,5,1.0,answer_only,randnorm,1,18,1,9653,0,0,0,
chicken-give,,tuning,5,1.0,answer_only,randnorm,2,17,1,9653,0,0,0,
chicken-give,,tuning,5,2.0,all_no_bos,lens,-1,126,1,9653,0,0,0,
chicken-give,,tuning,5,2.0,all_no_bos,randdir,0,18,1,9653,0,0,0,
chicken-give,,tuning,5,2.0,all_no_bos,randdir,1,21,1,9653,0,0,0,
chicken-give,,tuning,5,2.0,all_no_bos,randdir,2,18,1,9653,0,0,0,
chicken-give,,tuning,5,2.0,all_no_bos,randnorm,0,21,1,9653,0,0,0,
chicken-give,,tuning,5,2.0,all_no_bos,randnorm,1,131,1,9653,0,0,0,
chicken-give,,tuning,5,2.0,all_no_bos,randnorm,2,85,1,9653,0,0,0,
chicken-give,,tuning,5,2.0,from_mention,lens,-1,126,1,9653,0,0,0,
chicken-give,,tuning,5,2.0,from_mention,randdir,0,18,1,9653,0,0,0,
chicken-give,,tuning,5,2.0,from_mention,randdir,1,21,1,9653,0,0,0,
chicken-give,,tuning,5,2.0,from_mention,randdir,2,18,1,9653,0,0,0,
chicken-give,,tuning,5,2.0,from_mention,randnorm,0,21,1,9653,0,0,0,
chicken-give,,tuning,5,2.0,from_mention,randnorm,1,131,1,9653,0,0,0,
chicken-give,,tuning,5,2.0,from_mention,randnorm,2,85,1,9653,0,0,0,
chicken-give,,tuning,5,2.0,answer_only,lens,-1,17,1,9653,0,0,0,
chicken-give,,tuning,5,2.0,answer_only,randdir,0,18,1,9653,0,0,0,
chicken-give,,tuning,5,2.0,answer_only,randdir,1,17,1,9653,0,0,0,
chicken-give,,tuning,5,2.0,answer_only,randdir,2,17,1,9653,0,0,0,
chicken-give,,tuning,5,2.0,answer_only,randnorm,0,18,1,9653,0,0,0,
chicken-give,,tuning,5,2.0,answer_only,randnorm,1,18,1,9653,0,0,0,
chicken-give,,tuning,5,2.0,answer_only,randnorm,2,17,1,9653,0,0,0,
chicken-give,,tuning,6,0.5,all_no_bos,lens,-1,21,1,9653,0,0,0,
chicken-give,,tuning,6,0.5,all_no_bos,randdir,0,17,1,9653,0,0,0,
chicken-give,,tuning,6,0.5,all_no_bos,randdir,1,16,1,9653,0,0,0,
chicken-give,,tuning,6,0.5,all_no_bos,randdir,2,17,1,9653,0,0,0,
chicken-give,,tuning,6,0.5,all_no_bos,randnorm,0,18,1,9653,0,0,0,
chicken-give,,tuning,6,0.5,all_no_bos,randnorm,1,12,1,9653,0,0,0,
chicken-give,,tuning,6,0.5,all_no_bos,randnorm,2,14,1,9653,0,0,0,
chicken-give,,tuning,6,0.5,from_mention,lens,-1,21,1,9653,0,0,0,
chicken-give,,tuning,6,0.5,from_mention,randdir,0,17,1,9653,0,0,0,
chicken-give,,tuning,6,0.5,from_mention,randdir,1,16,1,9653,0,0,0,
chicken-give,,tuning,6,0.5,from_mention,randdir,2,17,1,9653,0,0,0,
chicken-give,,tuning,6,0.5,from_mention,randnorm,0,18,1,9653,0,0,0,
chicken-give,,tuning,6,0.5,from_mention,randnorm,1,12,1,9653,0,0,0,
chicken-give,,tuning,6,0.5,from_mention,randnorm,2,14,1,9653,0,0,0,
chicken-give,,tuning,6,0.5,answer_only,lens,-1,17,1,9653,0,0,0,
chicken-give,,tuning,6,0.5,answer_only,randdir,0,17,1,9653,0,0,0,
chicken-give,,tuning,6,0.5,answer_only,randdir,1,17,1,9653,0,0,0,
chicken-give,,tuning,6,0.5,answer_only,randdir,2,17,1,9653,0,0,0,
chicken-give,,tuning,6,0.5,answer_only,randnorm,0,17,1,9653,0,0,0,
chicken-give,,tuning,6,0.5,answer_only,randnorm,1,17,1,9653,0,0,0,
chicken-give,,tuning,6,0.5,answer_only,randnorm,2,17,1,9653,0,0,0,
chicken-give,,tuning,6,1.0,all_no_bos,lens,-1,41,1,9653,0,0,0,
chicken-give,,tuning,6,1.0,all_no_bos,randdir,0,17,1,9653,0,0,0,
chicken-give,,tuning,6,1.0,all_no_bos,randdir,1,14,1,9653,0,0,0,
chicken-give,,tuning,6,1.0,all_no_bos,randdir,2,17,1,9653,0,0,0,
chicken-give,,tuning,6,1.0,all_no_bos,randnorm,0,20,1,9653,0,0,0,
chicken-give,,tuning,6,1.0,all_no_bos,randnorm,1,11,1,9653,0,0,0,
chicken-give,,tuning,6,1.0,all_no_bos,randnorm,2,14,1,9653,0,0,0,
chicken-give,,tuning,6,1.0,from_mention,lens,-1,41,1,9653,0,0,0,
chicken-give,,tuning,6,1.0,from_mention,randdir,0,17,1,9653,0,0,0,
chicken-give,,tuning,6,1.0,from_mention,randdir,1,14,1,9653,0,0,0,
chicken-give,,tuning,6,1.0,from_mention,randdir,2,17,1,9653,0,0,0,
chicken-give,,tuning,6,1.0,from_mention,randnorm,0,20,1,9653,0,0,0,
chicken-give,,tuning,6,1.0,from_mention,randnorm,1,11,1,9653,0,0,0,
chicken-give,,tuning,6,1.0,from_mention,randnorm,2,14,1,9653,0,0,0,
chicken-give,,tuning,6,1.0,answer_only,lens,-1,17,1,9653,0,0,0,
chicken-give,,tuning,6,1.0,answer_only,randdir,0,17,1,9653,0,0,0,
chicken-give,,tuning,6,1.0,answer_only,randdir,1,17,1,9653,0,0,0,
chicken-give,,tuning,6,1.0,answer_only,randdir,2,17,1,9653,0,0,0,
chicken-give,,tuning,6,1.0,answer_only,randnorm,0,17,1,9653,0,0,0,
chicken-give,,tuning,6,1.0,answer_only,randnorm,1,17,1,9653,0,0,0,
chicken-give,,tuning,6,1.0,answer_only,randnorm,2,17,1,9653,0,0,0,
chicken-give,,tuning,6,2.0,all_no_bos,lens,-1,120,1,9653,0,0,0,
chicken-give,,tuning,6,2.0,all_no_bos,randdir,0,17,1,9653,0,0,0,
chicken-give,,tuning,6,2.0,all_no_bos,randdir,1,12,1,9653,0,0,0,
chicken-give,,tuning,6,2.0,all_no_bos,randdir,2,18,1,9653,0,0,0,
chicken-give,,tuning,6,2.0,all_no_bos,randnorm,0,56,1,9653,0,0,0,
chicken-give,,tuning,6,2.0,all_no_bos,randnorm,1,13,1,9653,0,0,0,
chicken-give,,tuning,6,2.0,all_no_bos,randnorm,2,16,1,9653,0,0,0,
chicken-give,,tuning,6,2.0,from_mention,lens,-1,120,1,9653,0,0,0,
chicken-give,,tuning,6,2.0,from_mention,randdir,0,17,1,9653,0,0,0,
chicken-give,,tuning,6,2.0,from_mention,randdir,1,12,1,9653,0,0,0,
chicken-give,,tuning,6,2.0,from_mention,randdir,2,18,1,9653,0,0,0,
chicken-give,,tuning,6,2.0,from_mention,randnorm,0,56,1,9653,0,0,0,
chicken-give,,tuning,6,2.0,from_mention,randnorm,1,13,1,9653,0,0,0,
chicken-give,,tuning,6,2.0,from_mention,randnorm,2,16,1,9653,0,0,0,
chicken-give,,tuning,6,2.0,answer_only,lens,-1,17,1,9653,0,0,0,
chicken-give,,tuning,6,2.0,answer_only,randdir,0,17,1,9653,0,0,0,
chicken-give,,tuning,6,2.0,answer_only,randdir,1,16,1,9653,0,0,0,
chicken-give,,tuning,6,2.0,answer_only,randdir,2,16,1,9653,0,0,0,
chicken-give,,tuning,6,2.0,answer_only,randnorm,0,15,1,9653,0,0,0,
chicken-give,,tuning,6,2.0,answer_only,randnorm,1,17,1,9653,0,0,0,
chicken-give,,tuning,6,2.0,answer_only,randnorm,2,16,1,9653,0,0,0,
chicken-give,,tuning,7,0.5,all_no_bos,lens,-1,18,1,9653,0,0,0,
chicken-give,,tuning,7,0.5,all_no_bos,randdir,0,18,1,9653,0,0,0,
chicken-give,,tuning,7,0.5,all_no_bos,randdir,1,18,1,9653,0,0,0,
chicken-give,,tuning,7,0.5,all_no_bos,randdir,2,17,1,9653,0,0,0,
chicken-give,,tuning,7,0.5,all_no_bos,randnorm,0,19,1,9653,0,0,0,
chicken-give,,tuning,7,0.5,all_no_bos,randnorm,1,24,1,9653,0,0,0,
chicken-give,,tuning,7,0.5,all_no_bos,randnorm,2,18,1,9653,0,0,0,
chicken-give,,tuning,7,0.5,from_mention,lens,-1,18,1,9653,0,0,0,
chicken-give,,tuning,7,0.5,from_mention,randdir,0,18,1,9653,0,0,0,
chicken-give,,tuning,7,0.5,from_mention,randdir,1,18,1,9653,0,0,0,
chicken-give,,tuning,7,0.5,from_mention,randdir,2,17,1,9653,0,0,0,
chicken-give,,tuning,7,0.5,from_mention,randnorm,0,19,1,9653,0,0,0,
chicken-give,,tuning,7,0.5,from_mention,randnorm,1,24,1,9653,0,0,0,
chicken-give,,tuning,7,0.5,from_mention,randnorm,2,18,1,9653,0,0,0,
chicken-give,,tuning,7,0.5,answer_only,lens,-1,17,1,9653,0,0,0,
chicken-give,,tuning,7,0.5,answer_only,randdir,0,18,1,9653,0,0,0,
chicken-give,,tuning,7,0.5,answer_only,randdir,1,18,1,9653,0,0,0,
chicken-give,,tuning,7,0.5,answer_only,randdir,2,17,1,9653,0,0,0,
chicken-give,,tuning,7,0.5,answer_only,randnorm,0,18,1,9653,0,0,0,
chicken-give,,tuning,7,0.5,answer_only,randnorm,1,18,1,9653,0,0,0,
chicken-give,,tuning,7,0.5,answer_only,randnorm,2,17,1,9653,0,0,0,
chicken-give,,tuning,7,1.0,all_no_bos,lens,-1,20,1,9653,0,0,0,
chicken-give,,tuning,7,1.0,all_no_bos,randdir,0,21,1,9653,0,0,0,
chicken-give,,tuning,7,1.0,all_no_bos,randdir,1,20,1,9653,0,0,0,
chicken-give,,tuning,7,1.0,all_no_bos,randdir,2,16,1,9653,0,0,0,
chicken-give,,tuning,7,1.0,all_no_bos,randnorm,0,24,1,9653,0,0,0,
chicken-give,,tuning,7,1.0,all_no_bos,randnorm,1,52,1,9653,0,0,0,
chicken-give,,tuning,7,1.0,all_no_bos,randnorm,2,17,1,9653,0,0,0,
chicken-give,,tuning,7,1.0,from_mention,lens,-1,20,1,9653,0,0,0,
chicken-give,,tuning,7,1.0,from_mention,randdir,0,21,1,9653,0,0,0,
chicken-give,,tuning,7,1.0,from_mention,randdir,1,20,1,9653,0,0,0,
chicken-give,,tuning,7,1.0,from_mention,randdir,2,16,1,9653,0,0,0,
chicken-give,,tuning,7,1.0,from_mention,randnorm,0,24,1,9653,0,0,0,
chicken-give,,tuning,7,1.0,from_mention,randnorm,1,52,1,9653,0,0,0,
chicken-give,,tuning,7,1.0,from_mention,randnorm,2,17,1,9653,0,0,0,
chicken-give,,tuning,7,1.0,answer_only,lens,-1,17,1,9653,0,0,0,
chicken-give,,tuning,7,1.0,answer_only,randdir,0,18,1,9653,0,0,0,
chicken-give,,tuning,7,1.0,answer_only,randdir,1,18,1,9653,0,0,0,
chicken-give,,tuning,7,1.0,answer_only,randdir,2,16,1,9653,0,0,0,
chicken-give,,tuning,7,1.0,answer_only,randnorm,0,18,1,9653,0,0,0,
chicken-give,,tuning,7,1.0,answer_only,randnorm,1,18,1,9653,0,0,0,
chicken-give,,tuning,7,1.0,answer_only,randnorm,2,17,1,9653,0,0,0,
chicken-give,,tuning,7,2.0,all_no_bos,lens,-1,59,1,9653,0,0,0,
chicken-give,,tuning,7,2.0,all_no_bos,randdir,0,29,1,9653,0,0,0,
chicken-give,,tuning,7,2.0,all_no_bos,randdir,1,31,1,9653,0,0,0,
chicken-give,,tuning,7,2.0,all_no_bos,randdir,2,16,1,9653,0,0,0,
chicken-give,,tuning,7,2.0,all_no_bos,randnorm,0,68,1,9653,0,0,0,
chicken-give,,tuning,7,2.0,all_no_bos,randnorm,1,162,1,9653,0,0,0,
chicken-give,,tuning,7,2.0,all_no_bos,randnorm,2,20,1,9653,0,0,0,
chicken-give,,tuning,7,2.0,from_mention,lens,-1,59,1,9653,0,0,0,
chicken-give,,tuning,7,2.0,from_mention,randdir,0,29,1,9653,0,0,0,
chicken-give,,tuning,7,2.0,from_mention,randdir,1,31,1,9653,0,0,0,
chicken-give,,tuning,7,2.0,from_mention,randdir,2,16,1,9653,0,0,0,
chicken-give,,tuning,7,2.0,from_mention,randnorm,0,68,1,9653,0,0,0,
chicken-give,,tuning,7,2.0,from_mention,randnorm,1,162,1,9653,0,0,0,
chicken-give,,tuning,7,2.0,from_mention,randnorm,2,20,1,9653,0,0,0,
chicken-give,,tuning,7,2.0,answer_only,lens,-1,17,1,9653,0,0,0,
chicken-give,,tuning,7,2.0,answer_only,randdir,0,19,1,9653,0,0,0,
chicken-give,,tuning,7,2.0,answer_only,randdir,1,20,1,9653,0,0,0,
chicken-give,,tuning,7,2.0,answer_only,randdir,2,14,1,9653,0,0,0,
chicken-give,,tuning,7,2.0,answer_only,randnorm,0,18,1,9653,0,0,0,
chicken-give,,tuning,7,2.0,answer_only,randnorm,1,18,1,9653,0,0,0,
chicken-give,,tuning,7,2.0,answer_only,randnorm,2,17,1,9653,0,0,0,
chicken-give,,tuning,8,0.5,all_no_bos,lens,-1,16,1,9653,0,0,0,
chicken-give,,tuning,8,0.5,all_no_bos,randdir,0,21,1,9653,0,0,0,
chicken-give,,tuning,8,0.5,all_no_bos,randdir,1,18,1,9653,0,0,0,
chicken-give,,tuning,8,0.5,all_no_bos,randdir,2,16,1,9653,0,0,0,
chicken-give,,tuning,8,0.5,all_no_bos,randnorm,0,18,1,9653,0,0,0,
chicken-give,,tuning,8,0.5,all_no_bos,randnorm,1,17,1,9653,0,0,0,
chicken-give,,tuning,8,0.5,all_no_bos,randnorm,2,16,1,9653,0,0,0,
chicken-give,,tuning,8,0.5,from_mention,lens,-1,16,1,9653,0,0,0,
chicken-give,,tuning,8,0.5,from_mention,randdir,0,21,1,9653,0,0,0,
chicken-give,,tuning,8,0.5,from_mention,randdir,1,18,1,9653,0,0,0,
chicken-give,,tuning,8,0.5,from_mention,randdir,2,16,1,9653,0,0,0,
chicken-give,,tuning,8,0.5,from_mention,randnorm,0,18,1,9653,0,0,0,
chicken-give,,tuning,8,0.5,from_mention,randnorm,1,17,1,9653,0,0,0,
chicken-give,,tuning,8,0.5,from_mention,randnorm,2,16,1,9653,0,0,0,
chicken-give,,tuning,8,0.5,answer_only,lens,-1,17,1,9653,0,0,0,
chicken-give,,tuning,8,0.5,answer_only,randdir,0,18,1,9653,0,0,0,
chicken-give,,tuning,8,0.5,answer_only,randdir,1,18,1,9653,0,0,0,
chicken-give,,tuning,8,0.5,answer_only,randdir,2,17,1,9653,0,0,0,
chicken-give,,tuning,8,0.5,answer_only,randnorm,0,18,1,9653,0,0,0,
chicken-give,,tuning,8,0.5,answer_only,randnorm,1,18,1,9653,0,0,0,
chicken-give,,tuning,8,0.5,answer_only,randnorm,2,17,1,9653,0,0,0,
chicken-give,,tuning,8,1.0,all_no_bos,lens,-1,16,1,9653,0,0,0,
chicken-give,,tuning,8,1.0,all_no_bos,randdir,0,34,1,9653,0,0,0,
chicken-give,,tuning,8,1.0,all_no_bos,randdir,1,19,1,9653,0,0,0,
chicken-give,,tuning,8,1.0,all_no_bos,randdir,2,14,1,9653,0,0,0,
chicken-give,,tuning,8,1.0,all_no_bos,randnorm,0,21,1,9653,0,0,0,
chicken-give,,tuning,8,1.0,all_no_bos,randnorm,1,17,1,9653,0,0,0,
chicken-give,,tuning,8,1.0,all_no_bos,randnorm,2,15,1,9653,0,0,0,
chicken-give,,tuning,8,1.0,from_mention,lens,-1,16,1,9653,0,0,0,
chicken-give,,tuning,8,1.0,from_mention,randdir,0,34,1,9653,0,0,0,
chicken-give,,tuning,8,1.0,from_mention,randdir,1,19,1,9653,0,0,0,
chicken-give,,tuning,8,1.0,from_mention,randdir,2,14,1,9653,0,0,0,
chicken-give,,tuning,8,1.0,from_mention,randnorm,0,21,1,9653,0,0,0,
chicken-give,,tuning,8,1.0,from_mention,randnorm,1,17,1,9653,0,0,0,
chicken-give,,tuning,8,1.0,from_mention,randnorm,2,15,1,9653,0,0,0,
chicken-give,,tuning,8,1.0,answer_only,lens,-1,17,1,9653,0,0,0,
chicken-give,,tuning,8,1.0,answer_only,randdir,0,21,1,9653,0,0,0,
chicken-give,,tuning,8,1.0,answer_only,randdir,1,18,1,9653,0,0,0,
chicken-give,,tuning,8,1.0,answer_only,randdir,2,16,1,9653,0,0,0,
chicken-give,,tuning,8,1.0,answer_only,randnorm,0,18,1,9653,0,0,0,
chicken-give,,tuning,8,1.0,answer_only,randnorm,1,18,1,9653,0,0,0,
chicken-give,,tuning,8,1.0,answer_only,randnorm,2,17,1,9653,0,0,0,
chicken-give,,tuning,8,2.0,all_no_bos,lens,-1,21,1,9653,0,0,0,
chicken-give,,tuning,8,2.0,all_no_bos,randdir,0,93,1,9653,0,0,0,
chicken-give,,tuning,8,2.0,all_no_bos,randdir,1,19,1,9653,0,0,0,
chicken-give,,tuning,8,2.0,all_no_bos,randdir,2,14,1,9653,0,0,0,
chicken-give,,tuning,8,2.0,all_no_bos,randnorm,0,51,1,9653,0,0,0,
chicken-give,,tuning,8,2.0,all_no_bos,randnorm,1,21,1,9653,0,0,0,
chicken-give,,tuning,8,2.0,all_no_bos,randnorm,2,16,1,9653,0,0,0,
chicken-give,,tuning,8,2.0,from_mention,lens,-1,21,1,9653,0,0,0,
chicken-give,,tuning,8,2.0,from_mention,randdir,0,93,1,9653,0,0,0,
chicken-give,,tuning,8,2.0,from_mention,randdir,1,19,1,9653,0,0,0,
chicken-give,,tuning,8,2.0,from_mention,randdir,2,14,1,9653,0,0,0,
chicken-give,,tuning,8,2.0,from_mention,randnorm,0,51,1,9653,0,0,0,
chicken-give,,tuning,8,2.0,from_mention,randnorm,1,21,1,9653,0,0,0,
chicken-give,,tuning,8,2.0,from_mention,randnorm,2,16,1,9653,0,0,0,
chicken-give,,tuning,8,2.0,answer_only,lens,-1,17,1,9653,0,0,0,
chicken-give,,tuning,8,2.0,answer_only,randdir,0,31,1,9653,0,0,0,
chicken-give,,tuning,8,2.0,answer_only,randdir,1,19,1,9653,0,0,0,
chicken-give,,tuning,8,2.0,answer_only,randdir,2,16,1,9653,0,0,0,
chicken-give,,tuning,8,2.0,answer_only,randnorm,0,18,1,9653,0,0,0,
chicken-give,,tuning,8,2.0,answer_only,randnorm,1,18,1,9653,0,0,0,
chicken-give,,tuning,8,2.0,answer_only,randnorm,2,17,1,9653,0,0,0,
chicken-give,,tuning,9,0.5,all_no_bos,lens,-1,16,1,9653,0,0,0,
chicken-give,,tuning,9,0.5,all_no_bos,randdir,0,17,1,9653,0,0,0,
chicken-give,,tuning,9,0.5,all_no_bos,randdir,1,18,1,9653,0,0,0,
chicken-give,,tuning,9,0.5,all_no_bos,randdir,2,18,1,9653,0,0,0,
chicken-give,,tuning,9,0.5,all_no_bos,randnorm,0,15,1,9653,0,0,0,
chicken-give,,tuning,9,0.5,all_no_bos,randnorm,1,17,1,9653,0,0,0,
chicken-give,,tuning,9,0.5,all_no_bos,randnorm,2,18,1,9653,0,0,0,
chicken-give,,tuning,9,0.5,from_mention,lens,-1,16,1,9653,0,0,0,
chicken-give,,tuning,9,0.5,from_mention,randdir,0,17,1,9653,0,0,0,
chicken-give,,tuning,9,0.5,from_mention,randdir,1,18,1,9653,0,0,0,
chicken-give,,tuning,9,0.5,from_mention,randdir,2,18,1,9653,0,0,0,
chicken-give,,tuning,9,0.5,from_mention,randnorm,0,15,1,9653,0,0,0,
chicken-give,,tuning,9,0.5,from_mention,randnorm,1,17,1,9653,0,0,0,
chicken-give,,tuning,9,0.5,from_mention,randnorm,2,18,1,9653,0,0,0,
chicken-give,,tuning,9,0.5,answer_only,lens,-1,18,1,9653,0,0,0,
chicken-give,,tuning,9,0.5,answer_only,randdir,0,18,1,9653,0,0,0,
chicken-give,,tuning,9,0.5,answer_only,randdir,1,18,1,9653,0,0,0,
chicken-give,,tuning,9,0.5,answer_only,randdir,2,18,1,9653,0,0,0,
chicken-give,,tuning,9,0.5,answer_only,randnorm,0,18,1,9653,0,0,0,
chicken-give,,tuning,9,0.5,answer_only,randnorm,1,18,1,9653,0,0,0,
chicken-give,,tuning,9,0.5,answer_only,randnorm,2,18,1,9653,0,0,0,
chicken-give,,tuning,9,1.0,all_no_bos,lens,-1,14,1,9653,0,0,0,
chicken-give,,tuning,9,1.0,all_no_bos,randdir,0,18,1,9653,0,0,0,
chicken-give,,tuning,9,1.0,all_no_bos,randdir,1,20,1,9653,0,0,0,
chicken-give,,tuning,9,1.0,all_no_bos,randdir,2,20,1,9653,0,0,0,
chicken-give,,tuning,9,1.0,all_no_bos,randnorm,0,13,1,9653,0,0,0,
chicken-give,,tuning,9,1.0,all_no_bos,randnorm,1,17,1,9653,0,0,0,
chicken-give,,tuning,9,1.0,all_no_bos,randnorm,2,20,1,9653,0,0,0,
chicken-give,,tuning,9,1.0,from_mention,lens,-1,14,1,9653,0,0,0,
chicken-give,,tuning,9,1.0,from_mention,randdir,0,18,1,9653,0,0,0,
chicken-give,,tuning,9,1.0,from_mention,randdir,1,20,1,9653,0,0,0,
chicken-give,,tuning,9,1.0,from_mention,randdir,2,20,1,9653,0,0,0,
chicken-give,,tuning,9,1.0,from_mention,randnorm,0,13,1,9653,0,0,0,
chicken-give,,tuning,9,1.0,from_mention,randnorm,1,17,1,9653,0,0,0,
chicken-give,,tuning,9,1.0,from_mention,randnorm,2,20,1,9653,0,0,0,
chicken-give,,tuning,9,1.0,answer_only,lens,-1,18,1,9653,0,0,0,
chicken-give,,tuning,9,1.0,answer_only,randdir,0,18,1,9653,0,0,0,
chicken-give,,tuning,9,1.0,answer_only,randdir,1,20,1,9653,0,0,0,
chicken-give,,tuning,9,1.0,answer_only,randdir,2,18,1,9653,0,0,0,
chicken-give,,tuning,9,1.0,answer_only,randnorm,0,18,1,9653,0,0,0,
chicken-give,,tuning,9,1.0,answer_only,randnorm,1,18,1,9653,0,0,0,
chicken-give,,tuning,9,1.0,answer_only,randnorm,2,18,1,9653,0,0,0,
chicken-give,,tuning,9,2.0,all_no_bos,lens,-1,19,1,9653,0,0,0,
chicken-give,,tuning,9,2.0,all_no_bos,randdir,0,18,1,9653,0,0,0,
chicken-give,,tuning,9,2.0,all_no_bos,randdir,1,32,1,9653,0,0,0,
chicken-give,,tuning,9,2.0,all_no_bos,randdir,2,25,1,9653,0,0,0,
chicken-give,,tuning,9,2.0,all_no_bos,randnorm,0,12,1,9653,0,0,0,
chicken-give,,tuning,9,2.0,all_no_bos,randnorm,1,20,1,9653,0,0,0,
chicken-give,,tuning,9,2.0,all_no_bos,randnorm,2,25,1,9653,0,0,0,
chicken-give,,tuning,9,2.0,from_mention,lens,-1,19,1,9653,0,0,0,
chicken-give,,tuning,9,2.0,from_mention,randdir,0,18,1,9653,0,0,0,
chicken-give,,tuning,9,2.0,from_mention,randdir,1,32,1,9653,0,0,0,
chicken-give,,tuning,9,2.0,from_mention,randdir,2,25,1,9653,0,0,0,
chicken-give,,tuning,9,2.0,from_mention,randnorm,0,12,1,9653,0,0,0,
chicken-give,,tuning,9,2.0,from_mention,randnorm,1,20,1,9653,0,0,0,
chicken-give,,tuning,9,2.0,from_mention,randnorm,2,25,1,9653,0,0,0,
chicken-give,,tuning,9,2.0,answer_only,lens,-1,18,1,9653,0,0,0,
chicken-give,,tuning,9,2.0,answer_only,randdir,0,18,1,9653,0,0,0,
chicken-give,,tuning,9,2.0,answer_only,randdir,1,25,1,9653,0,0,0,
chicken-give,,tuning,9,2.0,answer_only,randdir,2,20,1,9653,0,0,0,
chicken-give,,tuning,9,2.0,answer_only,randnorm,0,18,1,9653,0,0,0,
chicken-give,,tuning,9,2.0,answer_only,randnorm,1,18,1,9653,0,0,0,
chicken-give,,tuning,9,2.0,answer_only,randnorm,2,18,1,9653,0,0,0,
chicken-give,,tuning,10,0.5,all_no_bos,lens,-1,17,1,9653,0,0,0,
chicken-give,,tuning,10,0.5,all_no_bos,randdir,0,16,1,9653,0,0,0,
chicken-give,,tuning,10,0.5,all_no_bos,randdir,1,18,1,9653,0,0,0,
chicken-give,,tuning,10,0.5,all_no_bos,randdir,2,18,1,9653,0,0,0,
chicken-give,,tuning,10,0.5,all_no_bos,randnorm,0,17,1,9653,0,0,0,
chicken-give,,tuning,10,0.5,all_no_bos,randnorm,1,18,1,9653,0,0,0,
chicken-give,,tuning,10,0.5,all_no_bos,randnorm,2,18,1,9653,0,0,0,
chicken-give,,tuning,10,0.5,from_mention,lens,-1,17,1,9653,0,0,0,
chicken-give,,tuning,10,0.5,from_mention,randdir,0,16,1,9653,0,0,0,
chicken-give,,tuning,10,0.5,from_mention,randdir,1,18,1,9653,0,0,0,
chicken-give,,tuning,10,0.5,from_mention,randdir,2,18,1,9653,0,0,0,
chicken-give,,tuning,10,0.5,from_mention,randnorm,0,17,1,9653,0,0,0,
chicken-give,,tuning,10,0.5,from_mention,randnorm,1,18,1,9653,0,0,0,
chicken-give,,tuning,10,0.5,from_mention,randnorm,2,18,1,9653,0,0,0,
chicken-give,,tuning,10,0.5,answer_only,lens,-1,17,1,9653,0,0,0,
chicken-give,,tuning,10,0.5,answer_only,randdir,0,17,1,9653,0,0,0,
chicken-give,,tuning,10,0.5,answer_only,randdir,1,18,1,9653,0,0,0,
chicken-give,,tuning,10,0.5,answer_only,randdir,2,18,1,9653,0,0,0,
chicken-give,,tuning,10,0.5,answer_only,randnorm,0,17,1,9653,0,0,0,
chicken-give,,tuning,10,0.5,answer_only,randnorm,1,18,1,9653,0,0,0,
chicken-give,,tuning,10,0.5,answer_only,randnorm,2,18,1,9653,0,0,0,
chicken-give,,tuning,10,1.0,all_no_bos,lens,-1,16,1,9653,0,0,0,
chicken-give,,tuning,10,1.0,all_no_bos,randdir,0,15,1,9653,0,0,0,
chicken-give,,tuning,10,1.0,all_no_bos,randdir,1,18,1,9653,0,0,0,
chicken-give,,tuning,10,1.0,all_no_bos,randdir,2,16,1,9653,0,0,0,
chicken-give,,tuning,10,1.0,all_no_bos,randnorm,0,16,1,9653,0,0,0,
chicken-give,,tuning,10,1.0,all_no_bos,randnorm,1,18,1,9653,0,0,0,
chicken-give,,tuning,10,1.0,all_no_bos,randnorm,2,18,1,9653,0,0,0,
chicken-give,,tuning,10,1.0,from_mention,lens,-1,16,1,9653,0,0,0,
chicken-give,,tuning,10,1.0,from_mention,randdir,0,15,1,9653,0,0,0,
chicken-give,,tuning,10,1.0,from_mention,randdir,1,18,1,9653,0,0,0,
chicken-give,,tuning,10,1.0,from_mention,randdir,2,16,1,9653,0,0,0,
chicken-give,,tuning,10,1.0,from_mention,randnorm,0,16,1,9653,0,0,0,
chicken-give,,tuning,10,1.0,from_mention,randnorm,1,18,1,9653,0,0,0,
chicken-give,,tuning,10,1.0,from_mention,randnorm,2,18,1,9653,0,0,0,
chicken-give,,tuning,10,1.0,answer_only,lens,-1,17,1,9653,0,0,0,
chicken-give,,tuning,10,1.0,answer_only,randdir,0,16,1,9653,0,0,0,
chicken-give,,tuning,10,1.0,answer_only,randdir,1,18,1,9653,0,0,0,
chicken-give,,tuning,10,1.0,answer_only,randdir,2,17,1,9653,0,0,0,
chicken-give,,tuning,10,1.0,answer_only,randnorm,0,17,1,9653,0,0,0,
chicken-give,,tuning,10,1.0,answer_only,randnorm,1,18,1,9653,0,0,0,
chicken-give,,tuning,10,1.0,answer_only,randnorm,2,18,1,9653,0,0,0,
chicken-give,,tuning,10,2.0,all_no_bos,lens,-1,14,1,9653,0,0,0,
chicken-give,,tuning,10,2.0,all_no_bos,randdir,0,13,1,9653,0,0,0,
chicken-give,,tuning,10,2.0,all_no_bos,randdir,1,18,1,9653,0,0,0,
chicken-give,,tuning,10,2.0,all_no_bos,randdir,2,16,1,9653,0,0,0,
chicken-give,,tuning,10,2.0,all_no_bos,randnorm,0,14,1,9653,0,0,0,
chicken-give,,tuning,10,2.0,all_no_bos,randnorm,1,18,1,9653,0,0,0,
chicken-give,,tuning,10,2.0,all_no_bos,randnorm,2,18,1,9653,0,0,0,
chicken-give,,tuning,10,2.0,from_mention,lens,-1,14,1,9653,0,0,0,
chicken-give,,tuning,10,2.0,from_mention,randdir,0,13,1,9653,0,0,0,
chicken-give,,tuning,10,2.0,from_mention,randdir,1,18,1,9653,0,0,0,
chicken-give,,tuning,10,2.0,from_mention,randdir,2,16,1,9653,0,0,0,
chicken-give,,tuning,10,2.0,from_mention,randnorm,0,14,1,9653,0,0,0,
chicken-give,,tuning,10,2.0,from_mention,randnorm,1,18,1,9653,0,0,0,
chicken-give,,tuning,10,2.0,from_mention,randnorm,2,18,1,9653,0,0,0,
chicken-give,,tuning,10,2.0,answer_only,lens,-1,14,1,9653,0,0,0,
chicken-give,,tuning,10,2.0,answer_only,randdir,0,15,1,9653,0,0,0,
chicken-give,,tuning,10,2.0,answer_only,randdir,1,18,1,9653,0,0,0,
chicken-give,,tuning,10,2.0,answer_only,randdir,2,16,1,9653,0,0,0,
chicken-give,,tuning,10,2.0,answer_only,randnorm,0,17,1,9653,0,0,0,
chicken-give,,tuning,10,2.0,answer_only,randnorm,1,18,1,9653,0,0,0,
chicken-give,,tuning,10,2.0,answer_only,randnorm,2,18,1,9653,0,0,0,
chicken-give,,tuning,5-6,0.5,all_no_bos,lens,-1,20,1,9653,0,0,0,
chicken-give,,tuning,5-6,0.5,all_no_bos,randdir,0,18,1,9653,0,0,0,
chicken-give,,tuning,5-6,0.5,all_no_bos,randdir,1,17,1,9653,0,0,0,
chicken-give,,tuning,5-6,0.5,all_no_bos,randdir,2,17,1,9653,0,0,0,
chicken-give,,tuning,5-6,0.5,all_no_bos,randnorm,0,18,1,9653,0,0,0,
chicken-give,,tuning,5-6,0.5,all_no_bos,randnorm,1,16,1,9653,0,0,0,
chicken-give,,tuning,5-6,0.5,all_no_bos,randnorm,2,17,1,9653,0,0,0,
chicken-give,,tuning,5-6,0.5,from_mention,lens,-1,20,1,9653,0,0,0,
chicken-give,,tuning,5-6,0.5,from_mention,randdir,0,18,1,9653,0,0,0,
chicken-give,,tuning,5-6,0.5,from_mention,randdir,1,17,1,9653,0,0,0,
chicken-give,,tuning,5-6,0.5,from_mention,randdir,2,17,1,9653,0,0,0,
chicken-give,,tuning,5-6,0.5,from_mention,randnorm,0,18,1,9653,0,0,0,
chicken-give,,tuning,5-6,0.5,from_mention,randnorm,1,16,1,9653,0,0,0,
chicken-give,,tuning,5-6,0.5,from_mention,randnorm,2,17,1,9653,0,0,0,
chicken-give,,tuning,5-6,0.5,answer_only,lens,-1,17,1,9653,0,0,0,
chicken-give,,tuning,5-6,0.5,answer_only,randdir,0,18,1,9653,0,0,0,
chicken-give,,tuning,5-6,0.5,answer_only,randdir,1,17,1,9653,0,0,0,
chicken-give,,tuning,5-6,0.5,answer_only,randdir,2,17,1,9653,0,0,0,
chicken-give,,tuning,5-6,0.5,answer_only,randnorm,0,17,1,9653,0,0,0,
chicken-give,,tuning,5-6,0.5,answer_only,randnorm,1,17,1,9653,0,0,0,
chicken-give,,tuning,5-6,0.5,answer_only,randnorm,2,17,1,9653,0,0,0,
chicken-give,,tuning,5-6,1.0,all_no_bos,lens,-1,16,1,9653,0,0,0,
chicken-give,,tuning,5-6,1.0,all_no_bos,randdir,0,18,1,9653,0,0,0,
chicken-give,,tuning,5-6,1.0,all_no_bos,randdir,1,16,1,9653,0,0,0,
chicken-give,,tuning,5-6,1.0,all_no_bos,randdir,2,18,1,9653,0,0,0,
chicken-give,,tuning,5-6,1.0,all_no_bos,randnorm,0,20,1,9653,0,0,0,
chicken-give,,tuning,5-6,1.0,all_no_bos,randnorm,1,17,1,9653,0,0,0,
chicken-give,,tuning,5-6,1.0,all_no_bos,randnorm,2,22,1,9653,0,0,0,
chicken-give,,tuning,5-6,1.0,from_mention,lens,-1,16,1,9653,0,0,0,
chicken-give,,tuning,5-6,1.0,from_mention,randdir,0,18,1,9653,0,0,0,
chicken-give,,tuning,5-6,1.0,from_mention,randdir,1,16,1,9653,0,0,0,
chicken-give,,tuning,5-6,1.0,from_mention,randdir,2,18,1,9653,0,0,0,
chicken-give,,tuning,5-6,1.0,from_mention,randnorm,0,20,1,9653,0,0,0,
chicken-give,,tuning,5-6,1.0,from_mention,randnorm,1,17,1,9653,0,0,0,
chicken-give,,tuning,5-6,1.0,from_mention,randnorm,2,22,1,9653,0,0,0,
chicken-give,,tuning,5-6,1.0,answer_only,lens,-1,17,1,9653,0,0,0,
chicken-give,,tuning,5-6,1.0,answer_only,randdir,0,18,1,9653,0,0,0,
chicken-give,,tuning,5-6,1.0,answer_only,randdir,1,17,1,9653,0,0,0,
chicken-give,,tuning,5-6,1.0,answer_only,randdir,2,17,1,9653,0,0,0,
chicken-give,,tuning,5-6,1.0,answer_only,randnorm,0,17,1,9653,0,0,0,
chicken-give,,tuning,5-6,1.0,answer_only,randnorm,1,17,1,9653,0,0,0,
chicken-give,,tuning,5-6,1.0,answer_only,randnorm,2,17,1,9653,0,0,0,
chicken-give,,tuning,5-6,2.0,all_no_bos,lens,-1,242,1,9653,0,0,0,
chicken-give,,tuning,5-6,2.0,all_no_bos,randdir,0,15,1,9653,0,0,0,
chicken-give,,tuning,5-6,2.0,all_no_bos,randdir,1,16,1,9653,0,0,0,
chicken-give,,tuning,5-6,2.0,all_no_bos,randdir,2,19,1,9653,0,0,0,
chicken-give,,tuning,5-6,2.0,all_no_bos,randnorm,0,79,1,9653,0,0,0,
chicken-give,,tuning,5-6,2.0,all_no_bos,randnorm,1,77,1,9653,0,0,0,
chicken-give,,tuning,5-6,2.0,all_no_bos,randnorm,2,178,1,9653,0,0,0,
chicken-give,,tuning,5-6,2.0,from_mention,lens,-1,242,1,9653,0,0,0,
chicken-give,,tuning,5-6,2.0,from_mention,randdir,0,15,1,9653,0,0,0,
chicken-give,,tuning,5-6,2.0,from_mention,randdir,1,16,1,9653,0,0,0,
chicken-give,,tuning,5-6,2.0,from_mention,randdir,2,19,1,9653,0,0,0,
chicken-give,,tuning,5-6,2.0,from_mention,randnorm,0,79,1,9653,0,0,0,
chicken-give,,tuning,5-6,2.0,from_mention,randnorm,1,77,1,9653,0,0,0,
chicken-give,,tuning,5-6,2.0,from_mention,randnorm,2,178,1,9653,0,0,0,
chicken-give,,tuning,5-6,2.0,answer_only,lens,-1,18,1,9653,0,0,0,
chicken-give,,tuning,5-6,2.0,answer_only,randdir,0,18,1,9653,0,0,0,
chicken-give,,tuning,5-6,2.0,answer_only,randdir,1,17,1,9653,0,0,0,
chicken-give,,tuning,5-6,2.0,answer_only,randdir,2,16,1,9653,0,0,0,
chicken-give,,tuning,5-6,2.0,answer_only,randnorm,0,15,1,9653,0,0,0,
chicken-give,,tuning,5-6,2.0,answer_only,randnorm,1,17,1,9653,0,0,0,
chicken-give,,tuning,5-6,2.0,answer_only,randnorm,2,16,1,9653,0,0,0,
chicken-give,,tuning,6-7,0.5,all_no_bos,lens,-1,18,1,9653,0,0,0,
chicken-give,,tuning,6-7,0.5,all_no_bos,randdir,0,18,1,9653,0,0,0,
chicken-give,,tuning,6-7,0.5,all_no_bos,randdir,1,18,1,9653,0,0,0,
chicken-give,,tuning,6-7,0.5,all_no_bos,randdir,2,17,1,9653,0,0,0,
chicken-give,,tuning,6-7,0.5,all_no_bos,randnorm,0,19,1,9653,0,0,0,
chicken-give,,tuning,6-7,0.5,all_no_bos,randnorm,1,18,1,9653,0,0,0,
chicken-give,,tuning,6-7,0.5,all_no_bos,randnorm,2,14,1,9653,0,0,0,
chicken-give,,tuning,6-7,0.5,from_mention,lens,-1,18,1,9653,0,0,0,
chicken-give,,tuning,6-7,0.5,from_mention,randdir,0,18,1,9653,0,0,0,
chicken-give,,tuning,6-7,0.5,from_mention,randdir,1,18,1,9653,0,0,0,
chicken-give,,tuning,6-7,0.5,from_mention,randdir,2,17,1,9653,0,0,0,
chicken-give,,tuning,6-7,0.5,from_mention,randnorm,0,19,1,9653,0,0,0,
chicken-give,,tuning,6-7,0.5,from_mention,randnorm,1,18,1,9653,0,0,0,
chicken-give,,tuning,6-7,0.5,from_mention,randnorm,2,14,1,9653,0,0,0,
chicken-give,,tuning,6-7,0.5,answer_only,lens,-1,17,1,9653,0,0,0,
chicken-give,,tuning,6-7,0.5,answer_only,randdir,0,18,1,9653,0,0,0,
chicken-give,,tuning,6-7,0.5,answer_only,randdir,1,17,1,9653,0,0,0,
chicken-give,,tuning,6-7,0.5,answer_only,randdir,2,16,1,9653,0,0,0,
chicken-give,,tuning,6-7,0.5,answer_only,randnorm,0,18,1,9653,0,0,0,
chicken-give,,tuning,6-7,0.5,answer_only,randnorm,1,17,1,9653,0,0,0,
chicken-give,,tuning,6-7,0.5,answer_only,randnorm,2,17,1,9653,0,0,0,
chicken-give,,tuning,6-7,1.0,all_no_bos,lens,-1,20,1,9653,0,0,0,
chicken-give,,tuning,6-7,1.0,all_no_bos,randdir,0,20,1,9653,0,0,0,
chicken-give,,tuning,6-7,1.0,all_no_bos,randdir,1,18,1,9653,0,0,0,
chicken-give,,tuning,6-7,1.0,all_no_bos,randdir,2,17,1,9653,0,0,0,
chicken-give,,tuning,6-7,1.0,all_no_bos,randnorm,0,29,1,9653,0,0,0,
chicken-give,,tuning,6-7,1.0,all_no_bos,randnorm,1,22,1,9653,0,0,0,
chicken-give,,tuning,6-7,1.0,all_no_bos,randnorm,2,12,1,9653,0,0,0,
chicken-give,,tuning,6-7,1.0,from_mention,lens,-1,20,1,9653,0,0,0,
chicken-give,,tuning,6-7,1.0,from_mention,randdir,0,20,1,9653,0,0,0,
chicken-give,,tuning,6-7,1.0,from_mention,randdir,1,18,1,9653,0,0,0,
chicken-give,,tuning,6-7,1.0,from_mention,randdir,2,17,1,9653,0,0,0,
chicken-give,,tuning,6-7,1.0,from_mention,randnorm,0,29,1,9653,0,0,0,
chicken-give,,tuning,6-7,1.0,from_mention,randnorm,1,22,1,9653,0,0,0,
chicken-give,,tuning,6-7,1.0,from_mention,randnorm,2,12,1,9653,0,0,0,
chicken-give,,tuning,6-7,1.0,answer_only,lens,-1,17,1,9653,0,0,0,
chicken-give,,tuning,6-7,1.0,answer_only,randdir,0,18,1,9653,0,0,0,
chicken-give,,tuning,6-7,1.0,answer_only,randdir,1,17,1,9653,0,0,0,
chicken-give,,tuning,6-7,1.0,answer_only,randdir,2,15,1,9653,0,0,0,
chicken-give,,tuning,6-7,1.0,answer_only,randnorm,0,18,1,9653,0,0,0,
chicken-give,,tuning,6-7,1.0,answer_only,randnorm,1,17,1,9653,0,0,0,
chicken-give,,tuning,6-7,1.0,answer_only,randnorm,2,17,1,9653,0,0,0,
chicken-give,,tuning,6-7,2.0,all_no_bos,lens,-1,316,1,9653,0,0,0,
chicken-give,,tuning,6-7,2.0,all_no_bos,randdir,0,27,1,9653,0,0,0,
chicken-give,,tuning,6-7,2.0,all_no_bos,randdir,1,21,1,9653,0,0,0,
chicken-give,,tuning,6-7,2.0,all_no_bos,randdir,2,18,2,257,0,0,0,
chicken-give,,tuning,6-7,2.0,all_no_bos,randnorm,0,133,1,9653,0,0,0,
chicken-give,,tuning,6-7,2.0,all_no_bos,randnorm,1,92,1,9653,0,0,0,
chicken-give,,tuning,6-7,2.0,all_no_bos,randnorm,2,21,1,9653,0,0,0,
chicken-give,,tuning,6-7,2.0,from_mention,lens,-1,316,1,9653,0,0,0,
chicken-give,,tuning,6-7,2.0,from_mention,randdir,0,27,1,9653,0,0,0,
chicken-give,,tuning,6-7,2.0,from_mention,randdir,1,21,1,9653,0,0,0,
chicken-give,,tuning,6-7,2.0,from_mention,randdir,2,18,2,257,0,0,0,
chicken-give,,tuning,6-7,2.0,from_mention,randnorm,0,133,1,9653,0,0,0,
chicken-give,,tuning,6-7,2.0,from_mention,randnorm,1,92,1,9653,0,0,0,
chicken-give,,tuning,6-7,2.0,from_mention,randnorm,2,21,1,9653,0,0,0,
chicken-give,,tuning,6-7,2.0,answer_only,lens,-1,19,1,9653,0,0,0,
chicken-give,,tuning,6-7,2.0,answer_only,randdir,0,19,1,9653,0,0,0,
chicken-give,,tuning,6-7,2.0,answer_only,randdir,1,18,1,9653,0,0,0,
chicken-give,,tuning,6-7,2.0,answer_only,randdir,2,13,1,9653,0,0,0,
chicken-give,,tuning,6-7,2.0,answer_only,randnorm,0,18,1,9653,0,0,0,
chicken-give,,tuning,6-7,2.0,answer_only,randnorm,1,17,1,9653,0,0,0,
chicken-give,,tuning,6-7,2.0,answer_only,randnorm,2,16,1,9653,0,0,0,
chicken-give,,tuning,7-8,0.5,all_no_bos,lens,-1,18,1,9653,0,0,0,
chicken-give,,tuning,7-8,0.5,all_no_bos,randdir,0,21,1,9653,0,0,0,
chicken-give,,tuning,7-8,0.5,all_no_bos,randdir,1,20,1,9653,0,0,0,
chicken-give,,tuning,7-8,0.5,all_no_bos,randdir,2,14,1,9653,0,0,0,
chicken-give,,tuning,7-8,0.5,all_no_bos,randnorm,0,21,1,9653,0,0,0,
chicken-give,,tuning,7-8,0.5,all_no_bos,randnorm,1,24,1,9653,0,0,0,
chicken-give,,tuning,7-8,0.5,all_no_bos,randnorm,2,16,1,9653,0,0,0,
chicken-give,,tuning,7-8,0.5,from_mention,lens,-1,18,1,9653,0,0,0,
chicken-give,,tuning,7-8,0.5,from_mention,randdir,0,21,1,9653,0,0,0,
chicken-give,,tuning,7-8,0.5,from_mention,randdir,1,20,1,9653,0,0,0,
chicken-give,,tuning,7-8,0.5,from_mention,randdir,2,14,1,9653,0,0,0,
chicken-give,,tuning,7-8,0.5,from_mention,randnorm,0,21,1,9653,0,0,0,
chicken-give,,tuning,7-8,0.5,from_mention,randnorm,1,24,1,9653,0,0,0,
chicken-give,,tuning,7-8,0.5,from_mention,randnorm,2,16,1,9653,0,0,0,
chicken-give,,tuning,7-8,0.5,answer_only,lens,-1,17,1,9653,0,0,0,
chicken-give,,tuning,7-8,0.5,answer_only,randdir,0,19,1,9653,0,0,0,
chicken-give,,tuning,7-8,0.5,answer_only,randdir,1,18,1,9653,0,0,0,
chicken-give,,tuning,7-8,0.5,answer_only,randdir,2,16,1,9653,0,0,0,
chicken-give,,tuning,7-8,0.5,answer_only,randnorm,0,18,1,9653,0,0,0,
chicken-give,,tuning,7-8,0.5,answer_only,randnorm,1,18,1,9653,0,0,0,
chicken-give,,tuning,7-8,0.5,answer_only,randnorm,2,17,1,9653,0,0,0,
chicken-give,,tuning,7-8,1.0,all_no_bos,lens,-1,21,1,9653,0,0,0,
chicken-give,,tuning,7-8,1.0,all_no_bos,randdir,0,36,1,9653,0,0,0,
chicken-give,,tuning,7-8,1.0,all_no_bos,randdir,1,23,1,9653,0,0,0,
chicken-give,,tuning,7-8,1.0,all_no_bos,randdir,2,14,1,9653,0,0,0,
chicken-give,,tuning,7-8,1.0,all_no_bos,randnorm,0,37,1,9653,0,0,0,
chicken-give,,tuning,7-8,1.0,all_no_bos,randnorm,1,54,1,9653,0,0,0,
chicken-give,,tuning,7-8,1.0,all_no_bos,randnorm,2,15,1,9653,0,0,0,
chicken-give,,tuning,7-8,1.0,from_mention,lens,-1,21,1,9653,0,0,0,
chicken-give,,tuning,7-8,1.0,from_mention,randdir,0,36,1,9653,0,0,0,
chicken-give,,tuning,7-8,1.0,from_mention,randdir,1,23,1,9653,0,0,0,
chicken-give,,tuning,7-8,1.0,from_mention,randdir,2,14,1,9653,0,0,0,
chicken-give,,tuning,7-8,1.0,from_mention,randnorm,0,37,1,9653,0,0,0,
chicken-give,,tuning,7-8,1.0,from_mention,randnorm,1,54,1,9653,0,0,0,
chicken-give,,tuning,7-8,1.0,from_mention,randnorm,2,15,1,9653,0,0,0,
chicken-give,,tuning,7-8,1.0,answer_only,lens,-1,18,1,9653,0,0,0,
chicken-give,,tuning,7-8,1.0,answer_only,randdir,0,21,1,9653,0,0,0,
chicken-give,,tuning,7-8,1.0,answer_only,randdir,1,19,1,9653,0,0,0,
chicken-give,,tuning,7-8,1.0,answer_only,randdir,2,16,1,9653,0,0,0,
chicken-give,,tuning,7-8,1.0,answer_only,randnorm,0,18,1,9653,0,0,0,
chicken-give,,tuning,7-8,1.0,answer_only,randnorm,1,18,1,9653,0,0,0,
chicken-give,,tuning,7-8,1.0,answer_only,randnorm,2,17,1,9653,0,0,0,
chicken-give,,tuning,7-8,2.0,all_no_bos,lens,-1,373,1,9653,0,0,0,
chicken-give,,tuning,7-8,2.0,all_no_bos,randdir,0,105,3,262,0,0,0,
chicken-give,,tuning,7-8,2.0,all_no_bos,randdir,1,39,1,9653,0,0,0,
chicken-give,,tuning,7-8,2.0,all_no_bos,randdir,2,19,3,257,0,0,0,
chicken-give,,tuning,7-8,2.0,all_no_bos,randnorm,0,150,1,9653,0,0,0,
chicken-give,,tuning,7-8,2.0,all_no_bos,randnorm,1,200,1,9653,0,0,0,
chicken-give,,tuning,7-8,2.0,all_no_bos,randnorm,2,19,2,257,0,0,0,
chicken-give,,tuning,7-8,2.0,from_mention,lens,-1,373,1,9653,0,0,0,
chicken-give,,tuning,7-8,2.0,from_mention,randdir,0,105,3,262,0,0,0,
chicken-give,,tuning,7-8,2.0,from_mention,randdir,1,39,1,9653,0,0,0,
chicken-give,,tuning,7-8,2.0,from_mention,randdir,2,19,3,257,0,0,0,
chicken-give,,tuning,7-8,2.0,from_mention,randnorm,0,150,1,9653,0,0,0,
chicken-give,,tuning,7-8,2.0,from_mention,randnorm,1,200,1,9653,0,0,0,
chicken-give,,tuning,7-8,2.0,from_mention,randnorm,2,19,2,257,0,0,0,
chicken-give,,tuning,7-8,2.0,answer_only,lens,-1,19,1,9653,0,0,0,
chicken-give,,tuning,7-8,2.0,answer_only,randdir,0,36,1,9653,0,0,0,
chicken-give,,tuning,7-8,2.0,answer_only,randdir,1,20,1,9653,0,0,0,
chicken-give,,tuning,7-8,2.0,answer_only,randdir,2,14,1,9653,0,0,0,
chicken-give,,tuning,7-8,2.0,answer_only,randnorm,0,18,1,9653,0,0,0,
chicken-give,,tuning,7-8,2.0,answer_only,randnorm,1,18,1,9653,0,0,0,
chicken-give,,tuning,7-8,2.0,answer_only,randnorm,2,17,1,9653,0,0,0,
chicken-give,,tuning,8-9,0.5,all_no_bos,lens,-1,16,1,9653,0,0,0,
chicken-give,,tuning,8-9,0.5,all_no_bos,randdir,0,21,1,9653,0,0,0,
chicken-give,,tuning,8-9,0.5,all_no_bos,randdir,1,19,1,9653,0,0,0,
chicken-give,,tuning,8-9,0.5,all_no_bos,randdir,2,17,1,9653,0,0,0,
chicken-give,,tuning,8-9,0.5,all_no_bos,randnorm,0,17,1,9653,0,0,0,
chicken-give,,tuning,8-9,0.5,all_no_bos,randnorm,1,17,1,9653,0,0,0,
chicken-give,,tuning,8-9,0.5,all_no_bos,randnorm,2,17,1,9653,0,0,0,
chicken-give,,tuning,8-9,0.5,from_mention,lens,-1,16,1,9653,0,0,0,
chicken-give,,tuning,8-9,0.5,from_mention,randdir,0,21,1,9653,0,0,0,
chicken-give,,tuning,8-9,0.5,from_mention,randdir,1,19,1,9653,0,0,0,
chicken-give,,tuning,8-9,0.5,from_mention,randdir,2,17,1,9653,0,0,0,
chicken-give,,tuning,8-9,0.5,from_mention,randnorm,0,17,1,9653,0,0,0,
chicken-give,,tuning,8-9,0.5,from_mention,randnorm,1,17,1,9653,0,0,0,
chicken-give,,tuning,8-9,0.5,from_mention,randnorm,2,17,1,9653,0,0,0,
chicken-give,,tuning,8-9,0.5,answer_only,lens,-1,18,1,9653,0,0,0,
chicken-give,,tuning,8-9,0.5,answer_only,randdir,0,19,1,9653,0,0,0,
chicken-give,,tuning,8-9,0.5,answer_only,randdir,1,19,1,9653,0,0,0,
chicken-give,,tuning,8-9,0.5,answer_only,randdir,2,17,1,9653,0,0,0,
chicken-give,,tuning,8-9,0.5,answer_only,randnorm,0,18,1,9653,0,0,0,
chicken-give,,tuning,8-9,0.5,answer_only,randnorm,1,18,1,9653,0,0,0,
chicken-give,,tuning,8-9,0.5,answer_only,randnorm,2,18,1,9653,0,0,0,
chicken-give,,tuning,8-9,1.0,all_no_bos,lens,-1,18,1,9653,0,0,0,
chicken-give,,tuning,8-9,1.0,all_no_bos,randdir,0,35,1,9653,0,0,0,
chicken-give,,tuning,8-9,1.0,all_no_bos,randdir,1,23,1,9653,0,0,0,
chicken-give,,tuning,8-9,1.0,all_no_bos,randdir,2,16,1,9653,0,0,0,
chicken-give,,tuning,8-9,1.0,all_no_bos,randnorm,0,18,1,9653,0,0,0,
chicken-give,,tuning,8-9,1.0,all_no_bos,randnorm,1,18,1,9653,0,0,0,
chicken-give,,tuning,8-9,1.0,all_no_bos,randnorm,2,17,1,9653,0,0,0,
chicken-give,,tuning,8-9,1.0,from_mention,lens,-1,18,1,9653,0,0,0,
chicken-give,,tuning,8-9,1.0,from_mention,randdir,0,35,1,9653,0,0,0,
chicken-give,,tuning,8-9,1.0,from_mention,randdir,1,23,1,9653,0,0,0,
chicken-give,,tuning,8-9,1.0,from_mention,randdir,2,16,1,9653,0,0,0,
chicken-give,,tuning,8-9,1.0,from_mention,randnorm,0,18,1,9653,0,0,0,
chicken-give,,tuning,8-9,1.0,from_mention,randnorm,1,18,1,9653,0,0,0,
chicken-give,,tuning,8-9,1.0,from_mention,randnorm,2,17,1,9653,0,0,0,
chicken-give,,tuning,8-9,1.0,answer_only,lens,-1,18,1,9653,0,0,0,
chicken-give,,tuning,8-9,1.0,answer_only,randdir,0,21,1,9653,0,0,0,
chicken-give,,tuning,8-9,1.0,answer_only,randdir,1,21,1,9653,0,0,0,
chicken-give,,tuning,8-9,1.0,answer_only,randdir,2,17,1,9653,0,0,0,
chicken-give,,tuning,8-9,1.0,answer_only,randnorm,0,18,1,9653,0,0,0,
chicken-give,,tuning,8-9,1.0,answer_only,randnorm,1,18,1,9653,0,0,0,
chicken-give,,tuning,8-9,1.0,answer_only,randnorm,2,18,1,9653,0,0,0,
chicken-give,,tuning,8-9,2.0,all_no_bos,lens,-1,127,1,9653,0,0,0,
chicken-give,,tuning,8-9,2.0,all_no_bos,randdir,0,105,1,9653,0,0,0,
chicken-give,,tuning,8-9,2.0,all_no_bos,randdir,1,41,1,9653,0,0,0,
chicken-give,,tuning,8-9,2.0,all_no_bos,randdir,2,20,1,9653,0,0,0,
chicken-give,,tuning,8-9,2.0,all_no_bos,randnorm,0,39,1,9653,0,0,0,
chicken-give,,tuning,8-9,2.0,all_no_bos,randnorm,1,31,1,9653,0,0,0,
chicken-give,,tuning,8-9,2.0,all_no_bos,randnorm,2,23,1,9653,0,0,0,
chicken-give,,tuning,8-9,2.0,from_mention,lens,-1,127,1,9653,0,0,0,
chicken-give,,tuning,8-9,2.0,from_mention,randdir,0,105,1,9653,0,0,0,
chicken-give,,tuning,8-9,2.0,from_mention,randdir,1,41,1,9653,0,0,0,
chicken-give,,tuning,8-9,2.0,from_mention,randdir,2,20,1,9653,0,0,0,
chicken-give,,tuning,8-9,2.0,from_mention,randnorm,0,39,1,9653,0,0,0,
chicken-give,,tuning,8-9,2.0,from_mention,randnorm,1,31,1,9653,0,0,0,
chicken-give,,tuning,8-9,2.0,from_mention,randnorm,2,23,1,9653,0,0,0,
chicken-give,,tuning,8-9,2.0,answer_only,lens,-1,23,1,9653,0,0,0,
chicken-give,,tuning,8-9,2.0,answer_only,randdir,0,33,1,9653,0,0,0,
chicken-give,,tuning,8-9,2.0,answer_only,randdir,1,27,1,9653,0,0,0,
chicken-give,,tuning,8-9,2.0,answer_only,randdir,2,20,1,9653,0,0,0,
chicken-give,,tuning,8-9,2.0,answer_only,randnorm,0,18,1,9653,0,0,0,
chicken-give,,tuning,8-9,2.0,answer_only,randnorm,1,18,1,9653,0,0,0,
chicken-give,,tuning,8-9,2.0,answer_only,randnorm,2,18,1,9653,0,0,0,
chicken-give,,tuning,6-7-8,0.5,all_no_bos,lens,-1,18,1,9653,0,0,0,
chicken-give,,tuning,6-7-8,0.5,all_no_bos,randdir,0,21,1,9653,0,0,0,
chicken-give,,tuning,6-7-8,0.5,all_no_bos,randdir,1,18,1,9653,0,0,0,
chicken-give,,tuning,6-7-8,0.5,all_no_bos,randdir,2,15,1,9653,0,0,0,
chicken-give,,tuning,6-7-8,0.5,all_no_bos,randnorm,0,20,1,9653,0,0,0,
chicken-give,,tuning,6-7-8,0.5,all_no_bos,randnorm,1,19,1,9653,0,0,0,
chicken-give,,tuning,6-7-8,0.5,all_no_bos,randnorm,2,10,1,9653,0,0,0,
chicken-give,,tuning,6-7-8,0.5,from_mention,lens,-1,18,1,9653,0,0,0,
chicken-give,,tuning,6-7-8,0.5,from_mention,randdir,0,21,1,9653,0,0,0,
chicken-give,,tuning,6-7-8,0.5,from_mention,randdir,1,18,1,9653,0,0,0,
chicken-give,,tuning,6-7-8,0.5,from_mention,randdir,2,15,1,9653,0,0,0,
chicken-give,,tuning,6-7-8,0.5,from_mention,randnorm,0,20,1,9653,0,0,0,
chicken-give,,tuning,6-7-8,0.5,from_mention,randnorm,1,19,1,9653,0,0,0,
chicken-give,,tuning,6-7-8,0.5,from_mention,randnorm,2,10,1,9653,0,0,0,
chicken-give,,tuning,6-7-8,0.5,answer_only,lens,-1,17,1,9653,0,0,0,
chicken-give,,tuning,6-7-8,0.5,answer_only,randdir,0,19,1,9653,0,0,0,
chicken-give,,tuning,6-7-8,0.5,answer_only,randdir,1,18,1,9653,0,0,0,
chicken-give,,tuning,6-7-8,0.5,answer_only,randdir,2,16,1,9653,0,0,0,
chicken-give,,tuning,6-7-8,0.5,answer_only,randnorm,0,18,1,9653,0,0,0,
chicken-give,,tuning,6-7-8,0.5,answer_only,randnorm,1,17,1,9653,0,0,0,
chicken-give,,tuning,6-7-8,0.5,answer_only,randnorm,2,17,1,9653,0,0,0,
chicken-give,,tuning,6-7-8,1.0,all_no_bos,lens,-1,22,1,9653,0,0,0,
chicken-give,,tuning,6-7-8,1.0,all_no_bos,randdir,0,36,1,9653,0,0,0,
chicken-give,,tuning,6-7-8,1.0,all_no_bos,randdir,1,19,1,9653,0,0,0,
chicken-give,,tuning,6-7-8,1.0,all_no_bos,randdir,2,14,1,9653,0,0,0,
chicken-give,,tuning,6-7-8,1.0,all_no_bos,randnorm,0,44,1,9653,0,0,0,
chicken-give,,tuning,6-7-8,1.0,all_no_bos,randnorm,1,23,1,9653,0,0,0,
chicken-give,,tuning,6-7-8,1.0,all_no_bos,randnorm,2,10,1,9653,0,0,0,
chicken-give,,tuning,6-7-8,1.0,from_mention,lens,-1,22,1,9653,0,0,0,
chicken-give,,tuning,6-7-8,1.0,from_mention,randdir,0,36,1,9653,0,0,0,
chicken-give,,tuning,6-7-8,1.0,from_mention,randdir,1,19,1,9653,0,0,0,
chicken-give,,tuning,6-7-8,1.0,from_mention,randdir,2,14,1,9653,0,0,0,
chicken-give,,tuning,6-7-8,1.0,from_mention,randnorm,0,44,1,9653,0,0,0,
chicken-give,,tuning,6-7-8,1.0,from_mention,randnorm,1,23,1,9653,0,0,0,
chicken-give,,tuning,6-7-8,1.0,from_mention,randnorm,2,10,1,9653,0,0,0,
chicken-give,,tuning,6-7-8,1.0,answer_only,lens,-1,17,1,9653,0,0,0,
chicken-give,,tuning,6-7-8,1.0,answer_only,randdir,0,21,1,9653,0,0,0,
chicken-give,,tuning,6-7-8,1.0,answer_only,randdir,1,19,1,9653,0,0,0,
chicken-give,,tuning,6-7-8,1.0,answer_only,randdir,2,15,1,9653,0,0,0,
chicken-give,,tuning,6-7-8,1.0,answer_only,randnorm,0,18,1,9653,0,0,0,
chicken-give,,tuning,6-7-8,1.0,answer_only,randnorm,1,17,1,9653,0,0,0,
chicken-give,,tuning,6-7-8,1.0,answer_only,randnorm,2,17,1,9653,0,0,0,
chicken-give,,tuning,6-7-8,2.0,all_no_bos,lens,-1,163,1,9653,0,0,0,
chicken-give,,tuning,6-7-8,2.0,all_no_bos,randdir,0,100,3,262,0,0,0,
chicken-give,,tuning,6-7-8,2.0,all_no_bos,randdir,1,22,1,9653,0,0,0,
chicken-give,,tuning,6-7-8,2.0,all_no_bos,randdir,2,18,3,257,0,0,0,
chicken-give,,tuning,6-7-8,2.0,all_no_bos,randnorm,0,256,1,9653,0,0,0,
chicken-give,,tuning,6-7-8,2.0,all_no_bos,randnorm,1,116,1,9653,0,0,0,
chicken-give,,tuning,6-7-8,2.0,all_no_bos,randnorm,2,36,1,9653,0,0,0,
chicken-give,,tuning,6-7-8,2.0,from_mention,lens,-1,163,1,9653,0,0,0,
chicken-give,,tuning,6-7-8,2.0,from_mention,randdir,0,100,3,262,0,0,0,
chicken-give,,tuning,6-7-8,2.0,from_mention,randdir,1,22,1,9653,0,0,0,
chicken-give,,tuning,6-7-8,2.0,from_mention,randdir,2,18,3,257,0,0,0,
chicken-give,,tuning,6-7-8,2.0,from_mention,randnorm,0,256,1,9653,0,0,0,
chicken-give,,tuning,6-7-8,2.0,from_mention,randnorm,1,116,1,9653,0,0,0,
chicken-give,,tuning,6-7-8,2.0,from_mention,randnorm,2,36,1,9653,0,0,0,
chicken-give,,tuning,6-7-8,2.0,answer_only,lens,-1,13,1,9653,0,0,0,
chicken-give,,tuning,6-7-8,2.0,answer_only,randdir,0,34,1,9653,0,0,0,
chicken-give,,tuning,6-7-8,2.0,answer_only,randdir,1,20,1,9653,0,0,0,
chicken-give,,tuning,6-7-8,2.0,answer_only,randdir,2,13,1,9653,0,0,0,
chicken-give,,tuning,6-7-8,2.0,answer_only,randnorm,0,18,1,9653,0,0,0,
chicken-give,,tuning,6-7-8,2.0,answer_only,randnorm,1,17,1,9653,0,0,0,
chicken-give,,tuning,6-7-8,2.0,answer_only,randnorm,2,15,1,9653,0,0,0,
chicken-give,,tuning,7-8-9,0.5,all_no_bos,lens,-1,18,1,9653,0,0,0,
chicken-give,,tuning,7-8-9,0.5,all_no_bos,randdir,0,21,1,9653,0,0,0,
chicken-give,,tuning,7-8-9,0.5,all_no_bos,randdir,1,22,1,9653,0,0,0,
chicken-give,,tuning,7-8-9,0.5,all_no_bos,randdir,2,16,1,9653,0,0,0,
chicken-give,,tuning,7-8-9,0.5,all_no_bos,randnorm,0,18,1,9653,0,0,0,
chicken-give,,tuning,7-8-9,0.5,all_no_bos,randnorm,1,24,1,9653,0,0,0,
chicken-give,,tuning,7-8-9,0.5,all_no_bos,randnorm,2,17,1,9653,0,0,0,
chicken-give,,tuning,7-8-9,0.5,from_mention,lens,-1,18,1,9653,0,0,0,
chicken-give,,tuning,7-8-9,0.5,from_mention,randdir,0,21,1,9653,0,0,0,
chicken-give,,tuning,7-8-9,0.5,from_mention,randdir,1,22,1,9653,0,0,0,
chicken-give,,tuning,7-8-9,0.5,from_mention,randdir,2,16,1,9653,0,0,0,
chicken-give,,tuning,7-8-9,0.5,from_mention,randnorm,0,18,1,9653,0,0,0,
chicken-give,,tuning,7-8-9,0.5,from_mention,randnorm,1,24,1,9653,0,0,0,
chicken-give,,tuning,7-8-9,0.5,from_mention,randnorm,2,17,1,9653,0,0,0,
chicken-give,,tuning,7-8-9,0.5,answer_only,lens,-1,18,1,9653,0,0,0,
chicken-give,,tuning,7-8-9,0.5,answer_only,randdir,0,20,1,9653,0,0,0,
chicken-give,,tuning,7-8-9,0.5,answer_only,randdir,1,20,1,9653,0,0,0,
chicken-give,,tuning,7-8-9,0.5,answer_only,randdir,2,17,1,9653,0,0,0,
chicken-give,,tuning,7-8-9,0.5,answer_only,randnorm,0,18,1,9653,0,0,0,
chicken-give,,tuning,7-8-9,0.5,answer_only,randnorm,1,18,1,9653,0,0,0,
chicken-give,,tuning,7-8-9,0.5,answer_only,randnorm,2,17,1,9653,0,0,0,
chicken-give,,tuning,7-8-9,1.0,all_no_bos,lens,-1,18,1,9653,0,0,0,
chicken-give,,tuning,7-8-9,1.0,all_no_bos,randdir,0,37,1,9653,0,0,0,
chicken-give,,tuning,7-8-9,1.0,all_no_bos,randdir,1,32,1,9653,0,0,0,
chicken-give,,tuning,7-8-9,1.0,all_no_bos,randdir,2,16,1,9653,0,0,0,
chicken-give,,tuning,7-8-9,1.0,all_no_bos,randnorm,0,25,1,9653,0,0,0,
chicken-give,,tuning,7-8-9,1.0,all_no_bos,randnorm,1,59,1,9653,0,0,0,
chicken-give,,tuning,7-8-9,1.0,all_no_bos,randnorm,2,18,1,9653,0,0,0,
chicken-give,,tuning,7-8-9,1.0,from_mention,lens,-1,18,1,9653,0,0,0,
chicken-give,,tuning,7-8-9,1.0,from_mention,randdir,0,37,1,9653,0,0,0,
chicken-give,,tuning,7-8-9,1.0,from_mention,randdir,1,32,1,9653,0,0,0,
chicken-give,,tuning,7-8-9,1.0,from_mention,randdir,2,16,1,9653,0,0,0,
chicken-give,,tuning,7-8-9,1.0,from_mention,randnorm,0,25,1,9653,0,0,0,
chicken-give,,tuning,7-8-9,1.0,from_mention,randnorm,1,59,1,9653,0,0,0,
chicken-give,,tuning,7-8-9,1.0,from_mention,randnorm,2,18,1,9653,0,0,0,
chicken-give,,tuning,7-8-9,1.0,answer_only,lens,-1,18,1,9653,0,0,0,
chicken-give,,tuning,7-8-9,1.0,answer_only,randdir,0,21,1,9653,0,0,0,
chicken-give,,tuning,7-8-9,1.0,answer_only,randdir,1,22,1,9653,0,0,0,
chicken-give,,tuning,7-8-9,1.0,answer_only,randdir,2,16,1,9653,0,0,0,
chicken-give,,tuning,7-8-9,1.0,answer_only,randnorm,0,18,1,9653,0,0,0,
chicken-give,,tuning,7-8-9,1.0,answer_only,randnorm,1,18,1,9653,0,0,0,
chicken-give,,tuning,7-8-9,1.0,answer_only,randnorm,2,17,1,9653,0,0,0,
chicken-give,,tuning,7-8-9,2.0,all_no_bos,lens,-1,434,2,262,0,0,0,
chicken-give,,tuning,7-8-9,2.0,all_no_bos,randdir,0,122,2,262,0,0,0,
chicken-give,,tuning,7-8-9,2.0,all_no_bos,randdir,1,90,1,9653,0,0,0,
chicken-give,,tuning,7-8-9,2.0,all_no_bos,randdir,2,29,3,257,0,0,0,
chicken-give,,tuning,7-8-9,2.0,all_no_bos,randnorm,0,108,1,9653,0,0,0,
chicken-give,,tuning,7-8-9,2.0,all_no_bos,randnorm,1,259,1,9653,0,0,0,
chicken-give,,tuning,7-8-9,2.0,all_no_bos,randnorm,2,45,2,257,0,0,0,
chicken-give,,tuning,7-8-9,2.0,from_mention,lens,-1,434,2,262,0,0,0,
chicken-give,,tuning,7-8-9,2.0,from_mention,randdir,0,122,2,262,0,0,0,
chicken-give,,tuning,7-8-9,2.0,from_mention,randdir,1,90,1,9653,0,0,0,
chicken-give,,tuning,7-8-9,2.0,from_mention,randdir,2,29,3,257,0,0,0,
chicken-give,,tuning,7-8-9,2.0,from_mention,randnorm,0,108,1,9653,0,0,0,
chicken-give,,tuning,7-8-9,2.0,from_mention,randnorm,1,259,1,9653,0,0,0,
chicken-give,,tuning,7-8-9,2.0,from_mention,randnorm,2,45,2,257,0,0,0,
chicken-give,,tuning,7-8-9,2.0,answer_only,lens,-1,11,1,9653,0,0,0,
chicken-give,,tuning,7-8-9,2.0,answer_only,randdir,0,37,1,9653,0,0,0,
chicken-give,,tuning,7-8-9,2.0,answer_only,randdir,1,31,1,9653,0,0,0,
chicken-give,,tuning,7-8-9,2.0,answer_only,randdir,2,17,1,9653,0,0,0,
chicken-give,,tuning,7-8-9,2.0,answer_only,randnorm,0,20,1,9653,0,0,0,
chicken-give,,tuning,7-8-9,2.0,answer_only,randnorm,1,19,1,9653,0,0,0,
chicken-give,,tuning,7-8-9,2.0,answer_only,randnorm,2,17,1,9653,0,0,0,
clock-show,,heldout,3,0.5,all_no_bos,lens,-1,2,1,640,1,0,0,
clock-show,,heldout,3,0.5,all_no_bos,randdir,0,2,1,640,1,0,0,
clock-show,,heldout,3,0.5,all_no_bos,randdir,1,2,1,640,1,0,0,
clock-show,,heldout,3,0.5,all_no_bos,randdir,2,2,1,640,1,0,0,
clock-show,,heldout,3,0.5,all_no_bos,randnorm,0,2,1,640,1,0,0,
clock-show,,heldout,3,0.5,all_no_bos,randnorm,1,2,1,640,1,0,0,
clock-show,,heldout,3,0.5,all_no_bos,randnorm,2,2,1,640,1,0,0,
clock-show,,heldout,3,0.5,from_mention,lens,-1,2,1,640,1,0,0,
clock-show,,heldout,3,0.5,from_mention,randdir,0,2,1,640,1,0,0,
clock-show,,heldout,3,0.5,from_mention,randdir,1,2,1,640,1,0,0,
clock-show,,heldout,3,0.5,from_mention,randdir,2,2,1,640,1,0,0,
clock-show,,heldout,3,0.5,from_mention,randnorm,0,2,1,640,1,0,0,
clock-show,,heldout,3,0.5,from_mention,randnorm,1,2,1,640,1,0,0,
clock-show,,heldout,3,0.5,from_mention,randnorm,2,2,1,640,1,0,0,
clock-show,,heldout,3,0.5,answer_only,lens,-1,2,1,640,1,0,0,
clock-show,,heldout,3,0.5,answer_only,randdir,0,2,1,640,1,0,0,
clock-show,,heldout,3,0.5,answer_only,randdir,1,2,1,640,1,0,0,
clock-show,,heldout,3,0.5,answer_only,randdir,2,2,1,640,1,0,0,
clock-show,,heldout,3,0.5,answer_only,randnorm,0,2,1,640,1,0,0,
clock-show,,heldout,3,0.5,answer_only,randnorm,1,2,1,640,1,0,0,
clock-show,,heldout,3,0.5,answer_only,randnorm,2,2,1,640,1,0,0,
clock-show,,heldout,3,1.0,all_no_bos,lens,-1,3,1,640,1,0,0,
clock-show,,heldout,3,1.0,all_no_bos,randdir,0,2,1,640,1,0,0,
clock-show,,heldout,3,1.0,all_no_bos,randdir,1,2,1,640,1,0,0,
clock-show,,heldout,3,1.0,all_no_bos,randdir,2,2,1,640,1,0,0,
clock-show,,heldout,3,1.0,all_no_bos,randnorm,0,2,1,640,1,0,0,
clock-show,,heldout,3,1.0,all_no_bos,randnorm,1,2,1,640,1,0,0,
clock-show,,heldout,3,1.0,all_no_bos,randnorm,2,2,1,640,1,0,0,
clock-show,,heldout,3,1.0,from_mention,lens,-1,3,1,640,1,0,0,
clock-show,,heldout,3,1.0,from_mention,randdir,0,2,1,640,1,0,0,
clock-show,,heldout,3,1.0,from_mention,randdir,1,2,1,640,1,0,0,
clock-show,,heldout,3,1.0,from_mention,randdir,2,2,1,640,1,0,0,
clock-show,,heldout,3,1.0,from_mention,randnorm,0,2,1,640,1,0,0,
clock-show,,heldout,3,1.0,from_mention,randnorm,1,2,1,640,1,0,0,
clock-show,,heldout,3,1.0,from_mention,randnorm,2,2,1,640,1,0,0,
clock-show,,heldout,3,1.0,answer_only,lens,-1,2,1,640,1,0,0,
clock-show,,heldout,3,1.0,answer_only,randdir,0,2,1,640,1,0,0,
clock-show,,heldout,3,1.0,answer_only,randdir,1,2,1,640,1,0,0,
clock-show,,heldout,3,1.0,answer_only,randdir,2,2,1,640,1,0,0,
clock-show,,heldout,3,1.0,answer_only,randnorm,0,2,1,640,1,0,0,
clock-show,,heldout,3,1.0,answer_only,randnorm,1,2,1,640,1,0,0,
clock-show,,heldout,3,1.0,answer_only,randnorm,2,2,1,640,1,0,0,
clock-show,,heldout,3,2.0,all_no_bos,lens,-1,2,1,640,1,0,0,
clock-show,,heldout,3,2.0,all_no_bos,randdir,0,2,1,640,1,0,0,
clock-show,,heldout,3,2.0,all_no_bos,randdir,1,2,1,640,1,0,0,
clock-show,,heldout,3,2.0,all_no_bos,randdir,2,2,1,640,1,0,0,
clock-show,,heldout,3,2.0,all_no_bos,randnorm,0,2,1,640,1,0,0,
clock-show,,heldout,3,2.0,all_no_bos,randnorm,1,2,1,640,1,0,0,
clock-show,,heldout,3,2.0,all_no_bos,randnorm,2,2,1,640,1,0,0,
clock-show,,heldout,3,2.0,from_mention,lens,-1,2,1,640,1,0,0,
clock-show,,heldout,3,2.0,from_mention,randdir,0,2,1,640,1,0,0,
clock-show,,heldout,3,2.0,from_mention,randdir,1,2,1,640,1,0,0,
clock-show,,heldout,3,2.0,from_mention,randdir,2,2,1,640,1,0,0,
clock-show,,heldout,3,2.0,from_mention,randnorm,0,2,1,640,1,0,0,
clock-show,,heldout,3,2.0,from_mention,randnorm,1,2,1,640,1,0,0,
clock-show,,heldout,3,2.0,from_mention,randnorm,2,2,1,640,1,0,0,
clock-show,,heldout,3,2.0,answer_only,lens,-1,2,1,640,1,0,0,
clock-show,,heldout,3,2.0,answer_only,randdir,0,2,1,640,1,0,0,
clock-show,,heldout,3,2.0,answer_only,randdir,1,2,1,640,1,0,0,
clock-show,,heldout,3,2.0,answer_only,randdir,2,3,1,640,1,0,0,
clock-show,,heldout,3,2.0,answer_only,randnorm,0,2,1,640,1,0,0,
clock-show,,heldout,3,2.0,answer_only,randnorm,1,2,1,640,1,0,0,
clock-show,,heldout,3,2.0,answer_only,randnorm,2,2,1,640,1,0,0,
clock-show,,heldout,4,0.5,all_no_bos,lens,-1,2,1,640,1,0,0,
clock-show,,heldout,4,0.5,all_no_bos,randdir,0,2,1,640,1,0,0,
clock-show,,heldout,4,0.5,all_no_bos,randdir,1,2,1,640,1,0,0,
clock-show,,heldout,4,0.5,all_no_bos,randdir,2,2,1,640,1,0,0,
clock-show,,heldout,4,0.5,all_no_bos,randnorm,0,2,1,640,1,0,0,
clock-show,,heldout,4,0.5,all_no_bos,randnorm,1,2,1,640,1,0,0,
clock-show,,heldout,4,0.5,all_no_bos,randnorm,2,2,1,640,1,0,0,
clock-show,,heldout,4,0.5,from_mention,lens,-1,2,1,640,1,0,0,
clock-show,,heldout,4,0.5,from_mention,randdir,0,2,1,640,1,0,0,
clock-show,,heldout,4,0.5,from_mention,randdir,1,2,1,640,1,0,0,
clock-show,,heldout,4,0.5,from_mention,randdir,2,2,1,640,1,0,0,
clock-show,,heldout,4,0.5,from_mention,randnorm,0,2,1,640,1,0,0,
clock-show,,heldout,4,0.5,from_mention,randnorm,1,2,1,640,1,0,0,
clock-show,,heldout,4,0.5,from_mention,randnorm,2,2,1,640,1,0,0,
clock-show,,heldout,4,0.5,answer_only,lens,-1,2,1,640,1,0,0,
clock-show,,heldout,4,0.5,answer_only,randdir,0,2,1,640,1,0,0,
clock-show,,heldout,4,0.5,answer_only,randdir,1,2,1,640,1,0,0,
clock-show,,heldout,4,0.5,answer_only,randdir,2,2,1,640,1,0,0,
clock-show,,heldout,4,0.5,answer_only,randnorm,0,2,1,640,1,0,0,
clock-show,,heldout,4,0.5,answer_only,randnorm,1,2,1,640,1,0,0,
clock-show,,heldout,4,0.5,answer_only,randnorm,2,2,1,640,1,0,0,
clock-show,,heldout,4,1.0,all_no_bos,lens,-1,3,1,640,1,0,0,
clock-show,,heldout,4,1.0,all_no_bos,randdir,0,2,1,640,1,0,0,
clock-show,,heldout,4,1.0,all_no_bos,randdir,1,2,1,640,1,0,0,
clock-show,,heldout,4,1.0,all_no_bos,randdir,2,2,1,640,1,0,0,
clock-show,,heldout,4,1.0,all_no_bos,randnorm,0,2,1,640,1,0,0,
clock-show,,heldout,4,1.0,all_no_bos,randnorm,1,2,1,640,1,0,0,
clock-show,,heldout,4,1.0,all_no_bos,randnorm,2,2,1,640,1,0,0,
clock-show,,heldout,4,1.0,from_mention,lens,-1,3,1,640,1,0,0,
clock-show,,heldout,4,1.0,from_mention,randdir,0,2,1,640,1,0,0,
clock-show,,heldout,4,1.0,from_mention,randdir,1,2,1,640,1,0,0,
clock-show,,heldout,4,1.0,from_mention,randdir,2,2,1,640,1,0,0,
clock-show,,heldout,4,1.0,from_mention,randnorm,0,2,1,640,1,0,0,
clock-show,,heldout,4,1.0,from_mention,randnorm,1,2,1,640,1,0,0,
clock-show,,heldout,4,1.0,from_mention,randnorm,2,2,1,640,1,0,0,
clock-show,,heldout,4,1.0,answer_only,lens,-1,2,1,640,1,0,0,
clock-show,,heldout,4,1.0,answer_only,randdir,0,2,1,640,1,0,0,
clock-show,,heldout,4,1.0,answer_only,randdir,1,2,1,640,1,0,0,
clock-show,,heldout,4,1.0,answer_only,randdir,2,2,1,640,1,0,0,
clock-show,,heldout,4,1.0,answer_only,randnorm,0,2,1,640,1,0,0,
clock-show,,heldout,4,1.0,answer_only,randnorm,1,2,1,640,1,0,0,
clock-show,,heldout,4,1.0,answer_only,randnorm,2,2,1,640,1,0,0,
clock-show,,heldout,4,2.0,all_no_bos,lens,-1,4,1,640,1,0,0,
clock-show,,heldout,4,2.0,all_no_bos,randdir,0,2,1,640,1,0,0,
clock-show,,heldout,4,2.0,all_no_bos,randdir,1,2,1,640,1,0,0,
clock-show,,heldout,4,2.0,all_no_bos,randdir,2,2,1,640,1,0,0,
clock-show,,heldout,4,2.0,all_no_bos,randnorm,0,2,1,640,1,0,0,
clock-show,,heldout,4,2.0,all_no_bos,randnorm,1,2,1,640,1,0,0,
clock-show,,heldout,4,2.0,all_no_bos,randnorm,2,2,1,640,1,0,0,
clock-show,,heldout,4,2.0,from_mention,lens,-1,4,1,640,1,0,0,
clock-show,,heldout,4,2.0,from_mention,randdir,0,2,1,640,1,0,0,
clock-show,,heldout,4,2.0,from_mention,randdir,1,2,1,640,1,0,0,
clock-show,,heldout,4,2.0,from_mention,randdir,2,2,1,640,1,0,0,
clock-show,,heldout,4,2.0,from_mention,randnorm,0,2,1,640,1,0,0,
clock-show,,heldout,4,2.0,from_mention,randnorm,1,2,1,640,1,0,0,
clock-show,,heldout,4,2.0,from_mention,randnorm,2,2,1,640,1,0,0,
clock-show,,heldout,4,2.0,answer_only,lens,-1,2,1,640,1,0,0,
clock-show,,heldout,4,2.0,answer_only,randdir,0,2,1,640,1,0,0,
clock-show,,heldout,4,2.0,answer_only,randdir,1,2,1,640,1,0,0,
clock-show,,heldout,4,2.0,answer_only,randdir,2,2,1,640,1,0,0,
clock-show,,heldout,4,2.0,answer_only,randnorm,0,2,1,640,1,0,0,
clock-show,,heldout,4,2.0,answer_only,randnorm,1,2,1,640,1,0,0,
clock-show,,heldout,4,2.0,answer_only,randnorm,2,2,1,640,1,0,0,
clock-show,,heldout,5,0.5,all_no_bos,lens,-1,2,1,640,1,0,0,
clock-show,,heldout,5,0.5,all_no_bos,randdir,0,2,1,640,1,0,0,
clock-show,,heldout,5,0.5,all_no_bos,randdir,1,2,1,640,1,0,0,
clock-show,,heldout,5,0.5,all_no_bos,randdir,2,2,1,640,1,0,0,
clock-show,,heldout,5,0.5,all_no_bos,randnorm,0,2,1,640,1,0,0,
clock-show,,heldout,5,0.5,all_no_bos,randnorm,1,2,1,640,1,0,0,
clock-show,,heldout,5,0.5,all_no_bos,randnorm,2,2,1,640,1,0,0,
clock-show,,heldout,5,0.5,from_mention,lens,-1,2,1,640,1,0,0,
clock-show,,heldout,5,0.5,from_mention,randdir,0,2,1,640,1,0,0,
clock-show,,heldout,5,0.5,from_mention,randdir,1,2,1,640,1,0,0,
clock-show,,heldout,5,0.5,from_mention,randdir,2,2,1,640,1,0,0,
clock-show,,heldout,5,0.5,from_mention,randnorm,0,2,1,640,1,0,0,
clock-show,,heldout,5,0.5,from_mention,randnorm,1,2,1,640,1,0,0,
clock-show,,heldout,5,0.5,from_mention,randnorm,2,2,1,640,1,0,0,
clock-show,,heldout,5,0.5,answer_only,lens,-1,2,1,640,1,0,0,
clock-show,,heldout,5,0.5,answer_only,randdir,0,2,1,640,1,0,0,
clock-show,,heldout,5,0.5,answer_only,randdir,1,2,1,640,1,0,0,
clock-show,,heldout,5,0.5,answer_only,randdir,2,2,1,640,1,0,0,
clock-show,,heldout,5,0.5,answer_only,randnorm,0,2,1,640,1,0,0,
clock-show,,heldout,5,0.5,answer_only,randnorm,1,2,1,640,1,0,0,
clock-show,,heldout,5,0.5,answer_only,randnorm,2,2,1,640,1,0,0,
clock-show,,heldout,5,1.0,all_no_bos,lens,-1,3,1,640,1,0,0,
clock-show,,heldout,5,1.0,all_no_bos,randdir,0,2,1,640,1,0,0,
clock-show,,heldout,5,1.0,all_no_bos,randdir,1,2,1,640,1,0,0,
clock-show,,heldout,5,1.0,all_no_bos,randdir,2,2,1,640,1,0,0,
clock-show,,heldout,5,1.0,all_no_bos,randnorm,0,2,1,640,1,0,0,
clock-show,,heldout,5,1.0,all_no_bos,randnorm,1,2,1,640,1,0,0,
clock-show,,heldout,5,1.0,all_no_bos,randnorm,2,2,1,640,1,0,0,
clock-show,,heldout,5,1.0,from_mention,lens,-1,3,1,640,1,0,0,
clock-show,,heldout,5,1.0,from_mention,randdir,0,2,1,640,1,0,0,
clock-show,,heldout,5,1.0,from_mention,randdir,1,2,1,640,1,0,0,
clock-show,,heldout,5,1.0,from_mention,randdir,2,2,1,640,1,0,0,
clock-show,,heldout,5,1.0,from_mention,randnorm,0,2,1,640,1,0,0,
clock-show,,heldout,5,1.0,from_mention,randnorm,1,2,1,640,1,0,0,
clock-show,,heldout,5,1.0,from_mention,randnorm,2,2,1,640,1,0,0,
clock-show,,heldout,5,1.0,answer_only,lens,-1,2,1,640,1,0,0,
clock-show,,heldout,5,1.0,answer_only,randdir,0,2,1,640,1,0,0,
clock-show,,heldout,5,1.0,answer_only,randdir,1,2,1,640,1,0,0,
clock-show,,heldout,5,1.0,answer_only,randdir,2,2,1,640,1,0,0,
clock-show,,heldout,5,1.0,answer_only,randnorm,0,2,1,640,1,0,0,
clock-show,,heldout,5,1.0,answer_only,randnorm,1,2,1,640,1,0,0,
clock-show,,heldout,5,1.0,answer_only,randnorm,2,2,1,640,1,0,0,
clock-show,,heldout,5,2.0,all_no_bos,lens,-1,5,1,640,1,0,0,
clock-show,,heldout,5,2.0,all_no_bos,randdir,0,4,1,640,1,0,0,
clock-show,,heldout,5,2.0,all_no_bos,randdir,1,2,1,640,1,0,0,
clock-show,,heldout,5,2.0,all_no_bos,randdir,2,2,1,640,1,0,0,
clock-show,,heldout,5,2.0,all_no_bos,randnorm,0,4,1,640,1,0,0,
clock-show,,heldout,5,2.0,all_no_bos,randnorm,1,3,1,640,1,0,0,
clock-show,,heldout,5,2.0,all_no_bos,randnorm,2,2,1,640,1,0,0,
clock-show,,heldout,5,2.0,from_mention,lens,-1,5,1,640,1,0,0,
clock-show,,heldout,5,2.0,from_mention,randdir,0,4,1,640,1,0,0,
clock-show,,heldout,5,2.0,from_mention,randdir,1,2,1,640,1,0,0,
clock-show,,heldout,5,2.0,from_mention,randdir,2,2,1,640,1,0,0,
clock-show,,heldout,5,2.0,from_mention,randnorm,0,4,1,640,1,0,0,
clock-show,,heldout,5,2.0,from_mention,randnorm,1,3,1,640,1,0,0,
clock-show,,heldout,5,2.0,from_mention,randnorm,2,2,1,640,1,0,0,
clock-show,,heldout,5,2.0,answer_only,lens,-1,2,1,640,1,0,0,
clock-show,,heldout,5,2.0,answer_only,randdir,0,3,1,640,1,0,0,
clock-show,,heldout,5,2.0,answer_only,randdir,1,2,1,640,1,0,0,
clock-show,,heldout,5,2.0,answer_only,randdir,2,2,1,640,1,0,0,
clock-show,,heldout,5,2.0,answer_only,randnorm,0,2,1,640,1,0,0,
clock-show,,heldout,5,2.0,answer_only,randnorm,1,2,1,640,1,0,0,
clock-show,,heldout,5,2.0,answer_only,randnorm,2,2,1,640,1,0,0,
clock-show,,heldout,6,0.5,all_no_bos,lens,-1,2,1,640,1,0,0,
clock-show,,heldout,6,0.5,all_no_bos,randdir,0,2,1,640,1,0,0,
clock-show,,heldout,6,0.5,all_no_bos,randdir,1,2,1,640,1,0,0,
clock-show,,heldout,6,0.5,all_no_bos,randdir,2,2,1,640,1,0,0,
clock-show,,heldout,6,0.5,all_no_bos,randnorm,0,2,1,640,1,0,0,
clock-show,,heldout,6,0.5,all_no_bos,randnorm,1,2,1,640,1,0,0,
clock-show,,heldout,6,0.5,all_no_bos,randnorm,2,2,1,640,1,0,0,
clock-show,,heldout,6,0.5,from_mention,lens,-1,2,1,640,1,0,0,
clock-show,,heldout,6,0.5,from_mention,randdir,0,2,1,640,1,0,0,
clock-show,,heldout,6,0.5,from_mention,randdir,1,2,1,640,1,0,0,
clock-show,,heldout,6,0.5,from_mention,randdir,2,2,1,640,1,0,0,
clock-show,,heldout,6,0.5,from_mention,randnorm,0,2,1,640,1,0,0,
clock-show,,heldout,6,0.5,from_mention,randnorm,1,2,1,640,1,0,0,
clock-show,,heldout,6,0.5,from_mention,randnorm,2,2,1,640,1,0,0,
clock-show,,heldout,6,0.5,answer_only,lens,-1,2,1,640,1,0,0,
clock-show,,heldout,6,0.5,answer_only,randdir,0,2,1,640,1,0,0,
clock-show,,heldout,6,0.5,answer_only,randdir,1,2,1,640,1,0,0,
clock-show,,heldout,6,0.5,answer_only,randdir,2,2,1,640,1,0,0,
clock-show,,heldout,6,0.5,answer_only,randnorm,0,2,1,640,1,0,0,
clock-show,,heldout,6,0.5,answer_only,randnorm,1,2,1,640,1,0,0,
clock-show,,heldout,6,0.5,answer_only,randnorm,2,2,1,640,1,0,0,
clock-show,,heldout,6,1.0,all_no_bos,lens,-1,2,1,640,1,0,0,
clock-show,,heldout,6,1.0,all_no_bos,randdir,0,2,1,640,1,0,0,
clock-show,,heldout,6,1.0,all_no_bos,randdir,1,2,1,640,1,0,0,
clock-show,,heldout,6,1.0,all_no_bos,randdir,2,2,1,640,1,0,0,
clock-show,,heldout,6,1.0,all_no_bos,randnorm,0,2,1,640,1,0,0,
clock-show,,heldout,6,1.0,all_no_bos,randnorm,1,2,1,640,1,0,0,
clock-show,,heldout,6,1.0,all_no_bos,randnorm,2,2,1,640,1,0,0,
clock-show,,heldout,6,1.0,from_mention,lens,-1,2,1,640,1,0,0,
clock-show,,heldout,6,1.0,from_mention,randdir,0,2,1,640,1,0,0,
clock-show,,heldout,6,1.0,from_mention,randdir,1,2,1,640,1,0,0,
clock-show,,heldout,6,1.0,from_mention,randdir,2,2,1,640,1,0,0,
clock-show,,heldout,6,1.0,from_mention,randnorm,0,2,1,640,1,0,0,
clock-show,,heldout,6,1.0,from_mention,randnorm,1,2,1,640,1,0,0,
clock-show,,heldout,6,1.0,from_mention,randnorm,2,2,1,640,1,0,0,
clock-show,,heldout,6,1.0,answer_only,lens,-1,2,1,640,1,0,0,
clock-show,,heldout,6,1.0,answer_only,randdir,0,2,1,640,1,0,0,
clock-show,,heldout,6,1.0,answer_only,randdir,1,2,1,640,1,0,0,
clock-show,,heldout,6,1.0,answer_only,randdir,2,2,1,640,1,0,0,
clock-show,,heldout,6,1.0,answer_only,randnorm,0,2,1,640,1,0,0,
clock-show,,heldout,6,1.0,answer_only,randnorm,1,2,1,640,1,0,0,
clock-show,,heldout,6,1.0,answer_only,randnorm,2,2,1,640,1,0,0,
clock-show,,heldout,6,2.0,all_no_bos,lens,-1,2,1,640,1,0,0,
clock-show,,heldout,6,2.0,all_no_bos,randdir,0,4,1,640,1,0,0,
clock-show,,heldout,6,2.0,all_no_bos,randdir,1,2,1,640,1,0,0,
clock-show,,heldout,6,2.0,all_no_bos,randdir,2,2,1,640,1,0,0,
clock-show,,heldout,6,2.0,all_no_bos,randnorm,0,4,1,640,1,0,0,
clock-show,,heldout,6,2.0,all_no_bos,randnorm,1,2,1,640,1,0,0,
clock-show,,heldout,6,2.0,all_no_bos,randnorm,2,2,1,640,1,0,0,
clock-show,,heldout,6,2.0,from_mention,lens,-1,2,1,640,1,0,0,
clock-show,,heldout,6,2.0,from_mention,randdir,0,4,1,640,1,0,0,
clock-show,,heldout,6,2.0,from_mention,randdir,1,2,1,640,1,0,0,
clock-show,,heldout,6,2.0,from_mention,randdir,2,2,1,640,1,0,0,
clock-show,,heldout,6,2.0,from_mention,randnorm,0,4,1,640,1,0,0,
clock-show,,heldout,6,2.0,from_mention,randnorm,1,2,1,640,1,0,0,
clock-show,,heldout,6,2.0,from_mention,randnorm,2,2,1,640,1,0,0,
clock-show,,heldout,6,2.0,answer_only,lens,-1,2,1,640,1,0,0,
clock-show,,heldout,6,2.0,answer_only,randdir,0,2,1,640,1,0,0,
clock-show,,heldout,6,2.0,answer_only,randdir,1,2,1,640,1,0,0,
clock-show,,heldout,6,2.0,answer_only,randdir,2,2,1,640,1,0,0,
clock-show,,heldout,6,2.0,answer_only,randnorm,0,2,1,640,1,0,0,
clock-show,,heldout,6,2.0,answer_only,randnorm,1,2,1,640,1,0,0,
clock-show,,heldout,6,2.0,answer_only,randnorm,2,2,1,640,1,0,0,
clock-show,,heldout,7,0.5,all_no_bos,lens,-1,2,1,640,1,0,0,
clock-show,,heldout,7,0.5,all_no_bos,randdir,0,2,1,640,1,0,0,
clock-show,,heldout,7,0.5,all_no_bos,randdir,1,2,1,640,1,0,0,
clock-show,,heldout,7,0.5,all_no_bos,randdir,2,2,1,640,1,0,0,
clock-show,,heldout,7,0.5,all_no_bos,randnorm,0,2,1,640,1,0,0,
clock-show,,heldout,7,0.5,all_no_bos,randnorm,1,2,1,640,1,0,0,
clock-show,,heldout,7,0.5,all_no_bos,randnorm,2,2,1,640,1,0,0,
clock-show,,heldout,7,0.5,from_mention,lens,-1,2,1,640,1,0,0,
clock-show,,heldout,7,0.5,from_mention,randdir,0,2,1,640,1,0,0,
clock-show,,heldout,7,0.5,from_mention,randdir,1,2,1,640,1,0,0,
clock-show,,heldout,7,0.5,from_mention,randdir,2,2,1,640,1,0,0,
clock-show,,heldout,7,0.5,from_mention,randnorm,0,2,1,640,1,0,0,
clock-show,,heldout,7,0.5,from_mention,randnorm,1,2,1,640,1,0,0,
clock-show,,heldout,7,0.5,from_mention,randnorm,2,2,1,640,1,0,0,
clock-show,,heldout,7,0.5,answer_only,lens,-1,2,1,640,1,0,0,
clock-show,,heldout,7,0.5,answer_only,randdir,0,2,1,640,1,0,0,
clock-show,,heldout,7,0.5,answer_only,randdir,1,2,1,640,1,0,0,
clock-show,,heldout,7,0.5,answer_only,randdir,2,2,1,640,1,0,0,
clock-show,,heldout,7,0.5,answer_only,randnorm,0,2,1,640,1,0,0,
clock-show,,heldout,7,0.5,answer_only,randnorm,1,2,1,640,1,0,0,
clock-show,,heldout,7,0.5,answer_only,randnorm,2,2,1,640,1,0,0,
clock-show,,heldout,7,1.0,all_no_bos,lens,-1,2,1,640,1,0,0,
clock-show,,heldout,7,1.0,all_no_bos,randdir,0,2,1,640,1,0,0,
clock-show,,heldout,7,1.0,all_no_bos,randdir,1,2,1,640,1,0,0,
clock-show,,heldout,7,1.0,all_no_bos,randdir,2,2,1,640,1,0,0,
clock-show,,heldout,7,1.0,all_no_bos,randnorm,0,2,1,640,1,0,0,
clock-show,,heldout,7,1.0,all_no_bos,randnorm,1,2,1,640,1,0,0,
clock-show,,heldout,7,1.0,all_no_bos,randnorm,2,2,1,640,1,0,0,
clock-show,,heldout,7,1.0,from_mention,lens,-1,2,1,640,1,0,0,
clock-show,,heldout,7,1.0,from_mention,randdir,0,2,1,640,1,0,0,
clock-show,,heldout,7,1.0,from_mention,randdir,1,2,1,640,1,0,0,
clock-show,,heldout,7,1.0,from_mention,randdir,2,2,1,640,1,0,0,
clock-show,,heldout,7,1.0,from_mention,randnorm,0,2,1,640,1,0,0,
clock-show,,heldout,7,1.0,from_mention,randnorm,1,2,1,640,1,0,0,
clock-show,,heldout,7,1.0,from_mention,randnorm,2,2,1,640,1,0,0,
clock-show,,heldout,7,1.0,answer_only,lens,-1,2,1,640,1,0,0,
clock-show,,heldout,7,1.0,answer_only,randdir,0,2,1,640,1,0,0,
clock-show,,heldout,7,1.0,answer_only,randdir,1,2,1,640,1,0,0,
clock-show,,heldout,7,1.0,answer_only,randdir,2,2,1,640,1,0,0,
clock-show,,heldout,7,1.0,answer_only,randnorm,0,2,1,640,1,0,0,
clock-show,,heldout,7,1.0,answer_only,randnorm,1,2,1,640,1,0,0,
clock-show,,heldout,7,1.0,answer_only,randnorm,2,2,1,640,1,0,0,
clock-show,,heldout,7,2.0,all_no_bos,lens,-1,2,1,640,1,0,0,
clock-show,,heldout,7,2.0,all_no_bos,randdir,0,3,1,640,1,0,0,
clock-show,,heldout,7,2.0,all_no_bos,randdir,1,2,1,640,1,0,0,
clock-show,,heldout,7,2.0,all_no_bos,randdir,2,2,1,640,1,0,0,
clock-show,,heldout,7,2.0,all_no_bos,randnorm,0,3,1,640,1,0,0,
clock-show,,heldout,7,2.0,all_no_bos,randnorm,1,2,1,640,1,0,0,
clock-show,,heldout,7,2.0,all_no_bos,randnorm,2,2,1,640,1,0,0,
clock-show,,heldout,7,2.0,from_mention,lens,-1,2,1,640,1,0,0,
clock-show,,heldout,7,2.0,from_mention,randdir,0,3,1,640,1,0,0,
clock-show,,heldout,7,2.0,from_mention,randdir,1,2,1,640,1,0,0,
clock-show,,heldout,7,2.0,from_mention,randdir,2,2,1,640,1,0,0,
clock-show,,heldout,7,2.0,from_mention,randnorm,0,3,1,640,1,0,0,
clock-show,,heldout,7,2.0,from_mention,randnorm,1,2,1,640,1,0,0,
clock-show,,heldout,7,2.0,from_mention,randnorm,2,2,1,640,1,0,0,
clock-show,,heldout,7,2.0,answer_only,lens,-1,2,1,640,1,0,0,
clock-show,,heldout,7,2.0,answer_only,randdir,0,2,1,640,1,0,0,
clock-show,,heldout,7,2.0,answer_only,randdir,1,2,1,640,1,0,0,
clock-show,,heldout,7,2.0,answer_only,randdir,2,2,1,640,1,0,0,
clock-show,,heldout,7,2.0,answer_only,randnorm,0,2,1,640,1,0,0,
clock-show,,heldout,7,2.0,answer_only,randnorm,1,2,1,640,1,0,0,
clock-show,,heldout,7,2.0,answer_only,randnorm,2,2,1,640,1,0,0,
clock-show,,heldout,8,0.5,all_no_bos,lens,-1,2,1,640,1,0,0,
clock-show,,heldout,8,0.5,all_no_bos,randdir,0,2,1,640,1,0,0,
clock-show,,heldout,8,0.5,all_no_bos,randdir,1,2,1,640,1,0,0,
clock-show,,heldout,8,0.5,all_no_bos,randdir,2,2,1,640,1,0,0,
clock-show,,heldout,8,0.5,all_no_bos,randnorm,0,2,1,640,1,0,0,
clock-show,,heldout,8,0.5,all_no_bos,randnorm,1,2,1,640,1,0,0,
clock-show,,heldout,8,0.5,all_no_bos,randnorm,2,2,1,640,1,0,0,
clock-show,,heldout,8,0.5,from_mention,lens,-1,2,1,640,1,0,0,
clock-show,,heldout,8,0.5,from_mention,randdir,0,2,1,640,1,0,0,
clock-show,,heldout,8,0.5,from_mention,randdir,1,2,1,640,1,0,0,
clock-show,,heldout,8,0.5,from_mention,randdir,2,2,1,640,1,0,0,
clock-show,,heldout,8,0.5,from_mention,randnorm,0,2,1,640,1,0,0,
clock-show,,heldout,8,0.5,from_mention,randnorm,1,2,1,640,1,0,0,
clock-show,,heldout,8,0.5,from_mention,randnorm,2,2,1,640,1,0,0,
clock-show,,heldout,8,0.5,answer_only,lens,-1,2,1,640,1,0,0,
clock-show,,heldout,8,0.5,answer_only,randdir,0,2,1,640,1,0,0,
clock-show,,heldout,8,0.5,answer_only,randdir,1,2,1,640,1,0,0,
clock-show,,heldout,8,0.5,answer_only,randdir,2,2,1,640,1,0,0,
clock-show,,heldout,8,0.5,answer_only,randnorm,0,2,1,640,1,0,0,
clock-show,,heldout,8,0.5,answer_only,randnorm,1,2,1,640,1,0,0,
clock-show,,heldout,8,0.5,answer_only,randnorm,2,2,1,640,1,0,0,
clock-show,,heldout,8,1.0,all_no_bos,lens,-1,2,1,640,1,0,0,
clock-show,,heldout,8,1.0,all_no_bos,randdir,0,2,1,640,1,0,0,
clock-show,,heldout,8,1.0,all_no_bos,randdir,1,2,1,640,1,0,0,
clock-show,,heldout,8,1.0,all_no_bos,randdir,2,2,1,640,1,0,0,
clock-show,,heldout,8,1.0,all_no_bos,randnorm,0,2,1,640,1,0,0,
clock-show,,heldout,8,1.0,all_no_bos,randnorm,1,2,1,640,1,0,0,
clock-show,,heldout,8,1.0,all_no_bos,randnorm,2,2,1,640,1,0,0,
clock-show,,heldout,8,1.0,from_mention,lens,-1,2,1,640,1,0,0,
clock-show,,heldout,8,1.0,from_mention,randdir,0,2,1,640,1,0,0,
clock-show,,heldout,8,1.0,from_mention,randdir,1,2,1,640,1,0,0,
clock-show,,heldout,8,1.0,from_mention,randdir,2,2,1,640,1,0,0,
clock-show,,heldout,8,1.0,from_mention,randnorm,0,2,1,640,1,0,0,
clock-show,,heldout,8,1.0,from_mention,randnorm,1,2,1,640,1,0,0,
clock-show,,heldout,8,1.0,from_mention,randnorm,2,2,1,640,1,0,0,
clock-show,,heldout,8,1.0,answer_only,lens,-1,2,1,640,1,0,0,
clock-show,,heldout,8,1.0,answer_only,randdir,0,2,1,640,1,0,0,
clock-show,,heldout,8,1.0,answer_only,randdir,1,2,1,640,1,0,0,
clock-show,,heldout,8,1.0,answer_only,randdir,2,2,1,640,1,0,0,
clock-show,,heldout,8,1.0,answer_only,randnorm,0,2,1,640,1,0,0,
clock-show,,heldout,8,1.0,answer_only,randnorm,1,2,1,640,1,0,0,
clock-show,,heldout,8,1.0,answer_only,randnorm,2,2,1,640,1,0,0,
clock-show,,heldout,8,2.0,all_no_bos,lens,-1,3,1,640,1,0,0,
clock-show,,heldout,8,2.0,all_no_bos,randdir,0,3,1,640,1,0,0,
clock-show,,heldout,8,2.0,all_no_bos,randdir,1,2,1,640,1,0,0,
clock-show,,heldout,8,2.0,all_no_bos,randdir,2,2,1,640,1,0,0,
clock-show,,heldout,8,2.0,all_no_bos,randnorm,0,3,1,640,1,0,0,
clock-show,,heldout,8,2.0,all_no_bos,randnorm,1,2,1,640,1,0,0,
clock-show,,heldout,8,2.0,all_no_bos,randnorm,2,2,1,640,1,0,0,
clock-show,,heldout,8,2.0,from_mention,lens,-1,3,1,640,1,0,0,
clock-show,,heldout,8,2.0,from_mention,randdir,0,3,1,640,1,0,0,
clock-show,,heldout,8,2.0,from_mention,randdir,1,2,1,640,1,0,0,
clock-show,,heldout,8,2.0,from_mention,randdir,2,2,1,640,1,0,0,
clock-show,,heldout,8,2.0,from_mention,randnorm,0,3,1,640,1,0,0,
clock-show,,heldout,8,2.0,from_mention,randnorm,1,2,1,640,1,0,0,
clock-show,,heldout,8,2.0,from_mention,randnorm,2,2,1,640,1,0,0,
clock-show,,heldout,8,2.0,answer_only,lens,-1,2,1,640,1,0,0,
clock-show,,heldout,8,2.0,answer_only,randdir,0,2,1,640,1,0,0,
clock-show,,heldout,8,2.0,answer_only,randdir,1,2,1,640,1,0,0,
clock-show,,heldout,8,2.0,answer_only,randdir,2,2,1,640,1,0,0,
clock-show,,heldout,8,2.0,answer_only,randnorm,0,2,1,640,1,0,0,
clock-show,,heldout,8,2.0,answer_only,randnorm,1,2,1,640,1,0,0,
clock-show,,heldout,8,2.0,answer_only,randnorm,2,2,1,640,1,0,0,
clock-show,,heldout,9,0.5,all_no_bos,lens,-1,2,1,640,1,0,0,
clock-show,,heldout,9,0.5,all_no_bos,randdir,0,2,1,640,1,0,0,
clock-show,,heldout,9,0.5,all_no_bos,randdir,1,2,1,640,1,0,0,
clock-show,,heldout,9,0.5,all_no_bos,randdir,2,2,1,640,1,0,0,
clock-show,,heldout,9,0.5,all_no_bos,randnorm,0,2,1,640,1,0,0,
clock-show,,heldout,9,0.5,all_no_bos,randnorm,1,2,1,640,1,0,0,
clock-show,,heldout,9,0.5,all_no_bos,randnorm,2,2,1,640,1,0,0,
clock-show,,heldout,9,0.5,from_mention,lens,-1,2,1,640,1,0,0,
clock-show,,heldout,9,0.5,from_mention,randdir,0,2,1,640,1,0,0,
clock-show,,heldout,9,0.5,from_mention,randdir,1,2,1,640,1,0,0,
clock-show,,heldout,9,0.5,from_mention,randdir,2,2,1,640,1,0,0,
clock-show,,heldout,9,0.5,from_mention,randnorm,0,2,1,640,1,0,0,
clock-show,,heldout,9,0.5,from_mention,randnorm,1,2,1,640,1,0,0,
clock-show,,heldout,9,0.5,from_mention,randnorm,2,2,1,640,1,0,0,
clock-show,,heldout,9,0.5,answer_only,lens,-1,2,1,640,1,0,0,
clock-show,,heldout,9,0.5,answer_only,randdir,0,2,1,640,1,0,0,
clock-show,,heldout,9,0.5,answer_only,randdir,1,2,1,640,1,0,0,
clock-show,,heldout,9,0.5,answer_only,randdir,2,2,1,640,1,0,0,
clock-show,,heldout,9,0.5,answer_only,randnorm,0,2,1,640,1,0,0,
clock-show,,heldout,9,0.5,answer_only,randnorm,1,2,1,640,1,0,0,
clock-show,,heldout,9,0.5,answer_only,randnorm,2,2,1,640,1,0,0,
clock-show,,heldout,9,1.0,all_no_bos,lens,-1,2,1,640,1,0,0,
clock-show,,heldout,9,1.0,all_no_bos,randdir,0,2,1,640,1,0,0,
clock-show,,heldout,9,1.0,all_no_bos,randdir,1,2,1,640,1,0,0,
clock-show,,heldout,9,1.0,all_no_bos,randdir,2,2,1,640,1,0,0,
clock-show,,heldout,9,1.0,all_no_bos,randnorm,0,2,1,640,1,0,0,
clock-show,,heldout,9,1.0,all_no_bos,randnorm,1,2,1,640,1,0,0,
clock-show,,heldout,9,1.0,all_no_bos,randnorm,2,2,1,640,1,0,0,
clock-show,,heldout,9,1.0,from_mention,lens,-1,2,1,640,1,0,0,
clock-show,,heldout,9,1.0,from_mention,randdir,0,2,1,640,1,0,0,
clock-show,,heldout,9,1.0,from_mention,randdir,1,2,1,640,1,0,0,
clock-show,,heldout,9,1.0,from_mention,randdir,2,2,1,640,1,0,0,
clock-show,,heldout,9,1.0,from_mention,randnorm,0,2,1,640,1,0,0,
clock-show,,heldout,9,1.0,from_mention,randnorm,1,2,1,640,1,0,0,
clock-show,,heldout,9,1.0,from_mention,randnorm,2,2,1,640,1,0,0,
clock-show,,heldout,9,1.0,answer_only,lens,-1,2,1,640,1,0,0,
clock-show,,heldout,9,1.0,answer_only,randdir,0,2,1,640,1,0,0,
clock-show,,heldout,9,1.0,answer_only,randdir,1,2,1,640,1,0,0,
clock-show,,heldout,9,1.0,answer_only,randdir,2,2,1,640,1,0,0,
clock-show,,heldout,9,1.0,answer_only,randnorm,0,2,1,640,1,0,0,
clock-show,,heldout,9,1.0,answer_only,randnorm,1,2,1,640,1,0,0,
clock-show,,heldout,9,1.0,answer_only,randnorm,2,2,1,640,1,0,0,
clock-show,,heldout,9,2.0,all_no_bos,lens,-1,2,1,640,1,0,0,
clock-show,,heldout,9,2.0,all_no_bos,randdir,0,2,1,640,1,0,0,
clock-show,,heldout,9,2.0,all_no_bos,randdir,1,2,1,640,1,0,0,
clock-show,,heldout,9,2.0,all_no_bos,randdir,2,3,1,640,1,0,0,
clock-show,,heldout,9,2.0,all_no_bos,randnorm,0,2,1,640,1,0,0,
clock-show,,heldout,9,2.0,all_no_bos,randnorm,1,2,1,640,1,0,0,
clock-show,,heldout,9,2.0,all_no_bos,randnorm,2,2,1,640,1,0,0,
clock-show,,heldout,9,2.0,from_mention,lens,-1,2,1,640,1,0,0,
clock-show,,heldout,9,2.0,from_mention,randdir,0,2,1,640,1,0,0,
clock-show,,heldout,9,2.0,from_mention,randdir,1,2,1,640,1,0,0,
clock-show,,heldout,9,2.0,from_mention,randdir,2,3,1,640,1,0,0,
clock-show,,heldout,9,2.0,from_mention,randnorm,0,2,1,640,1,0,0,
clock-show,,heldout,9,2.0,from_mention,randnorm,1,2,1,640,1,0,0,
clock-show,,heldout,9,2.0,from_mention,randnorm,2,2,1,640,1,0,0,
clock-show,,heldout,9,2.0,answer_only,lens,-1,2,1,640,1,0,0,
clock-show,,heldout,9,2.0,answer_only,randdir,0,2,1,640,1,0,0,
clock-show,,heldout,9,2.0,answer_only,randdir,1,2,1,640,1,0,0,
clock-show,,heldout,9,2.0,answer_only,randdir,2,2,1,640,1,0,0,
clock-show,,heldout,9,2.0,answer_only,randnorm,0,2,1,640,1,0,0,
clock-show,,heldout,9,2.0,answer_only,randnorm,1,2,1,640,1,0,0,
clock-show,,heldout,9,2.0,answer_only,randnorm,2,2,1,640,1,0,0,
clock-show,,heldout,10,0.5,all_no_bos,lens,-1,2,1,640,1,0,0,
clock-show,,heldout,10,0.5,all_no_bos,randdir,0,2,1,640,1,0,0,
clock-show,,heldout,10,0.5,all_no_bos,randdir,1,2,1,640,1,0,0,
clock-show,,heldout,10,0.5,all_no_bos,randdir,2,2,1,640,1,0,0,
clock-show,,heldout,10,0.5,all_no_bos,randnorm,0,2,1,640,1,0,0,
clock-show,,heldout,10,0.5,all_no_bos,randnorm,1,2,1,640,1,0,0,
clock-show,,heldout,10,0.5,all_no_bos,randnorm,2,2,1,640,1,0,0,
clock-show,,heldout,10,0.5,from_mention,lens,-1,2,1,640,1,0,0,
clock-show,,heldout,10,0.5,from_mention,randdir,0,2,1,640,1,0,0,
clock-show,,heldout,10,0.5,from_mention,randdir,1,2,1,640,1,0,0,
clock-show,,heldout,10,0.5,from_mention,randdir,2,2,1,640,1,0,0,
clock-show,,heldout,10,0.5,from_mention,randnorm,0,2,1,640,1,0,0,
clock-show,,heldout,10,0.5,from_mention,randnorm,1,2,1,640,1,0,0,
clock-show,,heldout,10,0.5,from_mention,randnorm,2,2,1,640,1,0,0,
clock-show,,heldout,10,0.5,answer_only,lens,-1,2,1,640,1,0,0,
clock-show,,heldout,10,0.5,answer_only,randdir,0,2,1,640,1,0,0,
clock-show,,heldout,10,0.5,answer_only,randdir,1,2,1,640,1,0,0,
clock-show,,heldout,10,0.5,answer_only,randdir,2,2,1,640,1,0,0,
clock-show,,heldout,10,0.5,answer_only,randnorm,0,2,1,640,1,0,0,
clock-show,,heldout,10,0.5,answer_only,randnorm,1,2,1,640,1,0,0,
clock-show,,heldout,10,0.5,answer_only,randnorm,2,2,1,640,1,0,0,
clock-show,,heldout,10,1.0,all_no_bos,lens,-1,2,1,640,1,0,0,
clock-show,,heldout,10,1.0,all_no_bos,randdir,0,2,1,640,1,0,0,
clock-show,,heldout,10,1.0,all_no_bos,randdir,1,2,1,640,1,0,0,
clock-show,,heldout,10,1.0,all_no_bos,randdir,2,2,1,640,1,0,0,
clock-show,,heldout,10,1.0,all_no_bos,randnorm,0,2,1,640,1,0,0,
clock-show,,heldout,10,1.0,all_no_bos,randnorm,1,2,1,640,1,0,0,
clock-show,,heldout,10,1.0,all_no_bos,randnorm,2,2,1,640,1,0,0,
clock-show,,heldout,10,1.0,from_mention,lens,-1,2,1,640,1,0,0,
clock-show,,heldout,10,1.0,from_mention,randdir,0,2,1,640,1,0,0,
clock-show,,heldout,10,1.0,from_mention,randdir,1,2,1,640,1,0,0,
clock-show,,heldout,10,1.0,from_mention,randdir,2,2,1,640,1,0,0,
clock-show,,heldout,10,1.0,from_mention,randnorm,0,2,1,640,1,0,0,
clock-show,,heldout,10,1.0,from_mention,randnorm,1,2,1,640,1,0,0,
clock-show,,heldout,10,1.0,from_mention,randnorm,2,2,1,640,1,0,0,
clock-show,,heldout,10,1.0,answer_only,lens,-1,2,1,640,1,0,0,
clock-show,,heldout,10,1.0,answer_only,randdir,0,2,1,640,1,0,0,
clock-show,,heldout,10,1.0,answer_only,randdir,1,2,1,640,1,0,0,
clock-show,,heldout,10,1.0,answer_only,randdir,2,2,1,640,1,0,0,
clock-show,,heldout,10,1.0,answer_only,randnorm,0,2,1,640,1,0,0,
clock-show,,heldout,10,1.0,answer_only,randnorm,1,2,1,640,1,0,0,
clock-show,,heldout,10,1.0,answer_only,randnorm,2,2,1,640,1,0,0,
clock-show,,heldout,10,2.0,all_no_bos,lens,-1,2,1,640,1,0,0,
clock-show,,heldout,10,2.0,all_no_bos,randdir,0,2,1,640,1,0,0,
clock-show,,heldout,10,2.0,all_no_bos,randdir,1,2,1,640,1,0,0,
clock-show,,heldout,10,2.0,all_no_bos,randdir,2,2,1,640,1,0,0,
clock-show,,heldout,10,2.0,all_no_bos,randnorm,0,2,1,640,1,0,0,
clock-show,,heldout,10,2.0,all_no_bos,randnorm,1,2,1,640,1,0,0,
clock-show,,heldout,10,2.0,all_no_bos,randnorm,2,2,1,640,1,0,0,
clock-show,,heldout,10,2.0,from_mention,lens,-1,2,1,640,1,0,0,
clock-show,,heldout,10,2.0,from_mention,randdir,0,2,1,640,1,0,0,
clock-show,,heldout,10,2.0,from_mention,randdir,1,2,1,640,1,0,0,
clock-show,,heldout,10,2.0,from_mention,randdir,2,2,1,640,1,0,0,
clock-show,,heldout,10,2.0,from_mention,randnorm,0,2,1,640,1,0,0,
clock-show,,heldout,10,2.0,from_mention,randnorm,1,2,1,640,1,0,0,
clock-show,,heldout,10,2.0,from_mention,randnorm,2,2,1,640,1,0,0,
clock-show,,heldout,10,2.0,answer_only,lens,-1,2,1,640,1,0,0,
clock-show,,heldout,10,2.0,answer_only,randdir,0,2,1,640,1,0,0,
clock-show,,heldout,10,2.0,answer_only,randdir,1,2,1,640,1,0,0,
clock-show,,heldout,10,2.0,answer_only,randdir,2,2,1,640,1,0,0,
clock-show,,heldout,10,2.0,answer_only,randnorm,0,2,1,640,1,0,0,
clock-show,,heldout,10,2.0,answer_only,randnorm,1,2,1,640,1,0,0,
clock-show,,heldout,10,2.0,answer_only,randnorm,2,2,1,640,1,0,0,
clock-show,,heldout,5-6,0.5,all_no_bos,lens,-1,2,1,640,1,0,0,
clock-show,,heldout,5-6,0.5,all_no_bos,randdir,0,2,1,640,1,0,0,
clock-show,,heldout,5-6,0.5,all_no_bos,randdir,1,2,1,640,1,0,0,
clock-show,,heldout,5-6,0.5,all_no_bos,randdir,2,2,1,640,1,0,0,
clock-show,,heldout,5-6,0.5,all_no_bos,randnorm,0,2,1,640,1,0,0,
clock-show,,heldout,5-6,0.5,all_no_bos,randnorm,1,2,1,640,1,0,0,
clock-show,,heldout,5-6,0.5,all_no_bos,randnorm,2,2,1,640,1,0,0,
clock-show,,heldout,5-6,0.5,from_mention,lens,-1,2,1,640,1,0,0,
clock-show,,heldout,5-6,0.5,from_mention,randdir,0,2,1,640,1,0,0,
clock-show,,heldout,5-6,0.5,from_mention,randdir,1,2,1,640,1,0,0,
clock-show,,heldout,5-6,0.5,from_mention,randdir,2,2,1,640,1,0,0,
clock-show,,heldout,5-6,0.5,from_mention,randnorm,0,2,1,640,1,0,0,
clock-show,,heldout,5-6,0.5,from_mention,randnorm,1,2,1,640,1,0,0,
clock-show,,heldout,5-6,0.5,from_mention,randnorm,2,2,1,640,1,0,0,
clock-show,,heldout,5-6,0.5,answer_only,lens,-1,2,1,640,1,0,0,
clock-show,,heldout,5-6,0.5,answer_only,randdir,0,2,1,640,1,0,0,
clock-show,,heldout,5-6,0.5,answer_only,randdir,1,2,1,640,1,0,0,
clock-show,,heldout,5-6,0.5,answer_only,randdir,2,2,1,640,1,0,0,
clock-show,,heldout,5-6,0.5,answer_only,randnorm,0,2,1,640,1,0,0,
clock-show,,heldout,5-6,0.5,answer_only,randnorm,1,2,1,640,1,0,0,
clock-show,,heldout,5-6,0.5,answer_only,randnorm,2,2,1,640,1,0,0,
clock-show,,heldout,5-6,1.0,all_no_bos,lens,-1,2,1,640,1,0,0,
clock-show,,heldout,5-6,1.0,all_no_bos,randdir,0,5,1,640,1,0,0,
clock-show,,heldout,5-6,1.0,all_no_bos,randdir,1,2,1,640,1,0,0,
clock-show,,heldout,5-6,1.0,all_no_bos,randdir,2,2,1,640,1,0,0,
clock-show,,heldout,5-6,1.0,all_no_bos,randnorm,0,3,1,640,1,0,0,
clock-show,,heldout,5-6,1.0,all_no_bos,randnorm,1,2,1,640,1,0,0,
clock-show,,heldout,5-6,1.0,all_no_bos,randnorm,2,2,1,640,1,0,0,
clock-show,,heldout,5-6,1.0,from_mention,lens,-1,2,1,640,1,0,0,
clock-show,,heldout,5-6,1.0,from_mention,randdir,0,5,1,640,1,0,0,
clock-show,,heldout,5-6,1.0,from_mention,randdir,1,2,1,640,1,0,0,
clock-show,,heldout,5-6,1.0,from_mention,randdir,2,2,1,640,1,0,0,
clock-show,,heldout,5-6,1.0,from_mention,randnorm,0,3,1,640,1,0,0,
clock-show,,heldout,5-6,1.0,from_mention,randnorm,1,2,1,640,1,0,0,
clock-show,,heldout,5-6,1.0,from_mention,randnorm,2,2,1,640,1,0,0,
clock-show,,heldout,5-6,1.0,answer_only,lens,-1,2,1,640,1,0,0,
clock-show,,heldout,5-6,1.0,answer_only,randdir,0,2,1,640,1,0,0,
clock-show,,heldout,5-6,1.0,answer_only,randdir,1,2,1,640,1,0,0,
clock-show,,heldout,5-6,1.0,answer_only,randdir,2,2,1,640,1,0,0,
clock-show,,heldout,5-6,1.0,answer_only,randnorm,0,2,1,640,1,0,0,
clock-show,,heldout,5-6,1.0,answer_only,randnorm,1,2,1,640,1,0,0,
clock-show,,heldout,5-6,1.0,answer_only,randnorm,2,2,1,640,1,0,0,
clock-show,,heldout,5-6,2.0,all_no_bos,lens,-1,2,1,640,1,0,0,
clock-show,,heldout,5-6,2.0,all_no_bos,randdir,0,5,1,640,1,0,0,
clock-show,,heldout,5-6,2.0,all_no_bos,randdir,1,2,1,640,1,0,0,
clock-show,,heldout,5-6,2.0,all_no_bos,randdir,2,2,1,640,1,0,0,
clock-show,,heldout,5-6,2.0,all_no_bos,randnorm,0,4,1,640,1,0,0,
clock-show,,heldout,5-6,2.0,all_no_bos,randnorm,1,2,1,640,1,0,0,
clock-show,,heldout,5-6,2.0,all_no_bos,randnorm,2,2,1,640,1,0,0,
clock-show,,heldout,5-6,2.0,from_mention,lens,-1,2,1,640,1,0,0,
clock-show,,heldout,5-6,2.0,from_mention,randdir,0,5,1,640,1,0,0,
clock-show,,heldout,5-6,2.0,from_mention,randdir,1,2,1,640,1,0,0,
clock-show,,heldout,5-6,2.0,from_mention,randdir,2,2,1,640,1,0,0,
clock-show,,heldout,5-6,2.0,from_mention,randnorm,0,4,1,640,1,0,0,
clock-show,,heldout,5-6,2.0,from_mention,randnorm,1,2,1,640,1,0,0,
clock-show,,heldout,5-6,2.0,from_mention,randnorm,2,2,1,640,1,0,0,
clock-show,,heldout,5-6,2.0,answer_only,lens,-1,2,1,640,1,0,0,
clock-show,,heldout,5-6,2.0,answer_only,randdir,0,3,1,640,1,0,0,
clock-show,,heldout,5-6,2.0,answer_only,randdir,1,2,1,640,1,0,0,
clock-show,,heldout,5-6,2.0,answer_only,randdir,2,2,1,640,1,0,0,
clock-show,,heldout,5-6,2.0,answer_only,randnorm,0,2,1,640,1,0,0,
clock-show,,heldout,5-6,2.0,answer_only,randnorm,1,2,1,640,1,0,0,
clock-show,,heldout,5-6,2.0,answer_only,randnorm,2,2,1,640,1,0,0,
clock-show,,heldout,6-7,0.5,all_no_bos,lens,-1,2,1,640,1,0,0,
clock-show,,heldout,6-7,0.5,all_no_bos,randdir,0,2,1,640,1,0,0,
clock-show,,heldout,6-7,0.5,all_no_bos,randdir,1,2,1,640,1,0,0,
clock-show,,heldout,6-7,0.5,all_no_bos,randdir,2,2,1,640,1,0,0,
clock-show,,heldout,6-7,0.5,all_no_bos,randnorm,0,2,1,640,1,0,0,
clock-show,,heldout,6-7,0.5,all_no_bos,randnorm,1,2,1,640,1,0,0,
clock-show,,heldout,6-7,0.5,all_no_bos,randnorm,2,2,1,640,1,0,0,
clock-show,,heldout,6-7,0.5,from_mention,lens,-1,2,1,640,1,0,0,
clock-show,,heldout,6-7,0.5,from_mention,randdir,0,2,1,640,1,0,0,
clock-show,,heldout,6-7,0.5,from_mention,randdir,1,2,1,640,1,0,0,
clock-show,,heldout,6-7,0.5,from_mention,randdir,2,2,1,640,1,0,0,
clock-show,,heldout,6-7,0.5,from_mention,randnorm,0,2,1,640,1,0,0,
clock-show,,heldout,6-7,0.5,from_mention,randnorm,1,2,1,640,1,0,0,
clock-show,,heldout,6-7,0.5,from_mention,randnorm,2,2,1,640,1,0,0,
clock-show,,heldout,6-7,0.5,answer_only,lens,-1,2,1,640,1,0,0,
clock-show,,heldout,6-7,0.5,answer_only,randdir,0,2,1,640,1,0,0,
clock-show,,heldout,6-7,0.5,answer_only,randdir,1,2,1,640,1,0,0,
clock-show,,heldout,6-7,0.5,answer_only,randdir,2,2,1,640,1,0,0,
clock-show,,heldout,6-7,0.5,answer_only,randnorm,0,2,1,640,1,0,0,
clock-show,,heldout,6-7,0.5,answer_only,randnorm,1,2,1,640,1,0,0,
clock-show,,heldout,6-7,0.5,answer_only,randnorm,2,2,1,640,1,0,0,
clock-show,,heldout,6-7,1.0,all_no_bos,lens,-1,2,1,640,1,0,0,
clock-show,,heldout,6-7,1.0,all_no_bos,randdir,0,4,1,640,1,0,0,
clock-show,,heldout,6-7,1.0,all_no_bos,randdir,1,2,1,640,1,0,0,
clock-show,,heldout,6-7,1.0,all_no_bos,randdir,2,2,1,640,1,0,0,
clock-show,,heldout,6-7,1.0,all_no_bos,randnorm,0,3,1,640,1,0,0,
clock-show,,heldout,6-7,1.0,all_no_bos,randnorm,1,2,1,640,1,0,0,
clock-show,,heldout,6-7,1.0,all_no_bos,randnorm,2,2,1,640,1,0,0,
clock-show,,heldout,6-7,1.0,from_mention,lens,-1,2,1,640,1,0,0,
clock-show,,heldout,6-7,1.0,from_mention,randdir,0,4,1,640,1,0,0,
clock-show,,heldout,6-7,1.0,from_mention,randdir,1,2,1,640,1,0,0,
clock-show,,heldout,6-7,1.0,from_mention,randdir,2,2,1,640,1,0,0,
clock-show,,heldout,6-7,1.0,from_mention,randnorm,0,3,1,640,1,0,0,
clock-show,,heldout,6-7,1.0,from_mention,randnorm,1,2,1,640,1,0,0,
clock-show,,heldout,6-7,1.0,from_mention,randnorm,2,2,1,640,1,0,0,
clock-show,,heldout,6-7,1.0,answer_only,lens,-1,2,1,640,1,0,0,
clock-show,,heldout,6-7,1.0,answer_only,randdir,0,2,1,640,1,0,0,
clock-show,,heldout,6-7,1.0,answer_only,randdir,1,2,1,640,1,0,0,
clock-show,,heldout,6-7,1.0,answer_only,randdir,2,2,1,640,1,0,0,
clock-show,,heldout,6-7,1.0,answer_only,randnorm,0,2,1,640,1,0,0,
clock-show,,heldout,6-7,1.0,answer_only,randnorm,1,2,1,640,1,0,0,
clock-show,,heldout,6-7,1.0,answer_only,randnorm,2,2,1,640,1,0,0,
clock-show,,heldout,6-7,2.0,all_no_bos,lens,-1,2,1,640,1,0,0,
clock-show,,heldout,6-7,2.0,all_no_bos,randdir,0,4,1,640,1,0,0,
clock-show,,heldout,6-7,2.0,all_no_bos,randdir,1,2,1,640,1,0,0,
clock-show,,heldout,6-7,2.0,all_no_bos,randdir,2,2,1,640,1,0,0,
clock-show,,heldout,6-7,2.0,all_no_bos,randnorm,0,4,1,640,1,0,0,
clock-show,,heldout,6-7,2.0,all_no_bos,randnorm,1,2,1,640,1,0,0,
clock-show,,heldout,6-7,2.0,all_no_bos,randnorm,2,2,1,640,1,0,0,
clock-show,,heldout,6-7,2.0,from_mention,lens,-1,2,1,640,1,0,0,
clock-show,,heldout,6-7,2.0,from_mention,randdir,0,4,1,640,1,0,0,
clock-show,,heldout,6-7,2.0,from_mention,randdir,1,2,1,640,1,0,0,
clock-show,,heldout,6-7,2.0,from_mention,randdir,2,2,1,640,1,0,0,
clock-show,,heldout,6-7,2.0,from_mention,randnorm,0,4,1,640,1,0,0,
clock-show,,heldout,6-7,2.0,from_mention,randnorm,1,2,1,640,1,0,0,
clock-show,,heldout,6-7,2.0,from_mention,randnorm,2,2,1,640,1,0,0,
clock-show,,heldout,6-7,2.0,answer_only,lens,-1,2,1,640,1,0,0,
clock-show,,heldout,6-7,2.0,answer_only,randdir,0,2,1,640,1,0,0,
clock-show,,heldout,6-7,2.0,answer_only,randdir,1,2,1,640,1,0,0,
clock-show,,heldout,6-7,2.0,answer_only,randdir,2,2,1,640,1,0,0,
clock-show,,heldout,6-7,2.0,answer_only,randnorm,0,2,1,640,1,0,0,
clock-show,,heldout,6-7,2.0,answer_only,randnorm,1,2,1,640,1,0,0,
clock-show,,heldout,6-7,2.0,answer_only,randnorm,2,2,1,640,1,0,0,
clock-show,,heldout,7-8,0.5,all_no_bos,lens,-1,2,1,640,1,0,0,
clock-show,,heldout,7-8,0.5,all_no_bos,randdir,0,2,1,640,1,0,0,
clock-show,,heldout,7-8,0.5,all_no_bos,randdir,1,2,1,640,1,0,0,
clock-show,,heldout,7-8,0.5,all_no_bos,randdir,2,2,1,640,1,0,0,
clock-show,,heldout,7-8,0.5,all_no_bos,randnorm,0,2,1,640,1,0,0,
clock-show,,heldout,7-8,0.5,all_no_bos,randnorm,1,2,1,640,1,0,0,
clock-show,,heldout,7-8,0.5,all_no_bos,randnorm,2,2,1,640,1,0,0,
clock-show,,heldout,7-8,0.5,from_mention,lens,-1,2,1,640,1,0,0,
clock-show,,heldout,7-8,0.5,from_mention,randdir,0,2,1,640,1,0,0,
clock-show,,heldout,7-8,0.5,from_mention,randdir,1,2,1,640,1,0,0,
clock-show,,heldout,7-8,0.5,from_mention,randdir,2,2,1,640,1,0,0,
clock-show,,heldout,7-8,0.5,from_mention,randnorm,0,2,1,640,1,0,0,
clock-show,,heldout,7-8,0.5,from_mention,randnorm,1,2,1,640,1,0,0,
clock-show,,heldout,7-8,0.5,from_mention,randnorm,2,2,1,640,1,0,0,
clock-show,,heldout,7-8,0.5,answer_only,lens,-1,2,1,640,1,0,0,
clock-show,,heldout,7-8,0.5,answer_only,randdir,0,2,1,640,1,0,0,
clock-show,,heldout,7-8,0.5,answer_only,randdir,1,2,1,640,1,0,0,
clock-show,,heldout,7-8,0.5,answer_only,randdir,2,2,1,640,1,0,0,
clock-show,,heldout,7-8,0.5,answer_only,randnorm,0,2,1,640,1,0,0,
clock-show,,heldout,7-8,0.5,answer_only,randnorm,1,2,1,640,1,0,0,
clock-show,,heldout,7-8,0.5,answer_only,randnorm,2,2,1,640,1,0,0,
clock-show,,heldout,7-8,1.0,all_no_bos,lens,-1,2,1,640,1,0,0,
clock-show,,heldout,7-8,1.0,all_no_bos,randdir,0,3,1,640,1,0,0,
clock-show,,heldout,7-8,1.0,all_no_bos,randdir,1,2,1,640,1,0,0,
clock-show,,heldout,7-8,1.0,all_no_bos,randdir,2,2,1,640,1,0,0,
clock-show,,heldout,7-8,1.0,all_no_bos,randnorm,0,3,1,640,1,0,0,
clock-show,,heldout,7-8,1.0,all_no_bos,randnorm,1,2,1,640,1,0,0,
clock-show,,heldout,7-8,1.0,all_no_bos,randnorm,2,2,1,640,1,0,0,
clock-show,,heldout,7-8,1.0,from_mention,lens,-1,2,1,640,1,0,0,
clock-show,,heldout,7-8,1.0,from_mention,randdir,0,3,1,640,1,0,0,
clock-show,,heldout,7-8,1.0,from_mention,randdir,1,2,1,640,1,0,0,
clock-show,,heldout,7-8,1.0,from_mention,randdir,2,2,1,640,1,0,0,
clock-show,,heldout,7-8,1.0,from_mention,randnorm,0,3,1,640,1,0,0,
clock-show,,heldout,7-8,1.0,from_mention,randnorm,1,2,1,640,1,0,0,
clock-show,,heldout,7-8,1.0,from_mention,randnorm,2,2,1,640,1,0,0,
clock-show,,heldout,7-8,1.0,answer_only,lens,-1,2,1,640,1,0,0,
clock-show,,heldout,7-8,1.0,answer_only,randdir,0,2,1,640,1,0,0,
clock-show,,heldout,7-8,1.0,answer_only,randdir,1,2,1,640,1,0,0,
clock-show,,heldout,7-8,1.0,answer_only,randdir,2,2,1,640,1,0,0,
clock-show,,heldout,7-8,1.0,answer_only,randnorm,0,2,1,640,1,0,0,
clock-show,,heldout,7-8,1.0,answer_only,randnorm,1,2,1,640,1,0,0,
clock-show,,heldout,7-8,1.0,answer_only,randnorm,2,2,1,640,1,0,0,
clock-show,,heldout,7-8,2.0,all_no_bos,lens,-1,2,1,640,1,0,0,
clock-show,,heldout,7-8,2.0,all_no_bos,randdir,0,3,1,640,1,0,0,
clock-show,,heldout,7-8,2.0,all_no_bos,randdir,1,2,1,640,1,0,0,
clock-show,,heldout,7-8,2.0,all_no_bos,randdir,2,2,1,640,1,0,0,
clock-show,,heldout,7-8,2.0,all_no_bos,randnorm,0,3,1,640,1,0,0,
clock-show,,heldout,7-8,2.0,all_no_bos,randnorm,1,2,1,640,1,0,0,
clock-show,,heldout,7-8,2.0,all_no_bos,randnorm,2,2,1,640,1,0,0,
clock-show,,heldout,7-8,2.0,from_mention,lens,-1,2,1,640,1,0,0,
clock-show,,heldout,7-8,2.0,from_mention,randdir,0,3,1,640,1,0,0,
clock-show,,heldout,7-8,2.0,from_mention,randdir,1,2,1,640,1,0,0,
clock-show,,heldout,7-8,2.0,from_mention,randdir,2,2,1,640,1,0,0,
clock-show,,heldout,7-8,2.0,from_mention,randnorm,0,3,1,640,1,0,0,
clock-show,,heldout,7-8,2.0,from_mention,randnorm,1,2,1,640,1,0,0,
clock-show,,heldout,7-8,2.0,from_mention,randnorm,2,2,1,640,1,0,0,
clock-show,,heldout,7-8,2.0,answer_only,lens,-1,2,1,640,1,0,0,
clock-show,,heldout,7-8,2.0,answer_only,randdir,0,2,1,640,1,0,0,
clock-show,,heldout,7-8,2.0,answer_only,randdir,1,2,1,640,1,0,0,
clock-show,,heldout,7-8,2.0,answer_only,randdir,2,2,1,640,1,0,0,
clock-show,,heldout,7-8,2.0,answer_only,randnorm,0,2,1,640,1,0,0,
clock-show,,heldout,7-8,2.0,answer_only,randnorm,1,2,1,640,1,0,0,
clock-show,,heldout,7-8,2.0,answer_only,randnorm,2,2,1,640,1,0,0,
clock-show,,heldout,8-9,0.5,all_no_bos,lens,-1,2,1,640,1,0,0,
clock-show,,heldout,8-9,0.5,all_no_bos,randdir,0,2,1,640,1,0,0,
clock-show,,heldout,8-9,0.5,all_no_bos,randdir,1,2,1,640,1,0,0,
clock-show,,heldout,8-9,0.5,all_no_bos,randdir,2,2,1,640,1,0,0,
clock-show,,heldout,8-9,0.5,all_no_bos,randnorm,0,2,1,640,1,0,0,
clock-show,,heldout,8-9,0.5,all_no_bos,randnorm,1,2,1,640,1,0,0,
clock-show,,heldout,8-9,0.5,all_no_bos,randnorm,2,2,1,640,1,0,0,
clock-show,,heldout,8-9,0.5,from_mention,lens,-1,2,1,640,1,0,0,
clock-show,,heldout,8-9,0.5,from_mention,randdir,0,2,1,640,1,0,0,
clock-show,,heldout,8-9,0.5,from_mention,randdir,1,2,1,640,1,0,0,
clock-show,,heldout,8-9,0.5,from_mention,randdir,2,2,1,640,1,0,0,
clock-show,,heldout,8-9,0.5,from_mention,randnorm,0,2,1,640,1,0,0,
clock-show,,heldout,8-9,0.5,from_mention,randnorm,1,2,1,640,1,0,0,
clock-show,,heldout,8-9,0.5,from_mention,randnorm,2,2,1,640,1,0,0,
clock-show,,heldout,8-9,0.5,answer_only,lens,-1,2,1,640,1,0,0,
clock-show,,heldout,8-9,0.5,answer_only,randdir,0,2,1,640,1,0,0,
clock-show,,heldout,8-9,0.5,answer_only,randdir,1,2,1,640,1,0,0,
clock-show,,heldout,8-9,0.5,answer_only,randdir,2,2,1,640,1,0,0,
clock-show,,heldout,8-9,0.5,answer_only,randnorm,0,2,1,640,1,0,0,
clock-show,,heldout,8-9,0.5,answer_only,randnorm,1,2,1,640,1,0,0,
clock-show,,heldout,8-9,0.5,answer_only,randnorm,2,2,1,640,1,0,0,
clock-show,,heldout,8-9,1.0,all_no_bos,lens,-1,2,1,640,1,0,0,
clock-show,,heldout,8-9,1.0,all_no_bos,randdir,0,2,1,640,1,0,0,
clock-show,,heldout,8-9,1.0,all_no_bos,randdir,1,2,1,640,1,0,0,
clock-show,,heldout,8-9,1.0,all_no_bos,randdir,2,2,1,640,1,0,0,
clock-show,,heldout,8-9,1.0,all_no_bos,randnorm,0,2,1,640,1,0,0,
clock-show,,heldout,8-9,1.0,all_no_bos,randnorm,1,2,1,640,1,0,0,
clock-show,,heldout,8-9,1.0,all_no_bos,randnorm,2,2,1,640,1,0,0,
clock-show,,heldout,8-9,1.0,from_mention,lens,-1,2,1,640,1,0,0,
clock-show,,heldout,8-9,1.0,from_mention,randdir,0,2,1,640,1,0,0,
clock-show,,heldout,8-9,1.0,from_mention,randdir,1,2,1,640,1,0,0,
clock-show,,heldout,8-9,1.0,from_mention,randdir,2,2,1,640,1,0,0,
clock-show,,heldout,8-9,1.0,from_mention,randnorm,0,2,1,640,1,0,0,
clock-show,,heldout,8-9,1.0,from_mention,randnorm,1,2,1,640,1,0,0,
clock-show,,heldout,8-9,1.0,from_mention,randnorm,2,2,1,640,1,0,0,
clock-show,,heldout,8-9,1.0,answer_only,lens,-1,2,1,640,1,0,0,
clock-show,,heldout,8-9,1.0,answer_only,randdir,0,2,1,640,1,0,0,
clock-show,,heldout,8-9,1.0,answer_only,randdir,1,2,1,640,1,0,0,
clock-show,,heldout,8-9,1.0,answer_only,randdir,2,2,1,640,1,0,0,
clock-show,,heldout,8-9,1.0,answer_only,randnorm,0,2,1,640,1,0,0,
clock-show,,heldout,8-9,1.0,answer_only,randnorm,1,2,1,640,1,0,0,
clock-show,,heldout,8-9,1.0,answer_only,randnorm,2,2,1,640,1,0,0,
clock-show,,heldout,8-9,2.0,all_no_bos,lens,-1,3,1,640,1,0,0,
clock-show,,heldout,8-9,2.0,all_no_bos,randdir,0,2,1,640,1,0,0,
clock-show,,heldout,8-9,2.0,all_no_bos,randdir,1,2,1,640,1,0,0,
clock-show,,heldout,8-9,2.0,all_no_bos,randdir,2,2,1,640,1,0,0,
clock-show,,heldout,8-9,2.0,all_no_bos,randnorm,0,3,1,640,1,0,0,
clock-show,,heldout,8-9,2.0,all_no_bos,randnorm,1,2,1,640,1,0,0,
clock-show,,heldout,8-9,2.0,all_no_bos,randnorm,2,2,1,640,1,0,0,
clock-show,,heldout,8-9,2.0,from_mention,lens,-1,3,1,640,1,0,0,
clock-show,,heldout,8-9,2.0,from_mention,randdir,0,2,1,640,1,0,0,
clock-show,,heldout,8-9,2.0,from_mention,randdir,1,2,1,640,1,0,0,
clock-show,,heldout,8-9,2.0,from_mention,randdir,2,2,1,640,1,0,0,
clock-show,,heldout,8-9,2.0,from_mention,randnorm,0,3,1,640,1,0,0,
clock-show,,heldout,8-9,2.0,from_mention,randnorm,1,2,1,640,1,0,0,
clock-show,,heldout,8-9,2.0,from_mention,randnorm,2,2,1,640,1,0,0,
clock-show,,heldout,8-9,2.0,answer_only,lens,-1,2,1,640,1,0,0,
clock-show,,heldout,8-9,2.0,answer_only,randdir,0,2,1,640,1,0,0,
clock-show,,heldout,8-9,2.0,answer_only,randdir,1,2,1,640,1,0,0,
clock-show,,heldout,8-9,2.0,answer_only,randdir,2,2,1,640,1,0,0,
clock-show,,heldout,8-9,2.0,answer_only,randnorm,0,2,1,640,1,0,0,
clock-show,,heldout,8-9,2.0,answer_only,randnorm,1,2,1,640,1,0,0,
clock-show,,heldout,8-9,2.0,answer_only,randnorm,2,2,1,640,1,0,0,
clock-show,,heldout,6-7-8,0.5,all_no_bos,lens,-1,2,1,640,1,0,0,
clock-show,,heldout,6-7-8,0.5,all_no_bos,randdir,0,2,1,640,1,0,0,
clock-show,,heldout,6-7-8,0.5,all_no_bos,randdir,1,2,1,640,1,0,0,
clock-show,,heldout,6-7-8,0.5,all_no_bos,randdir,2,2,1,640,1,0,0,
clock-show,,heldout,6-7-8,0.5,all_no_bos,randnorm,0,2,1,640,1,0,0,
clock-show,,heldout,6-7-8,0.5,all_no_bos,randnorm,1,2,1,640,1,0,0,
clock-show,,heldout,6-7-8,0.5,all_no_bos,randnorm,2,2,1,640,1,0,0,
clock-show,,heldout,6-7-8,0.5,from_mention,lens,-1,2,1,640,1,0,0,
clock-show,,heldout,6-7-8,0.5,from_mention,randdir,0,2,1,640,1,0,0,
clock-show,,heldout,6-7-8,0.5,from_mention,randdir,1,2,1,640,1,0,0,
clock-show,,heldout,6-7-8,0.5,from_mention,randdir,2,2,1,640,1,0,0,
clock-show,,heldout,6-7-8,0.5,from_mention,randnorm,0,2,1,640,1,0,0,
clock-show,,heldout,6-7-8,0.5,from_mention,randnorm,1,2,1,640,1,0,0,
clock-show,,heldout,6-7-8,0.5,from_mention,randnorm,2,2,1,640,1,0,0,
clock-show,,heldout,6-7-8,0.5,answer_only,lens,-1,2,1,640,1,0,0,
clock-show,,heldout,6-7-8,0.5,answer_only,randdir,0,2,1,640,1,0,0,
clock-show,,heldout,6-7-8,0.5,answer_only,randdir,1,2,1,640,1,0,0,
clock-show,,heldout,6-7-8,0.5,answer_only,randdir,2,2,1,640,1,0,0,
clock-show,,heldout,6-7-8,0.5,answer_only,randnorm,0,2,1,640,1,0,0,
clock-show,,heldout,6-7-8,0.5,answer_only,randnorm,1,2,1,640,1,0,0,
clock-show,,heldout,6-7-8,0.5,answer_only,randnorm,2,2,1,640,1,0,0,
clock-show,,heldout,6-7-8,1.0,all_no_bos,lens,-1,2,1,640,1,0,0,
clock-show,,heldout,6-7-8,1.0,all_no_bos,randdir,0,4,1,640,1,0,0,
clock-show,,heldout,6-7-8,1.0,all_no_bos,randdir,1,2,1,640,1,0,0,
clock-show,,heldout,6-7-8,1.0,all_no_bos,randdir,2,2,1,640,1,0,0,
clock-show,,heldout,6-7-8,1.0,all_no_bos,randnorm,0,3,1,640,1,0,0,
clock-show,,heldout,6-7-8,1.0,all_no_bos,randnorm,1,2,1,640,1,0,0,
clock-show,,heldout,6-7-8,1.0,all_no_bos,randnorm,2,2,1,640,1,0,0,
clock-show,,heldout,6-7-8,1.0,from_mention,lens,-1,2,1,640,1,0,0,
clock-show,,heldout,6-7-8,1.0,from_mention,randdir,0,4,1,640,1,0,0,
clock-show,,heldout,6-7-8,1.0,from_mention,randdir,1,2,1,640,1,0,0,
clock-show,,heldout,6-7-8,1.0,from_mention,randdir,2,2,1,640,1,0,0,
clock-show,,heldout,6-7-8,1.0,from_mention,randnorm,0,3,1,640,1,0,0,
clock-show,,heldout,6-7-8,1.0,from_mention,randnorm,1,2,1,640,1,0,0,
clock-show,,heldout,6-7-8,1.0,from_mention,randnorm,2,2,1,640,1,0,0,
clock-show,,heldout,6-7-8,1.0,answer_only,lens,-1,2,1,640,1,0,0,
clock-show,,heldout,6-7-8,1.0,answer_only,randdir,0,2,1,640,1,0,0,
clock-show,,heldout,6-7-8,1.0,answer_only,randdir,1,2,1,640,1,0,0,
clock-show,,heldout,6-7-8,1.0,answer_only,randdir,2,2,1,640,1,0,0,
clock-show,,heldout,6-7-8,1.0,answer_only,randnorm,0,2,1,640,1,0,0,
clock-show,,heldout,6-7-8,1.0,answer_only,randnorm,1,2,1,640,1,0,0,
clock-show,,heldout,6-7-8,1.0,answer_only,randnorm,2,2,1,640,1,0,0,
clock-show,,heldout,6-7-8,2.0,all_no_bos,lens,-1,3,1,640,1,0,0,
clock-show,,heldout,6-7-8,2.0,all_no_bos,randdir,0,4,1,640,1,0,0,
clock-show,,heldout,6-7-8,2.0,all_no_bos,randdir,1,2,1,640,1,0,0,
clock-show,,heldout,6-7-8,2.0,all_no_bos,randdir,2,2,1,640,1,0,0,
clock-show,,heldout,6-7-8,2.0,all_no_bos,randnorm,0,4,1,640,1,0,0,
clock-show,,heldout,6-7-8,2.0,all_no_bos,randnorm,1,2,1,640,1,0,0,
clock-show,,heldout,6-7-8,2.0,all_no_bos,randnorm,2,2,1,640,1,0,0,
clock-show,,heldout,6-7-8,2.0,from_mention,lens,-1,3,1,640,1,0,0,
clock-show,,heldout,6-7-8,2.0,from_mention,randdir,0,4,1,640,1,0,0,
clock-show,,heldout,6-7-8,2.0,from_mention,randdir,1,2,1,640,1,0,0,
clock-show,,heldout,6-7-8,2.0,from_mention,randdir,2,2,1,640,1,0,0,
clock-show,,heldout,6-7-8,2.0,from_mention,randnorm,0,4,1,640,1,0,0,
clock-show,,heldout,6-7-8,2.0,from_mention,randnorm,1,2,1,640,1,0,0,
clock-show,,heldout,6-7-8,2.0,from_mention,randnorm,2,2,1,640,1,0,0,
clock-show,,heldout,6-7-8,2.0,answer_only,lens,-1,4,1,640,1,0,0,
clock-show,,heldout,6-7-8,2.0,answer_only,randdir,0,2,1,640,1,0,0,
clock-show,,heldout,6-7-8,2.0,answer_only,randdir,1,2,1,640,1,0,0,
clock-show,,heldout,6-7-8,2.0,answer_only,randdir,2,2,1,640,1,0,0,
clock-show,,heldout,6-7-8,2.0,answer_only,randnorm,0,2,1,640,1,0,0,
clock-show,,heldout,6-7-8,2.0,answer_only,randnorm,1,2,1,640,1,0,0,
clock-show,,heldout,6-7-8,2.0,answer_only,randnorm,2,2,1,640,1,0,0,
clock-show,,heldout,7-8-9,0.5,all_no_bos,lens,-1,2,1,640,1,0,0,
clock-show,,heldout,7-8-9,0.5,all_no_bos,randdir,0,2,1,640,1,0,0,
clock-show,,heldout,7-8-9,0.5,all_no_bos,randdir,1,2,1,640,1,0,0,
clock-show,,heldout,7-8-9,0.5,all_no_bos,randdir,2,2,1,640,1,0,0,
clock-show,,heldout,7-8-9,0.5,all_no_bos,randnorm,0,2,1,640,1,0,0,
clock-show,,heldout,7-8-9,0.5,all_no_bos,randnorm,1,2,1,640,1,0,0,
clock-show,,heldout,7-8-9,0.5,all_no_bos,randnorm,2,2,1,640,1,0,0,
clock-show,,heldout,7-8-9,0.5,from_mention,lens,-1,2,1,640,1,0,0,
clock-show,,heldout,7-8-9,0.5,from_mention,randdir,0,2,1,640,1,0,0,
clock-show,,heldout,7-8-9,0.5,from_mention,randdir,1,2,1,640,1,0,0,
clock-show,,heldout,7-8-9,0.5,from_mention,randdir,2,2,1,640,1,0,0,
clock-show,,heldout,7-8-9,0.5,from_mention,randnorm,0,2,1,640,1,0,0,
clock-show,,heldout,7-8-9,0.5,from_mention,randnorm,1,2,1,640,1,0,0,
clock-show,,heldout,7-8-9,0.5,from_mention,randnorm,2,2,1,640,1,0,0,
clock-show,,heldout,7-8-9,0.5,answer_only,lens,-1,2,1,640,1,0,0,
clock-show,,heldout,7-8-9,0.5,answer_only,randdir,0,2,1,640,1,0,0,
clock-show,,heldout,7-8-9,0.5,answer_only,randdir,1,2,1,640,1,0,0,
clock-show,,heldout,7-8-9,0.5,answer_only,randdir,2,2,1,640,1,0,0,
clock-show,,heldout,7-8-9,0.5,answer_only,randnorm,0,2,1,640,1,0,0,
clock-show,,heldout,7-8-9,0.5,answer_only,randnorm,1,2,1,640,1,0,0,
clock-show,,heldout,7-8-9,0.5,answer_only,randnorm,2,2,1,640,1,0,0,
clock-show,,heldout,7-8-9,1.0,all_no_bos,lens,-1,2,1,640,1,0,0,
clock-show,,heldout,7-8-9,1.0,all_no_bos,randdir,0,2,1,640,1,0,0,
clock-show,,heldout,7-8-9,1.0,all_no_bos,randdir,1,2,1,640,1,0,0,
clock-show,,heldout,7-8-9,1.0,all_no_bos,randdir,2,2,1,640,1,0,0,
clock-show,,heldout,7-8-9,1.0,all_no_bos,randnorm,0,3,1,640,1,0,0,
clock-show,,heldout,7-8-9,1.0,all_no_bos,randnorm,1,2,1,640,1,0,0,
clock-show,,heldout,7-8-9,1.0,all_no_bos,randnorm,2,2,1,640,1,0,0,
clock-show,,heldout,7-8-9,1.0,from_mention,lens,-1,2,1,640,1,0,0,
clock-show,,heldout,7-8-9,1.0,from_mention,randdir,0,2,1,640,1,0,0,
clock-show,,heldout,7-8-9,1.0,from_mention,randdir,1,2,1,640,1,0,0,
clock-show,,heldout,7-8-9,1.0,from_mention,randdir,2,2,1,640,1,0,0,
clock-show,,heldout,7-8-9,1.0,from_mention,randnorm,0,3,1,640,1,0,0,
clock-show,,heldout,7-8-9,1.0,from_mention,randnorm,1,2,1,640,1,0,0,
clock-show,,heldout,7-8-9,1.0,from_mention,randnorm,2,2,1,640,1,0,0,
clock-show,,heldout,7-8-9,1.0,answer_only,lens,-1,2,1,640,1,0,0,
clock-show,,heldout,7-8-9,1.0,answer_only,randdir,0,2,1,640,1,0,0,
clock-show,,heldout,7-8-9,1.0,answer_only,randdir,1,2,1,640,1,0,0,
clock-show,,heldout,7-8-9,1.0,answer_only,randdir,2,2,1,640,1,0,0,
clock-show,,heldout,7-8-9,1.0,answer_only,randnorm,0,2,1,640,1,0,0,
clock-show,,heldout,7-8-9,1.0,answer_only,randnorm,1,2,1,640,1,0,0,
clock-show,,heldout,7-8-9,1.0,answer_only,randnorm,2,2,1,640,1,0,0,
clock-show,,heldout,7-8-9,2.0,all_no_bos,lens,-1,3,1,640,1,0,0,
clock-show,,heldout,7-8-9,2.0,all_no_bos,randdir,0,2,1,640,1,0,0,
clock-show,,heldout,7-8-9,2.0,all_no_bos,randdir,1,2,1,640,1,0,0,
clock-show,,heldout,7-8-9,2.0,all_no_bos,randdir,2,2,1,640,1,0,0,
clock-show,,heldout,7-8-9,2.0,all_no_bos,randnorm,0,3,1,640,1,0,0,
clock-show,,heldout,7-8-9,2.0,all_no_bos,randnorm,1,2,1,640,1,0,0,
clock-show,,heldout,7-8-9,2.0,all_no_bos,randnorm,2,2,1,640,1,0,0,
clock-show,,heldout,7-8-9,2.0,from_mention,lens,-1,3,1,640,1,0,0,
clock-show,,heldout,7-8-9,2.0,from_mention,randdir,0,2,1,640,1,0,0,
clock-show,,heldout,7-8-9,2.0,from_mention,randdir,1,2,1,640,1,0,0,
clock-show,,heldout,7-8-9,2.0,from_mention,randdir,2,2,1,640,1,0,0,
clock-show,,heldout,7-8-9,2.0,from_mention,randnorm,0,3,1,640,1,0,0,
clock-show,,heldout,7-8-9,2.0,from_mention,randnorm,1,2,1,640,1,0,0,
clock-show,,heldout,7-8-9,2.0,from_mention,randnorm,2,2,1,640,1,0,0,
clock-show,,heldout,7-8-9,2.0,answer_only,lens,-1,2,1,640,1,0,0,
clock-show,,heldout,7-8-9,2.0,answer_only,randdir,0,2,1,640,1,0,0,
clock-show,,heldout,7-8-9,2.0,answer_only,randdir,1,2,1,640,1,0,0,
clock-show,,heldout,7-8-9,2.0,answer_only,randdir,2,2,1,640,1,0,0,
clock-show,,heldout,7-8-9,2.0,answer_only,randnorm,0,2,1,640,1,0,0,
clock-show,,heldout,7-8-9,2.0,answer_only,randnorm,1,2,1,640,1,0,0,
clock-show,,heldout,7-8-9,2.0,answer_only,randnorm,2,2,1,640,1,0,0,
cow-product,,tuning,3,0.5,all_no_bos,lens,-1,2,1,7545,1,0,0,
cow-product,,tuning,3,0.5,all_no_bos,randdir,0,2,1,7545,1,0,0,
cow-product,,tuning,3,0.5,all_no_bos,randdir,1,2,1,7545,1,0,0,
cow-product,,tuning,3,0.5,all_no_bos,randdir,2,2,1,7545,1,0,0,
cow-product,,tuning,3,0.5,all_no_bos,randnorm,0,2,1,7545,1,0,0,
cow-product,,tuning,3,0.5,all_no_bos,randnorm,1,2,1,7545,1,0,0,
cow-product,,tuning,3,0.5,all_no_bos,randnorm,2,2,1,7545,1,0,0,
cow-product,,tuning,3,0.5,from_mention,lens,-1,2,1,7545,1,0,0,
cow-product,,tuning,3,0.5,from_mention,randdir,0,2,1,7545,1,0,0,
cow-product,,tuning,3,0.5,from_mention,randdir,1,2,1,7545,1,0,0,
cow-product,,tuning,3,0.5,from_mention,randdir,2,2,1,7545,1,0,0,
cow-product,,tuning,3,0.5,from_mention,randnorm,0,2,1,7545,1,0,0,
cow-product,,tuning,3,0.5,from_mention,randnorm,1,2,1,7545,1,0,0,
cow-product,,tuning,3,0.5,from_mention,randnorm,2,2,1,7545,1,0,0,
cow-product,,tuning,3,0.5,answer_only,lens,-1,2,1,7545,1,0,0,
cow-product,,tuning,3,0.5,answer_only,randdir,0,2,1,7545,1,0,0,
cow-product,,tuning,3,0.5,answer_only,randdir,1,2,1,7545,1,0,0,
cow-product,,tuning,3,0.5,answer_only,randdir,2,2,1,7545,1,0,0,
cow-product,,tuning,3,0.5,answer_only,randnorm,0,2,1,7545,1,0,0,
cow-product,,tuning,3,0.5,answer_only,randnorm,1,2,1,7545,1,0,0,
cow-product,,tuning,3,0.5,answer_only,randnorm,2,2,1,7545,1,0,0,
cow-product,,tuning,3,1.0,all_no_bos,lens,-1,2,1,7545,1,0,0,
cow-product,,tuning,3,1.0,all_no_bos,randdir,0,2,1,7545,1,0,0,
cow-product,,tuning,3,1.0,all_no_bos,randdir,1,2,1,7545,1,0,0,
cow-product,,tuning,3,1.0,all_no_bos,randdir,2,2,1,7545,1,0,0,
cow-product,,tuning,3,1.0,all_no_bos,randnorm,0,2,1,7545,1,0,0,
cow-product,,tuning,3,1.0,all_no_bos,randnorm,1,2,1,7545,1,0,0,
cow-product,,tuning,3,1.0,all_no_bos,randnorm,2,2,1,7545,1,0,0,
cow-product,,tuning,3,1.0,from_mention,lens,-1,2,1,7545,1,0,0,
cow-product,,tuning,3,1.0,from_mention,randdir,0,2,1,7545,1,0,0,
cow-product,,tuning,3,1.0,from_mention,randdir,1,2,1,7545,1,0,0,
cow-product,,tuning,3,1.0,from_mention,randdir,2,2,1,7545,1,0,0,
cow-product,,tuning,3,1.0,from_mention,randnorm,0,2,1,7545,1,0,0,
cow-product,,tuning,3,1.0,from_mention,randnorm,1,2,1,7545,1,0,0,
cow-product,,tuning,3,1.0,from_mention,randnorm,2,2,1,7545,1,0,0,
cow-product,,tuning,3,1.0,answer_only,lens,-1,2,1,7545,1,0,0,
cow-product,,tuning,3,1.0,answer_only,randdir,0,2,1,7545,1,0,0,
cow-product,,tuning,3,1.0,answer_only,randdir,1,2,1,7545,1,0,0,
cow-product,,tuning,3,1.0,answer_only,randdir,2,2,1,7545,1,0,0,
cow-product,,tuning,3,1.0,answer_only,randnorm,0,2,1,7545,1,0,0,
cow-product,,tuning,3,1.0,answer_only,randnorm,1,2,1,7545,1,0,0,
cow-product,,tuning,3,1.0,answer_only,randnorm,2,2,1,7545,1,0,0,
cow-product,,tuning,3,2.0,all_no_bos,lens,-1,1,3,9653,1,1,1,
cow-product,,tuning,3,2.0,all_no_bos,randdir,0,2,1,7545,1,0,0,
cow-product,,tuning,3,2.0,all_no_bos,randdir,1,2,1,7545,1,0,0,
cow-product,,tuning,3,2.0,all_no_bos,randdir,2,2,1,7545,1,0,0,
cow-product,,tuning,3,2.0,all_no_bos,randnorm,0,2,1,7545,1,0,0,
cow-product,,tuning,3,2.0,all_no_bos,randnorm,1,2,1,7545,1,0,0,
cow-product,,tuning,3,2.0,all_no_bos,randnorm,2,3,1,7545,1,0,0,
cow-product,,tuning,3,2.0,from_mention,lens,-1,1,3,9653,1,1,1,
cow-product,,tuning,3,2.0,from_mention,randdir,0,2,1,7545,1,0,0,
cow-product,,tuning,3,2.0,from_mention,randdir,1,2,1,7545,1,0,0,
cow-product,,tuning,3,2.0,from_mention,randdir,2,2,1,7545,1,0,0,
cow-product,,tuning,3,2.0,from_mention,randnorm,0,2,1,7545,1,0,0,
cow-product,,tuning,3,2.0,from_mention,randnorm,1,2,1,7545,1,0,0,
cow-product,,tuning,3,2.0,from_mention,randnorm,2,3,1,7545,1,0,0,
cow-product,,tuning,3,2.0,answer_only,lens,-1,2,1,7545,1,0,0,
cow-product,,tuning,3,2.0,answer_only,randdir,0,2,1,7545,1,0,0,
cow-product,,tuning,3,2.0,answer_only,randdir,1,2,1,7545,1,0,0,
cow-product,,tuning,3,2.0,answer_only,randdir,2,2,1,7545,1,0,0,
cow-product,,tuning,3,2.0,answer_only,randnorm,0,2,1,7545,1,0,0,
cow-product,,tuning,3,2.0,answer_only,randnorm,1,2,1,7545,1,0,0,
cow-product,,tuning,3,2.0,answer_only,randnorm,2,2,1,7545,1,0,0,
cow-product,,tuning,4,0.5,all_no_bos,lens,-1,2,1,7545,1,0,0,
cow-product,,tuning,4,0.5,all_no_bos,randdir,0,2,1,7545,1,0,0,
cow-product,,tuning,4,0.5,all_no_bos,randdir,1,2,1,7545,1,0,0,
cow-product,,tuning,4,0.5,all_no_bos,randdir,2,2,1,7545,1,0,0,
cow-product,,tuning,4,0.5,all_no_bos,randnorm,0,2,1,7545,1,0,0,
cow-product,,tuning,4,0.5,all_no_bos,randnorm,1,3,1,7545,1,0,0,
cow-product,,tuning,4,0.5,all_no_bos,randnorm,2,3,1,7545,1,0,0,
cow-product,,tuning,4,0.5,from_mention,lens,-1,2,1,7545,1,0,0,
cow-product,,tuning,4,0.5,from_mention,randdir,0,2,1,7545,1,0,0,
cow-product,,tuning,4,0.5,from_mention,randdir,1,2,1,7545,1,0,0,
cow-product,,tuning,4,0.5,from_mention,randdir,2,2,1,7545,1,0,0,
cow-product,,tuning,4,0.5,from_mention,randnorm,0,2,1,7545,1,0,0,
cow-product,,tuning,4,0.5,from_mention,randnorm,1,3,1,7545,1,0,0,
cow-product,,tuning,4,0.5,from_mention,randnorm,2,3,1,7545,1,0,0,
cow-product,,tuning,4,0.5,answer_only,lens,-1,2,1,7545,1,0,0,
cow-product,,tuning,4,0.5,answer_only,randdir,0,2,1,7545,1,0,0,
cow-product,,tuning,4,0.5,answer_only,randdir,1,2,1,7545,1,0,0,
cow-product,,tuning,4,0.5,answer_only,randdir,2,2,1,7545,1,0,0,
cow-product,,tuning,4,0.5,answer_only,randnorm,0,2,1,7545,1,0,0,
cow-product,,tuning,4,0.5,answer_only,randnorm,1,2,1,7545,1,0,0,
cow-product,,tuning,4,0.5,answer_only,randnorm,2,2,1,7545,1,0,0,
cow-product,,tuning,4,1.0,all_no_bos,lens,-1,2,1,7545,1,0,0,
cow-product,,tuning,4,1.0,all_no_bos,randdir,0,2,1,7545,1,0,0,
cow-product,,tuning,4,1.0,all_no_bos,randdir,1,2,1,7545,1,0,0,
cow-product,,tuning,4,1.0,all_no_bos,randdir,2,2,1,7545,1,0,0,
cow-product,,tuning,4,1.0,all_no_bos,randnorm,0,2,1,7545,1,0,0,
cow-product,,tuning,4,1.0,all_no_bos,randnorm,1,3,1,7545,1,0,0,
cow-product,,tuning,4,1.0,all_no_bos,randnorm,2,3,1,7545,1,0,0,
cow-product,,tuning,4,1.0,from_mention,lens,-1,2,1,7545,1,0,0,
cow-product,,tuning,4,1.0,from_mention,randdir,0,2,1,7545,1,0,0,
cow-product,,tuning,4,1.0,from_mention,randdir,1,2,1,7545,1,0,0,
cow-product,,tuning,4,1.0,from_mention,randdir,2,2,1,7545,1,0,0,
cow-product,,tuning,4,1.0,from_mention,randnorm,0,2,1,7545,1,0,0,
cow-product,,tuning,4,1.0,from_mention,randnorm,1,3,1,7545,1,0,0,
cow-product,,tuning,4,1.0,from_mention,randnorm,2,3,1,7545,1,0,0,
cow-product,,tuning,4,1.0,answer_only,lens,-1,2,1,7545,1,0,0,
cow-product,,tuning,4,1.0,answer_only,randdir,0,2,1,7545,1,0,0,
cow-product,,tuning,4,1.0,answer_only,randdir,1,2,1,7545,1,0,0,
cow-product,,tuning,4,1.0,answer_only,randdir,2,2,1,7545,1,0,0,
cow-product,,tuning,4,1.0,answer_only,randnorm,0,2,1,7545,1,0,0,
cow-product,,tuning,4,1.0,answer_only,randnorm,1,2,1,7545,1,0,0,
cow-product,,tuning,4,1.0,answer_only,randnorm,2,2,1,7545,1,0,0,
cow-product,,tuning,4,2.0,all_no_bos,lens,-1,1,2,9653,1,1,1,
cow-product,,tuning,4,2.0,all_no_bos,randdir,0,2,1,7545,1,0,0,
cow-product,,tuning,4,2.0,all_no_bos,randdir,1,3,1,7545,1,0,0,
cow-product,,tuning,4,2.0,all_no_bos,randdir,2,3,1,7545,1,0,0,
cow-product,,tuning,4,2.0,all_no_bos,randnorm,0,3,1,7545,1,0,0,
cow-product,,tuning,4,2.0,all_no_bos,randnorm,1,4,1,7545,1,0,0,
cow-product,,tuning,4,2.0,all_no_bos,randnorm,2,5,1,7545,1,0,0,
cow-product,,tuning,4,2.0,from_mention,lens,-1,1,2,9653,1,1,1,
cow-product,,tuning,4,2.0,from_mention,randdir,0,2,1,7545,1,0,0,
cow-product,,tuning,4,2.0,from_mention,randdir,1,3,1,7545,1,0,0,
cow-product,,tuning,4,2.0,from_mention,randdir,2,3,1,7545,1,0,0,
cow-product,,tuning,4,2.0,from_mention,randnorm,0,3,1,7545,1,0,0,
cow-product,,tuning,4,2.0,from_mention,randnorm,1,4,1,7545,1,0,0,
cow-product,,tuning,4,2.0,from_mention,randnorm,2,5,1,7545,1,0,0,
cow-product,,tuning,4,2.0,answer_only,lens,-1,2,1,7545,1,0,0,
cow-product,,tuning,4,2.0,answer_only,randdir,0,2,1,7545,1,0,0,
cow-product,,tuning,4,2.0,answer_only,randdir,1,2,1,7545,1,0,0,
cow-product,,tuning,4,2.0,answer_only,randdir,2,2,1,7545,1,0,0,
cow-product,,tuning,4,2.0,answer_only,randnorm,0,2,1,7545,1,0,0,
cow-product,,tuning,4,2.0,answer_only,randnorm,1,2,1,7545,1,0,0,
cow-product,,tuning,4,2.0,answer_only,randnorm,2,2,1,7545,1,0,0,
cow-product,,tuning,5,0.5,all_no_bos,lens,-1,2,1,7545,1,0,0,
cow-product,,tuning,5,0.5,all_no_bos,randdir,0,2,1,7545,1,0,0,
cow-product,,tuning,5,0.5,all_no_bos,randdir,1,2,1,7545,1,0,0,
cow-product,,tuning,5,0.5,all_no_bos,randdir,2,2,1,7545,1,0,0,
cow-product,,tuning,5,0.5,all_no_bos,randnorm,0,2,1,7545,1,0,0,
cow-product,,tuning,5,0.5,all_no_bos,randnorm,1,3,1,7545,1,0,0,
cow-product,,tuning,5,0.5,all_no_bos,randnorm,2,2,1,7545,1,0,0,
cow-product,,tuning,5,0.5,from_mention,lens,-1,2,1,7545,1,0,0,
cow-product,,tuning,5,0.5,from_mention,randdir,0,2,1,7545,1,0,0,
cow-product,,tuning,5,0.5,from_mention,randdir,1,2,1,7545,1,0,0,
cow-product,,tuning,5,0.5,from_mention,randdir,2,2,1,7545,1,0,0,
cow-product,,tuning,5,0.5,from_mention,randnorm,0,2,1,7545,1,0,0,
cow-product,,tuning,5,0.5,from_mention,randnorm,1,3,1,7545,1,0,0,
cow-product,,tuning,5,0.5,from_mention,randnorm,2,2,1,7545,1,0,0,
cow-product,,tuning,5,0.5,answer_only,lens,-1,2,1,7545,1,0,0,
cow-product,,tuning,5,0.5,answer_only,randdir,0,2,1,7545,1,0,0,
cow-product,,tuning,5,0.5,answer_only,randdir,1,2,1,7545,1,0,0,
cow-product,,tuning,5,0.5,answer_only,randdir,2,2,1,7545,1,0,0,
cow-product,,tuning,5,0.5,answer_only,randnorm,0,2,1,7545,1,0,0,
cow-product,,tuning,5,0.5,answer_only,randnorm,1,2,1,7545,1,0,0,
cow-product,,tuning,5,0.5,answer_only,randnorm,2,2,1,7545,1,0,0,
cow-product,,tuning,5,1.0,all_no_bos,lens,-1,1,2,9653,1,1,1,
cow-product,,tuning,5,1.0,all_no_bos,randdir,0,2,1,7545,1,0,0,
cow-product,,tuning,5,1.0,all_no_bos,randdir,1,3,1,7545,1,0,0,
cow-product,,tuning,5,1.0,all_no_bos,randdir,2,2,1,7545,1,0,0,
cow-product,,tuning,5,1.0,all_no_bos,randnorm,0,2,1,7545,1,0,0,
cow-product,,tuning,5,1.0,all_no_bos,randnorm,1,3,1,7545,1,0,0,
cow-product,,tuning,5,1.0,all_no_bos,randnorm,2,2,1,7545,1,0,0,
cow-product,,tuning,5,1.0,from_mention,lens,-1,1,2,9653,1,1,1,
cow-product,,tuning,5,1.0,from_mention,randdir,0,2,1,7545,1,0,0,
cow-product,,tuning,5,1.0,from_mention,randdir,1,3,1,7545,1,0,0,
cow-product,,tuning,5,1.0,from_mention,randdir,2,2,1,7545,1,0,0,
cow-product,,tuning,5,1.0,from_mention,randnorm,0,2,1,7545,1,0,0,
cow-product,,tuning,5,1.0,from_mention,randnorm,1,3,1,7545,1,0,0,
cow-product,,tuning,5,1.0,from_mention,randnorm,2,2,1,7545,1,0,0,
cow-product,,tuning,5,1.0,answer_only,lens,-1,2,1,7545,1,0,0,
cow-product,,tuning,5,1.0,answer_only,randdir,0,2,1,7545,1,0,0,
cow-product,,tuning,5,1.0,answer_only,randdir,1,2,1,7545,1,0,0,
cow-product,,tuning,5,1.0,answer_only,randdir,2,2,1,7545,1,0,0,
cow-product,,tuning,5,1.0,answer_only,randnorm,0,2,1,7545,1,0,0,
cow-product,,tuning,5,1.0,answer_only,randnorm,1,3,1,7545,1,0,0,
cow-product,,tuning,5,1.0,answer_only,randnorm,2,2,1,7545,1,0,0,
cow-product,,tuning,5,2.0,all_no_bos,lens,-1,1,7,9653,1,1,1,
cow-product,,tuning,5,2.0,all_no_bos,randdir,0,2,1,7545,1,0,0,
cow-product,,tuning,5,2.0,all_no_bos,randdir,1,3,1,7545,1,0,0,
cow-product,,tuning,5,2.0,all_no_bos,randdir,2,2,1,7545,1,0,0,
cow-product,,tuning,5,2.0,all_no_bos,randnorm,0,3,1,7545,1,0,0,
cow-product,,tuning,5,2.0,all_no_bos,randnorm,1,4,1,7545,1,0,0,
cow-product,,tuning,5,2.0,all_no_bos,randnorm,2,2,1,7545,1,0,0,
cow-product,,tuning,5,2.0,from_mention,lens,-1,1,7,9653,1,1,1,
cow-product,,tuning,5,2.0,from_mention,randdir,0,2,1,7545,1,0,0,
cow-product,,tuning,5,2.0,from_mention,randdir,1,3,1,7545,1,0,0,
cow-product,,tuning,5,2.0,from_mention,randdir,2,2,1,7545,1,0,0,
cow-product,,tuning,5,2.0,from_mention,randnorm,0,3,1,7545,1,0,0,
cow-product,,tuning,5,2.0,from_mention,randnorm,1,4,1,7545,1,0,0,
cow-product,,tuning,5,2.0,from_mention,randnorm,2,2,1,7545,1,0,0,
cow-product,,tuning,5,2.0,answer_only,lens,-1,2,1,7545,1,0,0,
cow-product,,tuning,5,2.0,answer_only,randdir,0,2,1,7545,1,0,0,
cow-product,,tuning,5,2.0,answer_only,randdir,1,3,1,7545,1,0,0,
cow-product,,tuning,5,2.0,answer_only,randdir,2,2,1,7545,1,0,0,
cow-product,,tuning,5,2.0,answer_only,randnorm,0,2,1,7545,1,0,0,
cow-product,,tuning,5,2.0,answer_only,randnorm,1,3,1,7545,1,0,0,
cow-product,,tuning,5,2.0,answer_only,randnorm,2,2,1,7545,1,0,0,
cow-product,,tuning,6,0.5,all_no_bos,lens,-1,2,1,7545,1,0,0,
cow-product,,tuning,6,0.5,all_no_bos,randdir,0,2,1,7545,1,0,0,
cow-product,,tuning,6,0.5,all_no_bos,randdir,1,2,1,7545,1,0,0,
cow-product,,tuning,6,0.5,all_no_bos,randdir,2,2,1,7545,1,0,0,
cow-product,,tuning,6,0.5,all_no_bos,randnorm,0,2,1,7545,1,0,0,
cow-product,,tuning,6,0.5,all_no_bos,randnorm,1,3,1,7545,1,0,0,
cow-product,,tuning,6,0.5,all_no_bos,randnorm,2,2,1,7545,1,0,0,
cow-product,,tuning,6,0.5,from_mention,lens,-1,2,1,7545,1,0,0,
cow-product,,tuning,6,0.5,from_mention,randdir,0,2,1,7545,1,0,0,
cow-product,,tuning,6,0.5,from_mention,randdir,1,2,1,7545,1,0,0,
cow-product,,tuning,6,0.5,from_mention,randdir,2,2,1,7545,1,0,0,
cow-product,,tuning,6,0.5,from_mention,randnorm,0,2,1,7545,1,0,0,
cow-product,,tuning,6,0.5,from_mention,randnorm,1,3,1,7545,1,0,0,
cow-product,,tuning,6,0.5,from_mention,randnorm,2,2,1,7545,1,0,0,
cow-product,,tuning,6,0.5,answer_only,lens,-1,2,1,7545,1,0,0,
cow-product,,tuning,6,0.5,answer_only,randdir,0,2,1,7545,1,0,0,
cow-product,,tuning,6,0.5,answer_only,randdir,1,2,1,7545,1,0,0,
cow-product,,tuning,6,0.5,answer_only,randdir,2,2,1,7545,1,0,0,
cow-product,,tuning,6,0.5,answer_only,randnorm,0,2,1,7545,1,0,0,
cow-product,,tuning,6,0.5,answer_only,randnorm,1,2,1,7545,1,0,0,
cow-product,,tuning,6,0.5,answer_only,randnorm,2,2,1,7545,1,0,0,
cow-product,,tuning,6,1.0,all_no_bos,lens,-1,1,2,9653,1,1,1,
cow-product,,tuning,6,1.0,all_no_bos,randdir,0,2,1,7545,1,0,0,
cow-product,,tuning,6,1.0,all_no_bos,randdir,1,3,1,7545,1,0,0,
cow-product,,tuning,6,1.0,all_no_bos,randdir,2,2,1,7545,1,0,0,
cow-product,,tuning,6,1.0,all_no_bos,randnorm,0,2,1,7545,1,0,0,
cow-product,,tuning,6,1.0,all_no_bos,randnorm,1,3,1,7545,1,0,0,
cow-product,,tuning,6,1.0,all_no_bos,randnorm,2,2,1,7545,1,0,0,
cow-product,,tuning,6,1.0,from_mention,lens,-1,1,2,9653,1,1,1,
cow-product,,tuning,6,1.0,from_mention,randdir,0,2,1,7545,1,0,0,
cow-product,,tuning,6,1.0,from_mention,randdir,1,3,1,7545,1,0,0,
cow-product,,tuning,6,1.0,from_mention,randdir,2,2,1,7545,1,0,0,
cow-product,,tuning,6,1.0,from_mention,randnorm,0,2,1,7545,1,0,0,
cow-product,,tuning,6,1.0,from_mention,randnorm,1,3,1,7545,1,0,0,
cow-product,,tuning,6,1.0,from_mention,randnorm,2,2,1,7545,1,0,0,
cow-product,,tuning,6,1.0,answer_only,lens,-1,2,1,7545,1,0,0,
cow-product,,tuning,6,1.0,answer_only,randdir,0,2,1,7545,1,0,0,
cow-product,,tuning,6,1.0,answer_only,randdir,1,2,1,7545,1,0,0,
cow-product,,tuning,6,1.0,answer_only,randdir,2,2,1,7545,1,0,0,
cow-product,,tuning,6,1.0,answer_only,randnorm,0,3,1,7545,1,0,0,
cow-product,,tuning,6,1.0,answer_only,randnorm,1,3,1,7545,1,0,0,
cow-product,,tuning,6,1.0,answer_only,randnorm,2,2,1,7545,1,0,0,
cow-product,,tuning,6,2.0,all_no_bos,lens,-1,1,9,9653,1,1,1,
cow-product,,tuning,6,2.0,all_no_bos,randdir,0,2,1,7545,1,0,0,
cow-product,,tuning,6,2.0,all_no_bos,randdir,1,3,1,7545,1,0,0,
cow-product,,tuning,6,2.0,all_no_bos,randdir,2,3,1,7545,1,0,0,
cow-product,,tuning,6,2.0,all_no_bos,randnorm,0,2,1,7545,1,0,0,
cow-product,,tuning,6,2.0,all_no_bos,randnorm,1,3,1,7545,1,0,0,
cow-product,,tuning,6,2.0,all_no_bos,randnorm,2,2,1,7545,1,0,0,
cow-product,,tuning,6,2.0,from_mention,lens,-1,1,9,9653,1,1,1,
cow-product,,tuning,6,2.0,from_mention,randdir,0,2,1,7545,1,0,0,
cow-product,,tuning,6,2.0,from_mention,randdir,1,3,1,7545,1,0,0,
cow-product,,tuning,6,2.0,from_mention,randdir,2,3,1,7545,1,0,0,
cow-product,,tuning,6,2.0,from_mention,randnorm,0,2,1,7545,1,0,0,
cow-product,,tuning,6,2.0,from_mention,randnorm,1,3,1,7545,1,0,0,
cow-product,,tuning,6,2.0,from_mention,randnorm,2,2,1,7545,1,0,0,
cow-product,,tuning,6,2.0,answer_only,lens,-1,2,1,7545,1,0,0,
cow-product,,tuning,6,2.0,answer_only,randdir,0,2,1,7545,1,0,0,
cow-product,,tuning,6,2.0,answer_only,randdir,1,3,1,7545,1,0,0,
cow-product,,tuning,6,2.0,answer_only,randdir,2,3,1,7545,1,0,0,
cow-product,,tuning,6,2.0,answer_only,randnorm,0,3,1,7545,1,0,0,
cow-product,,tuning,6,2.0,answer_only,randnorm,1,3,1,7545,1,0,0,
cow-product,,tuning,6,2.0,answer_only,randnorm,2,3,1,7545,1,0,0,
cow-product,,tuning,7,0.5,all_no_bos,lens,-1,2,1,7545,1,0,0,
cow-product,,tuning,7,0.5,all_no_bos,randdir,0,2,1,7545,1,0,0,
cow-product,,tuning,7,0.5,all_no_bos,randdir,1,2,1,7545,1,0,0,
cow-product,,tuning,7,0.5,all_no_bos,randdir,2,2,1,7545,1,0,0,
cow-product,,tuning,7,0.5,all_no_bos,randnorm,0,2,1,7545,1,0,0,
cow-product,,tuning,7,0.5,all_no_bos,randnorm,1,2,1,7545,1,0,0,
cow-product,,tuning,7,0.5,all_no_bos,randnorm,2,2,1,7545,1,0,0,
cow-product,,tuning,7,0.5,from_mention,lens,-1,2,1,7545,1,0,0,
cow-product,,tuning,7,0.5,from_mention,randdir,0,2,1,7545,1,0,0,
cow-product,,tuning,7,0.5,from_mention,randdir,1,2,1,7545,1,0,0,
cow-product,,tuning,7,0.5,from_mention,randdir,2,2,1,7545,1,0,0,
cow-product,,tuning,7,0.5,from_mention,randnorm,0,2,1,7545,1,0,0,
cow-product,,tuning,7,0.5,from_mention,randnorm,1,2,1,7545,1,0,0,
cow-product,,tuning,7,0.5,from_mention,randnorm,2,2,1,7545,1,0,0,
cow-product,,tuning,7,0.5,answer_only,lens,-1,2,1,7545,1,0,0,
cow-product,,tuning,7,0.5,answer_only,randdir,0,2,1,7545,1,0,0,
cow-product,,tuning,7,0.5,answer_only,randdir,1,2,1,7545,1,0,0,
cow-product,,tuning,7,0.5,answer_only,randdir,2,2,1,7545,1,0,0,
cow-product,,tuning,7,0.5,answer_only,randnorm,0,2,1,7545,1,0,0,
cow-product,,tuning,7,0.5,answer_only,randnorm,1,2,1,7545,1,0,0,
cow-product,,tuning,7,0.5,answer_only,randnorm,2,2,1,7545,1,0,0,
cow-product,,tuning,7,1.0,all_no_bos,lens,-1,1,2,9653,1,1,1,
cow-product,,tuning,7,1.0,all_no_bos,randdir,0,2,1,7545,1,0,0,
cow-product,,tuning,7,1.0,all_no_bos,randdir,1,2,1,7545,1,0,0,
cow-product,,tuning,7,1.0,all_no_bos,randdir,2,2,1,7545,1,0,0,
cow-product,,tuning,7,1.0,all_no_bos,randnorm,0,2,1,7545,1,0,0,
cow-product,,tuning,7,1.0,all_no_bos,randnorm,1,2,1,7545,1,0,0,
cow-product,,tuning,7,1.0,all_no_bos,randnorm,2,2,1,7545,1,0,0,
cow-product,,tuning,7,1.0,from_mention,lens,-1,1,2,9653,1,1,1,
cow-product,,tuning,7,1.0,from_mention,randdir,0,2,1,7545,1,0,0,
cow-product,,tuning,7,1.0,from_mention,randdir,1,2,1,7545,1,0,0,
cow-product,,tuning,7,1.0,from_mention,randdir,2,2,1,7545,1,0,0,
cow-product,,tuning,7,1.0,from_mention,randnorm,0,2,1,7545,1,0,0,
cow-product,,tuning,7,1.0,from_mention,randnorm,1,2,1,7545,1,0,0,
cow-product,,tuning,7,1.0,from_mention,randnorm,2,2,1,7545,1,0,0,
cow-product,,tuning,7,1.0,answer_only,lens,-1,2,1,7545,1,0,0,
cow-product,,tuning,7,1.0,answer_only,randdir,0,2,1,7545,1,0,0,
cow-product,,tuning,7,1.0,answer_only,randdir,1,2,1,7545,1,0,0,
cow-product,,tuning,7,1.0,answer_only,randdir,2,2,1,7545,1,0,0,
cow-product,,tuning,7,1.0,answer_only,randnorm,0,2,1,7545,1,0,0,
cow-product,,tuning,7,1.0,answer_only,randnorm,1,2,1,7545,1,0,0,
cow-product,,tuning,7,1.0,answer_only,randnorm,2,2,1,7545,1,0,0,
cow-product,,tuning,7,2.0,all_no_bos,lens,-1,1,10,9653,1,1,1,
cow-product,,tuning,7,2.0,all_no_bos,randdir,0,2,1,7545,1,0,0,
cow-product,,tuning,7,2.0,all_no_bos,randdir,1,2,1,7545,1,0,0,
cow-product,,tuning,7,2.0,all_no_bos,randdir,2,2,1,7545,1,0,0,
cow-product,,tuning,7,2.0,all_no_bos,randnorm,0,2,1,7545,1,0,0,
cow-product,,tuning,7,2.0,all_no_bos,randnorm,1,2,1,7545,1,0,0,
cow-product,,tuning,7,2.0,all_no_bos,randnorm,2,2,1,7545,1,0,0,
cow-product,,tuning,7,2.0,from_mention,lens,-1,1,10,9653,1,1,1,
cow-product,,tuning,7,2.0,from_mention,randdir,0,2,1,7545,1,0,0,
cow-product,,tuning,7,2.0,from_mention,randdir,1,2,1,7545,1,0,0,
cow-product,,tuning,7,2.0,from_mention,randdir,2,2,1,7545,1,0,0,
cow-product,,tuning,7,2.0,from_mention,randnorm,0,2,1,7545,1,0,0,
cow-product,,tuning,7,2.0,from_mention,randnorm,1,2,1,7545,1,0,0,
cow-product,,tuning,7,2.0,from_mention,randnorm,2,2,1,7545,1,0,0,
cow-product,,tuning,7,2.0,answer_only,lens,-1,2,1,7545,1,0,0,
cow-product,,tuning,7,2.0,answer_only,randdir,0,2,1,7545,1,0,0,
cow-product,,tuning,7,2.0,answer_only,randdir,1,2,1,7545,1,0,0,
cow-product,,tuning,7,2.0,answer_only,randdir,2,2,1,7545,1,0,0,
cow-product,,tuning,7,2.0,answer_only,randnorm,0,3,1,7545,1,0,0,
cow-product,,tuning,7,2.0,answer_only,randnorm,1,2,1,7545,1,0,0,
cow-product,,tuning,7,2.0,answer_only,randnorm,2,2,1,7545,1,0,0,
cow-product,,tuning,8,0.5,all_no_bos,lens,-1,2,1,7545,1,0,0,
cow-product,,tuning,8,0.5,all_no_bos,randdir,0,2,1,7545,1,0,0,
cow-product,,tuning,8,0.5,all_no_bos,randdir,1,2,1,7545,1,0,0,
cow-product,,tuning,8,0.5,all_no_bos,randdir,2,2,1,7545,1,0,0,
cow-product,,tuning,8,0.5,all_no_bos,randnorm,0,2,1,7545,1,0,0,
cow-product,,tuning,8,0.5,all_no_bos,randnorm,1,2,1,7545,1,0,0,
cow-product,,tuning,8,0.5,all_no_bos,randnorm,2,2,1,7545,1,0,0,
cow-product,,tuning,8,0.5,from_mention,lens,-1,2,1,7545,1,0,0,
cow-product,,tuning,8,0.5,from_mention,randdir,0,2,1,7545,1,0,0,
cow-product,,tuning,8,0.5,from_mention,randdir,1,2,1,7545,1,0,0,
cow-product,,tuning,8,0.5,from_mention,randdir,2,2,1,7545,1,0,0,
cow-product,,tuning,8,0.5,from_mention,randnorm,0,2,1,7545,1,0,0,
cow-product,,tuning,8,0.5,from_mention,randnorm,1,2,1,7545,1,0,0,
cow-product,,tuning,8,0.5,from_mention,randnorm,2,2,1,7545,1,0,0,
cow-product,,tuning,8,0.5,answer_only,lens,-1,2,1,7545,1,0,0,
cow-product,,tuning,8,0.5,answer_only,randdir,0,2,1,7545,1,0,0,
cow-product,,tuning,8,0.5,answer_only,randdir,1,2,1,7545,1,0,0,
cow-product,,tuning,8,0.5,answer_only,randdir,2,2,1,7545,1,0,0,
cow-product,,tuning,8,0.5,answer_only,randnorm,0,2,1,7545,1,0,0,
cow-product,,tuning,8,0.5,answer_only,randnorm,1,2,1,7545,1,0,0,
cow-product,,tuning,8,0.5,answer_only,randnorm,2,2,1,7545,1,0,0,
cow-product,,tuning,8,1.0,all_no_bos,lens,-1,2,1,7545,1,0,0,
cow-product,,tuning,8,1.0,all_no_bos,randdir,0,2,1,7545,1,0,0,
cow-product,,tuning,8,1.0,all_no_bos,randdir,1,2,1,7545,1,0,0,
cow-product,,tuning,8,1.0,all_no_bos,randdir,2,2,1,7545,1,0,0,
cow-product,,tuning,8,1.0,all_no_bos,randnorm,0,2,1,7545,1,0,0,
cow-product,,tuning,8,1.0,all_no_bos,randnorm,1,2,1,7545,1,0,0,
cow-product,,tuning,8,1.0,all_no_bos,randnorm,2,2,1,7545,1,0,0,
cow-product,,tuning,8,1.0,from_mention,lens,-1,2,1,7545,1,0,0,
cow-product,,tuning,8,1.0,from_mention,randdir,0,2,1,7545,1,0,0,
cow-product,,tuning,8,1.0,from_mention,randdir,1,2,1,7545,1,0,0,
cow-product,,tuning,8,1.0,from_mention,randdir,2,2,1,7545,1,0,0,
cow-product,,tuning,8,1.0,from_mention,randnorm,0,2,1,7545,1,0,0,
cow-product,,tuning,8,1.0,from_mention,randnorm,1,2,1,7545,1,0,0,
cow-product,,tuning,8,1.0,from_mention,randnorm,2,2,1,7545,1,0,0,
cow-product,,tuning,8,1.0,answer_only,lens,-1,2,1,7545,1,0,0,
cow-product,,tuning,8,1.0,answer_only,randdir,0,2,1,7545,1,0,0,
cow-product,,tuning,8,1.0,answer_only,randdir,1,2,1,7545,1,0,0,
cow-product,,tuning,8,1.0,answer_only,randdir,2,2,1,7545,1,0,0,
cow-product,,tuning,8,1.0,answer_only,randnorm,0,2,1,7545,1,0,0,
cow-product,,tuning,8,1.0,answer_only,randnorm,1,2,1,7545,1,0,0,
cow-product,,tuning,8,1.0,answer_only,randnorm,2,2,1,7545,1,0,0,
cow-product,,tuning,8,2.0,all_no_bos,lens,-1,1,4,9653,1,1,1,
cow-product,,tuning,8,2.0,all_no_bos,randdir,0,2,1,7545,1,0,0,
cow-product,,tuning,8,2.0,all_no_bos,randdir,1,2,1,7545,1,0,0,
cow-product,,tuning,8,2.0,all_no_bos,randdir,2,2,1,7545,1,0,0,
cow-product,,tuning,8,2.0,all_no_bos,randnorm,0,2,1,7545,1,0,0,
cow-product,,tuning,8,2.0,all_no_bos,randnorm,1,2,1,7545,1,0,0,
cow-product,,tuning,8,2.0,all_no_bos,randnorm,2,2,1,7545,1,0,0,
cow-product,,tuning,8,2.0,from_mention,lens,-1,1,4,9653,1,1,1,
cow-product,,tuning,8,2.0,from_mention,randdir,0,2,1,7545,1,0,0,
cow-product,,tuning,8,2.0,from_mention,randdir,1,2,1,7545,1,0,0,
cow-product,,tuning,8,2.0,from_mention,randdir,2,2,1,7545,1,0,0,
cow-product,,tuning,8,2.0,from_mention,randnorm,0,2,1,7545,1,0,0,
cow-product,,tuning,8,2.0,from_mention,randnorm,1,2,1,7545,1,0,0,
cow-product,,tuning,8,2.0,from_mention,randnorm,2,2,1,7545,1,0,0,
cow-product,,tuning,8,2.0,answer_only,lens,-1,2,1,7545,1,0,0,
cow-product,,tuning,8,2.0,answer_only,randdir,0,2,1,7545,1,0,0,
cow-product,,tuning,8,2.0,answer_only,randdir,1,2,1,7545,1,0,0,
cow-product,,tuning,8,2.0,answer_only,randdir,2,2,1,7545,1,0,0,
cow-product,,tuning,8,2.0,answer_only,randnorm,0,2,1,7545,1,0,0,
cow-product,,tuning,8,2.0,answer_only,randnorm,1,2,1,7545,1,0,0,
cow-product,,tuning,8,2.0,answer_only,randnorm,2,2,1,7545,1,0,0,
cow-product,,tuning,9,0.5,all_no_bos,lens,-1,2,1,7545,1,0,0,
cow-product,,tuning,9,0.5,all_no_bos,randdir,0,2,1,7545,1,0,0,
cow-product,,tuning,9,0.5,all_no_bos,randdir,1,2,1,7545,1,0,0,
cow-product,,tuning,9,0.5,all_no_bos,randdir,2,2,1,7545,1,0,0,
cow-product,,tuning,9,0.5,all_no_bos,randnorm,0,2,1,7545,1,0,0,
cow-product,,tuning,9,0.5,all_no_bos,randnorm,1,2,1,7545,1,0,0,
cow-product,,tuning,9,0.5,all_no_bos,randnorm,2,2,1,7545,1,0,0,
cow-product,,tuning,9,0.5,from_mention,lens,-1,2,1,7545,1,0,0,
cow-product,,tuning,9,0.5,from_mention,randdir,0,2,1,7545,1,0,0,
cow-product,,tuning,9,0.5,from_mention,randdir,1,2,1,7545,1,0,0,
cow-product,,tuning,9,0.5,from_mention,randdir,2,2,1,7545,1,0,0,
cow-product,,tuning,9,0.5,from_mention,randnorm,0,2,1,7545,1,0,0,
cow-product,,tuning,9,0.5,from_mention,randnorm,1,2,1,7545,1,0,0,
cow-product,,tuning,9,0.5,from_mention,randnorm,2,2,1,7545,1,0,0,
cow-product,,tuning,9,0.5,answer_only,lens,-1,2,1,7545,1,0,0,
cow-product,,tuning,9,0.5,answer_only,randdir,0,2,1,7545,1,0,0,
cow-product,,tuning,9,0.5,answer_only,randdir,1,2,1,7545,1,0,0,
cow-product,,tuning,9,0.5,answer_only,randdir,2,2,1,7545,1,0,0,
cow-product,,tuning,9,0.5,answer_only,randnorm,0,2,1,7545,1,0,0,
cow-product,,tuning,9,0.5,answer_only,randnorm,1,2,1,7545,1,0,0,
cow-product,,tuning,9,0.5,answer_only,randnorm,2,2,1,7545,1,0,0,
cow-product,,tuning,9,1.0,all_no_bos,lens,-1,2,1,7545,1,0,0,
cow-product,,tuning,9,1.0,all_no_bos,randdir,0,2,1,7545,1,0,0,
cow-product,,tuning,9,1.0,all_no_bos,randdir,1,3,1,7545,1,0,0,
cow-product,,tuning,9,1.0,all_no_bos,randdir,2,2,1,7545,1,0,0,
cow-product,,tuning,9,1.0,all_no_bos,randnorm,0,3,1,7545,1,0,0,
cow-product,,tuning,9,1.0,all_no_bos,randnorm,1,2,1,7545,1,0,0,
cow-product,,tuning,9,1.0,all_no_bos,randnorm,2,2,1,7545,1,0,0,
cow-product,,tuning,9,1.0,from_mention,lens,-1,2,1,7545,1,0,0,
cow-product,,tuning,9,1.0,from_mention,randdir,0,2,1,7545,1,0,0,
cow-product,,tuning,9,1.0,from_mention,randdir,1,3,1,7545,1,0,0,
cow-product,,tuning,9,1.0,from_mention,randdir,2,2,1,7545,1,0,0,
cow-product,,tuning,9,1.0,from_mention,randnorm,0,3,1,7545,1,0,0,
cow-product,,tuning,9,1.0,from_mention,randnorm,1,2,1,7545,1,0,0,
cow-product,,tuning,9,1.0,from_mention,randnorm,2,2,1,7545,1,0,0,
cow-product,,tuning,9,1.0,answer_only,lens,-1,2,1,7545,1,0,0,
cow-product,,tuning,9,1.0,answer_only,randdir,0,2,1,7545,1,0,0,
cow-product,,tuning,9,1.0,answer_only,randdir,1,2,1,7545,1,0,0,
cow-product,,tuning,9,1.0,answer_only,randdir,2,2,1,7545,1,0,0,
cow-product,,tuning,9,1.0,answer_only,randnorm,0,2,1,7545,1,0,0,
cow-product,,tuning,9,1.0,answer_only,randnorm,1,2,1,7545,1,0,0,
cow-product,,tuning,9,1.0,answer_only,randnorm,2,2,1,7545,1,0,0,
cow-product,,tuning,9,2.0,all_no_bos,lens,-1,2,1,7545,1,0,0,
cow-product,,tuning,9,2.0,all_no_bos,randdir,0,3,1,7545,1,0,0,
cow-product,,tuning,9,2.0,all_no_bos,randdir,1,4,1,7545,1,0,0,
cow-product,,tuning,9,2.0,all_no_bos,randdir,2,3,1,7545,1,0,0,
cow-product,,tuning,9,2.0,all_no_bos,randnorm,0,3,1,7545,1,0,0,
cow-product,,tuning,9,2.0,all_no_bos,randnorm,1,2,1,7545,1,0,0,
cow-product,,tuning,9,2.0,all_no_bos,randnorm,2,3,1,7545,1,0,0,
cow-product,,tuning,9,2.0,from_mention,lens,-1,2,1,7545,1,0,0,
cow-product,,tuning,9,2.0,from_mention,randdir,0,3,1,7545,1,0,0,
cow-product,,tuning,9,2.0,from_mention,randdir,1,4,1,7545,1,0,0,
cow-product,,tuning,9,2.0,from_mention,randdir,2,3,1,7545,1,0,0,
cow-product,,tuning,9,2.0,from_mention,randnorm,0,3,1,7545,1,0,0,
cow-product,,tuning,9,2.0,from_mention,randnorm,1,2,1,7545,1,0,0,
cow-product,,tuning,9,2.0,from_mention,randnorm,2,3,1,7545,1,0,0,
cow-product,,tuning,9,2.0,answer_only,lens,-1,2,1,7545,1,0,0,
cow-product,,tuning,9,2.0,answer_only,randdir,0,2,1,7545,1,0,0,
cow-product,,tuning,9,2.0,answer_only,randdir,1,3,1,7545,1,0,0,
cow-product,,tuning,9,2.0,answer_only,randdir,2,2,1,7545,1,0,0,
cow-product,,tuning,9,2.0,answer_only,randnorm,0,2,1,7545,1,0,0,
cow-product,,tuning,9,2.0,answer_only,randnorm,1,2,1,7545,1,0,0,
cow-product,,tuning,9,2.0,answer_only,randnorm,2,2,1,7545,1,0,0,
cow-product,,tuning,10,0.5,all_no_bos,lens,-1,2,1,7545,1,0,0,
cow-product,,tuning,10,0.5,all_no_bos,randdir,0,2,1,7545,1,0,0,
cow-product,,tuning,10,0.5,all_no_bos,randdir,1,2,1,7545,1,0,0,
cow-product,,tuning,10,0.5,all_no_bos,randdir,2,2,1,7545,1,0,0,
cow-product,,tuning,10,0.5,all_no_bos,randnorm,0,2,1,7545,1,0,0,
cow-product,,tuning,10,0.5,all_no_bos,randnorm,1,2,1,7545,1,0,0,
cow-product,,tuning,10,0.5,all_no_bos,randnorm,2,2,1,7545,1,0,0,
cow-product,,tuning,10,0.5,from_mention,lens,-1,2,1,7545,1,0,0,
cow-product,,tuning,10,0.5,from_mention,randdir,0,2,1,7545,1,0,0,
cow-product,,tuning,10,0.5,from_mention,randdir,1,2,1,7545,1,0,0,
cow-product,,tuning,10,0.5,from_mention,randdir,2,2,1,7545,1,0,0,
cow-product,,tuning,10,0.5,from_mention,randnorm,0,2,1,7545,1,0,0,
cow-product,,tuning,10,0.5,from_mention,randnorm,1,2,1,7545,1,0,0,
cow-product,,tuning,10,0.5,from_mention,randnorm,2,2,1,7545,1,0,0,
cow-product,,tuning,10,0.5,answer_only,lens,-1,2,1,7545,1,0,0,
cow-product,,tuning,10,0.5,answer_only,randdir,0,2,1,7545,1,0,0,
cow-product,,tuning,10,0.5,answer_only,randdir,1,2,1,7545,1,0,0,
cow-product,,tuning,10,0.5,answer_only,randdir,2,2,1,7545,1,0,0,
cow-product,,tuning,10,0.5,answer_only,randnorm,0,2,1,7545,1,0,0,
cow-product,,tuning,10,0.5,answer_only,randnorm,1,2,1,7545,1,0,0,
cow-product,,tuning,10,0.5,answer_only,randnorm,2,2,1,7545,1,0,0,
cow-product,,tuning,10,1.0,all_no_bos,lens,-1,2,1,7545,1,0,0,
cow-product,,tuning,10,1.0,all_no_bos,randdir,0,2,1,7545,1,0,0,
cow-product,,tuning,10,1.0,all_no_bos,randdir,1,2,1,7545,1,0,0,
cow-product,,tuning,10,1.0,all_no_bos,randdir,2,2,1,7545,1,0,0,
cow-product,,tuning,10,1.0,all_no_bos,randnorm,0,2,1,7545,1,0,0,
cow-product,,tuning,10,1.0,all_no_bos,randnorm,1,3,1,7545,1,0,0,
cow-product,,tuning,10,1.0,all_no_bos,randnorm,2,2,1,7545,1,0,0,
cow-product,,tuning,10,1.0,from_mention,lens,-1,2,1,7545,1,0,0,
cow-product,,tuning,10,1.0,from_mention,randdir,0,2,1,7545,1,0,0,
cow-product,,tuning,10,1.0,from_mention,randdir,1,2,1,7545,1,0,0,
cow-product,,tuning,10,1.0,from_mention,randdir,2,2,1,7545,1,0,0,
cow-product,,tuning,10,1.0,from_mention,randnorm,0,2,1,7545,1,0,0,
cow-product,,tuning,10,1.0,from_mention,randnorm,1,3,1,7545,1,0,0,
cow-product,,tuning,10,1.0,from_mention,randnorm,2,2,1,7545,1,0,0,
cow-product,,tuning,10,1.0,answer_only,lens,-1,2,1,7545,1,0,0,
cow-product,,tuning,10,1.0,answer_only,randdir,0,2,1,7545,1,0,0,
cow-product,,tuning,10,1.0,answer_only,randdir,1,2,1,7545,1,0,0,
cow-product,,tuning,10,1.0,answer_only,randdir,2,2,1,7545,1,0,0,
cow-product,,tuning,10,1.0,answer_only,randnorm,0,2,1,7545,1,0,0,
cow-product,,tuning,10,1.0,answer_only,randnorm,1,2,1,7545,1,0,0,
cow-product,,tuning,10,1.0,answer_only,randnorm,2,2,1,7545,1,0,0,
cow-product,,tuning,10,2.0,all_no_bos,lens,-1,1,3,9653,1,1,1,
cow-product,,tuning,10,2.0,all_no_bos,randdir,0,2,1,7545,1,0,0,
cow-product,,tuning,10,2.0,all_no_bos,randdir,1,2,1,7545,1,0,0,
cow-product,,tuning,10,2.0,all_no_bos,randdir,2,3,1,7545,1,0,0,
cow-product,,tuning,10,2.0,all_no_bos,randnorm,0,2,1,7545,1,0,0,
cow-product,,tuning,10,2.0,all_no_bos,randnorm,1,3,1,7545,1,0,0,
cow-product,,tuning,10,2.0,all_no_bos,randnorm,2,3,1,7545,1,0,0,
cow-product,,tuning,10,2.0,from_mention,lens,-1,1,3,9653,1,1,1,
cow-product,,tuning,10,2.0,from_mention,randdir,0,2,1,7545,1,0,0,
cow-product,,tuning,10,2.0,from_mention,randdir,1,2,1,7545,1,0,0,
cow-product,,tuning,10,2.0,from_mention,randdir,2,3,1,7545,1,0,0,
cow-product,,tuning,10,2.0,from_mention,randnorm,0,2,1,7545,1,0,0,
cow-product,,tuning,10,2.0,from_mention,randnorm,1,3,1,7545,1,0,0,
cow-product,,tuning,10,2.0,from_mention,randnorm,2,3,1,7545,1,0,0,
cow-product,,tuning,10,2.0,answer_only,lens,-1,2,1,7545,1,0,0,
cow-product,,tuning,10,2.0,answer_only,randdir,0,2,1,7545,1,0,0,
cow-product,,tuning,10,2.0,answer_only,randdir,1,2,1,7545,1,0,0,
cow-product,,tuning,10,2.0,answer_only,randdir,2,3,1,7545,1,0,0,
cow-product,,tuning,10,2.0,answer_only,randnorm,0,2,1,7545,1,0,0,
cow-product,,tuning,10,2.0,answer_only,randnorm,1,3,1,7545,1,0,0,
cow-product,,tuning,10,2.0,answer_only,randnorm,2,3,1,7545,1,0,0,
cow-product,,tuning,5-6,0.5,all_no_bos,lens,-1,2,1,7545,1,0,0,
cow-product,,tuning,5-6,0.5,all_no_bos,randdir,0,2,1,7545,1,0,0,
cow-product,,tuning,5-6,0.5,all_no_bos,randdir,1,3,1,7545,1,0,0,
cow-product,,tuning,5-6,0.5,all_no_bos,randdir,2,2,1,7545,1,0,0,
cow-product,,tuning,5-6,0.5,all_no_bos,randnorm,0,2,1,7545,1,0,0,
cow-product,,tuning,5-6,0.5,all_no_bos,randnorm,1,3,1,7545,1,0,0,
cow-product,,tuning,5-6,0.5,all_no_bos,randnorm,2,2,1,7545,1,0,0,
cow-product,,tuning,5-6,0.5,from_mention,lens,-1,2,1,7545,1,0,0,
cow-product,,tuning,5-6,0.5,from_mention,randdir,0,2,1,7545,1,0,0,
cow-product,,tuning,5-6,0.5,from_mention,randdir,1,3,1,7545,1,0,0,
cow-product,,tuning,5-6,0.5,from_mention,randdir,2,2,1,7545,1,0,0,
cow-product,,tuning,5-6,0.5,from_mention,randnorm,0,2,1,7545,1,0,0,
cow-product,,tuning,5-6,0.5,from_mention,randnorm,1,3,1,7545,1,0,0,
cow-product,,tuning,5-6,0.5,from_mention,randnorm,2,2,1,7545,1,0,0,
cow-product,,tuning,5-6,0.5,answer_only,lens,-1,2,1,7545,1,0,0,
cow-product,,tuning,5-6,0.5,answer_only,randdir,0,2,1,7545,1,0,0,
cow-product,,tuning,5-6,0.5,answer_only,randdir,1,2,1,7545,1,0,0,
cow-product,,tuning,5-6,0.5,answer_only,randdir,2,2,1,7545,1,0,0,
cow-product,,tuning,5-6,0.5,answer_only,randnorm,0,2,1,7545,1,0,0,
cow-product,,tuning,5-6,0.5,answer_only,randnorm,1,3,1,7545,1,0,0,
cow-product,,tuning,5-6,0.5,answer_only,randnorm,2,2,1,7545,1,0,0,
cow-product,,tuning,5-6,1.0,all_no_bos,lens,-1,2,1,7545,1,0,0,
cow-product,,tuning,5-6,1.0,all_no_bos,randdir,0,2,1,7545,1,0,0,
cow-product,,tuning,5-6,1.0,all_no_bos,randdir,1,3,1,7545,1,0,0,
cow-product,,tuning,5-6,1.0,all_no_bos,randdir,2,2,1,7545,1,0,0,
cow-product,,tuning,5-6,1.0,all_no_bos,randnorm,0,2,1,7545,1,0,0,
cow-product,,tuning,5-6,1.0,all_no_bos,randnorm,1,4,1,7545,1,0,0,
cow-product,,tuning,5-6,1.0,all_no_bos,randnorm,2,2,1,7545,1,0,0,
cow-product,,tuning,5-6,1.0,from_mention,lens,-1,2,1,7545,1,0,0,
cow-product,,tuning,5-6,1.0,from_mention,randdir,0,2,1,7545,1,0,0,
cow-product,,tuning,5-6,1.0,from_mention,randdir,1,3,1,7545,1,0,0,
cow-product,,tuning,5-6,1.0,from_mention,randdir,2,2,1,7545,1,0,0,
cow-product,,tuning,5-6,1.0,from_mention,randnorm,0,2,1,7545,1,0,0,
cow-product,,tuning,5-6,1.0,from_mention,randnorm,1,4,1,7545,1,0,0,
cow-product,,tuning,5-6,1.0,from_mention,randnorm,2,2,1,7545,1,0,0,
cow-product,,tuning,5-6,1.0,answer_only,lens,-1,2,1,7545,1,0,0,
cow-product,,tuning,5-6,1.0,answer_only,randdir,0,2,1,7545,1,0,0,
cow-product,,tuning,5-6,1.0,answer_only,randdir,1,3,1,7545,1,0,0,
cow-product,,tuning,5-6,1.0,answer_only,randdir,2,2,1,7545,1,0,0,
cow-product,,tuning,5-6,1.0,answer_only,randnorm,0,3,1,7545,1,0,0,
cow-product,,tuning,5-6,1.0,answer_only,randnorm,1,3,1,7545,1,0,0,
cow-product,,tuning,5-6,1.0,answer_only,randnorm,2,2,1,7545,1,0,0,
cow-product,,tuning,5-6,2.0,all_no_bos,lens,-1,2,1,7545,1,0,0,
cow-product,,tuning,5-6,2.0,all_no_bos,randdir,0,2,1,7545,1,0,0,
cow-product,,tuning,5-6,2.0,all_no_bos,randdir,1,4,1,7545,1,0,0,
cow-product,,tuning,5-6,2.0,all_no_bos,randdir,2,2,1,7545,1,0,0,
cow-product,,tuning,5-6,2.0,all_no_bos,randnorm,0,3,1,7545,1,0,0,
cow-product,,tuning,5-6,2.0,all_no_bos,randnorm,1,5,2,262,1,0,0,
cow-product,,tuning,5-6,2.0,all_no_bos,randnorm,2,2,1,7545,1,0,0,
cow-product,,tuning,5-6,2.0,from_mention,lens,-1,2,1,7545,1,0,0,
cow-product,,tuning,5-6,2.0,from_mention,randdir,0,2,1,7545,1,0,0,
cow-product,,tuning,5-6,2.0,from_mention,randdir,1,4,1,7545,1,0,0,
cow-product,,tuning,5-6,2.0,from_mention,randdir,2,2,1,7545,1,0,0,
cow-product,,tuning,5-6,2.0,from_mention,randnorm,0,3,1,7545,1,0,0,
cow-product,,tuning,5-6,2.0,from_mention,randnorm,1,5,2,262,1,0,0,
cow-product,,tuning,5-6,2.0,from_mention,randnorm,2,2,1,7545,1,0,0,
cow-product,,tuning,5-6,2.0,answer_only,lens,-1,2,1,7545,1,0,0,
cow-product,,tuning,5-6,2.0,answer_only,randdir,0,3,1,7545,1,0,0,
cow-product,,tuning,5-6,2.0,answer_only,randdir,1,3,1,7545,1,0,0,
cow-product,,tuning,5-6,2.0,answer_only,randdir,2,3,1,7545,1,0,0,
cow-product,,tuning,5-6,2.0,answer_only,randnorm,0,3,1,7545,1,0,0,
cow-product,,tuning,5-6,2.0,answer_only,randnorm,1,3,1,7545,1,0,0,
cow-product,,tuning,5-6,2.0,answer_only,randnorm,2,2,1,7545,1,0,0,
cow-product,,tuning,6-7,0.5,all_no_bos,lens,-1,2,1,7545,1,0,0,
cow-product,,tuning,6-7,0.5,all_no_bos,randdir,0,2,1,7545,1,0,0,
cow-product,,tuning,6-7,0.5,all_no_bos,randdir,1,2,1,7545,1,0,0,
cow-product,,tuning,6-7,0.5,all_no_bos,randdir,2,2,1,7545,1,0,0,
cow-product,,tuning,6-7,0.5,all_no_bos,randnorm,0,2,1,7545,1,0,0,
cow-product,,tuning,6-7,0.5,all_no_bos,randnorm,1,2,1,7545,1,0,0,
cow-product,,tuning,6-7,0.5,all_no_bos,randnorm,2,2,1,7545,1,0,0,
cow-product,,tuning,6-7,0.5,from_mention,lens,-1,2,1,7545,1,0,0,
cow-product,,tuning,6-7,0.5,from_mention,randdir,0,2,1,7545,1,0,0,
cow-product,,tuning,6-7,0.5,from_mention,randdir,1,2,1,7545,1,0,0,
cow-product,,tuning,6-7,0.5,from_mention,randdir,2,2,1,7545,1,0,0,
cow-product,,tuning,6-7,0.5,from_mention,randnorm,0,2,1,7545,1,0,0,
cow-product,,tuning,6-7,0.5,from_mention,randnorm,1,2,1,7545,1,0,0,
cow-product,,tuning,6-7,0.5,from_mention,randnorm,2,2,1,7545,1,0,0,
cow-product,,tuning,6-7,0.5,answer_only,lens,-1,2,1,7545,1,0,0,
cow-product,,tuning,6-7,0.5,answer_only,randdir,0,2,1,7545,1,0,0,
cow-product,,tuning,6-7,0.5,answer_only,randdir,1,2,1,7545,1,0,0,
cow-product,,tuning,6-7,0.5,answer_only,randdir,2,2,1,7545,1,0,0,
cow-product,,tuning,6-7,0.5,answer_only,randnorm,0,2,1,7545,1,0,0,
cow-product,,tuning,6-7,0.5,answer_only,randnorm,1,2,1,7545,1,0,0,
cow-product,,tuning,6-7,0.5,answer_only,randnorm,2,2,1,7545,1,0,0,
cow-product,,tuning,6-7,1.0,all_no_bos,lens,-1,2,1,7545,1,0,0,
cow-product,,tuning,6-7,1.0,all_no_bos,randdir,0,2,1,7545,1,0,0,
cow-product,,tuning,6-7,1.0,all_no_bos,randdir,1,3,1,7545,1,0,0,
cow-product,,tuning,6-7,1.0,all_no_bos,randdir,2,2,1,7545,1,0,0,
cow-product,,tuning,6-7,1.0,all_no_bos,randnorm,0,2,1,7545,1,0,0,
cow-product,,tuning,6-7,1.0,all_no_bos,randnorm,1,3,1,7545,1,0,0,
cow-product,,tuning,6-7,1.0,all_no_bos,randnorm,2,2,1,7545,1,0,0,
cow-product,,tuning,6-7,1.0,from_mention,lens,-1,2,1,7545,1,0,0,
cow-product,,tuning,6-7,1.0,from_mention,randdir,0,2,1,7545,1,0,0,
cow-product,,tuning,6-7,1.0,from_mention,randdir,1,3,1,7545,1,0,0,
cow-product,,tuning,6-7,1.0,from_mention,randdir,2,2,1,7545,1,0,0,
cow-product,,tuning,6-7,1.0,from_mention,randnorm,0,2,1,7545,1,0,0,
cow-product,,tuning,6-7,1.0,from_mention,randnorm,1,3,1,7545,1,0,0,
cow-product,,tuning,6-7,1.0,from_mention,randnorm,2,2,1,7545,1,0,0,
cow-product,,tuning,6-7,1.0,answer_only,lens,-1,2,1,7545,1,0,0,
cow-product,,tuning,6-7,1.0,answer_only,randdir,0,2,1,7545,1,0,0,
cow-product,,tuning,6-7,1.0,answer_only,randdir,1,2,1,7545,1,0,0,
cow-product,,tuning,6-7,1.0,answer_only,randdir,2,2,1,7545,1,0,0,
cow-product,,tuning,6-7,1.0,answer_only,randnorm,0,3,1,7545,1,0,0,
cow-product,,tuning,6-7,1.0,answer_only,randnorm,1,2,1,7545,1,0,0,
cow-product,,tuning,6-7,1.0,answer_only,randnorm,2,2,1,7545,1,0,0,
cow-product,,tuning,6-7,2.0,all_no_bos,lens,-1,3,1,7545,1,0,0,
cow-product,,tuning,6-7,2.0,all_no_bos,randdir,0,2,1,7545,1,0,0,
cow-product,,tuning,6-7,2.0,all_no_bos,randdir,1,3,1,7545,1,0,0,
cow-product,,tuning,6-7,2.0,all_no_bos,randdir,2,3,1,7545,1,0,0,
cow-product,,tuning,6-7,2.0,all_no_bos,randnorm,0,2,1,7545,1,0,0,
cow-product,,tuning,6-7,2.0,all_no_bos,randnorm,1,3,1,7545,1,0,0,
cow-product,,tuning,6-7,2.0,all_no_bos,randnorm,2,2,1,7545,1,0,0,
cow-product,,tuning,6-7,2.0,from_mention,lens,-1,3,1,7545,1,0,0,
cow-product,,tuning,6-7,2.0,from_mention,randdir,0,2,1,7545,1,0,0,
cow-product,,tuning,6-7,2.0,from_mention,randdir,1,3,1,7545,1,0,0,
cow-product,,tuning,6-7,2.0,from_mention,randdir,2,3,1,7545,1,0,0,
cow-product,,tuning,6-7,2.0,from_mention,randnorm,0,2,1,7545,1,0,0,
cow-product,,tuning,6-7,2.0,from_mention,randnorm,1,3,1,7545,1,0,0,
cow-product,,tuning,6-7,2.0,from_mention,randnorm,2,2,1,7545,1,0,0,
cow-product,,tuning,6-7,2.0,answer_only,lens,-1,3,1,7545,1,0,0,
cow-product,,tuning,6-7,2.0,answer_only,randdir,0,2,1,7545,1,0,0,
cow-product,,tuning,6-7,2.0,answer_only,randdir,1,2,1,7545,1,0,0,
cow-product,,tuning,6-7,2.0,answer_only,randdir,2,3,1,7545,1,0,0,
cow-product,,tuning,6-7,2.0,answer_only,randnorm,0,3,1,7545,1,0,0,
cow-product,,tuning,6-7,2.0,answer_only,randnorm,1,2,1,7545,1,0,0,
cow-product,,tuning,6-7,2.0,answer_only,randnorm,2,2,1,7545,1,0,0,
cow-product,,tuning,7-8,0.5,all_no_bos,lens,-1,2,1,7545,1,0,0,
cow-product,,tuning,7-8,0.5,all_no_bos,randdir,0,2,1,7545,1,0,0,
cow-product,,tuning,7-8,0.5,all_no_bos,randdir,1,2,1,7545,1,0,0,
cow-product,,tuning,7-8,0.5,all_no_bos,randdir,2,2,1,7545,1,0,0,
cow-product,,tuning,7-8,0.5,all_no_bos,randnorm,0,2,1,7545,1,0,0,
cow-product,,tuning,7-8,0.5,all_no_bos,randnorm,1,2,1,7545,1,0,0,
cow-product,,tuning,7-8,0.5,all_no_bos,randnorm,2,2,1,7545,1,0,0,
cow-product,,tuning,7-8,0.5,from_mention,lens,-1,2,1,7545,1,0,0,
cow-product,,tuning,7-8,0.5,from_mention,randdir,0,2,1,7545,1,0,0,
cow-product,,tuning,7-8,0.5,from_mention,randdir,1,2,1,7545,1,0,0,
cow-product,,tuning,7-8,0.5,from_mention,randdir,2,2,1,7545,1,0,0,
cow-product,,tuning,7-8,0.5,from_mention,randnorm,0,2,1,7545,1,0,0,
cow-product,,tuning,7-8,0.5,from_mention,randnorm,1,2,1,7545,1,0,0,
cow-product,,tuning,7-8,0.5,from_mention,randnorm,2,2,1,7545,1,0,0,
cow-product,,tuning,7-8,0.5,answer_only,lens,-1,2,1,7545,1,0,0,
cow-product,,tuning,7-8,0.5,answer_only,randdir,0,2,1,7545,1,0,0,
cow-product,,tuning,7-8,0.5,answer_only,randdir,1,2,1,7545,1,0,0,
cow-product,,tuning,7-8,0.5,answer_only,randdir,2,2,1,7545,1,0,0,
cow-product,,tuning,7-8,0.5,answer_only,randnorm,0,2,1,7545,1,0,0,
cow-product,,tuning,7-8,0.5,answer_only,randnorm,1,2,1,7545,1,0,0,
cow-product,,tuning,7-8,0.5,answer_only,randnorm,2,2,1,7545,1,0,0,
cow-product,,tuning,7-8,1.0,all_no_bos,lens,-1,2,1,7545,1,0,0,
cow-product,,tuning,7-8,1.0,all_no_bos,randdir,0,2,1,7545,1,0,0,
cow-product,,tuning,7-8,1.0,all_no_bos,randdir,1,2,1,7545,1,0,0,
cow-product,,tuning,7-8,1.0,all_no_bos,randdir,2,2,1,7545,1,0,0,
cow-product,,tuning,7-8,1.0,all_no_bos,randnorm,0,2,1,7545,1,0,0,
cow-product,,tuning,7-8,1.0,all_no_bos,randnorm,1,2,1,7545,1,0,0,
cow-product,,tuning,7-8,1.0,all_no_bos,randnorm,2,2,1,7545,1,0,0,
cow-product,,tuning,7-8,1.0,from_mention,lens,-1,2,1,7545,1,0,0,
cow-product,,tuning,7-8,1.0,from_mention,randdir,0,2,1,7545,1,0,0,
cow-product,,tuning,7-8,1.0,from_mention,randdir,1,2,1,7545,1,0,0,
cow-product,,tuning,7-8,1.0,from_mention,randdir,2,2,1,7545,1,0,0,
cow-product,,tuning,7-8,1.0,from_mention,randnorm,0,2,1,7545,1,0,0,
cow-product,,tuning,7-8,1.0,from_mention,randnorm,1,2,1,7545,1,0,0,
cow-product,,tuning,7-8,1.0,from_mention,randnorm,2,2,1,7545,1,0,0,
cow-product,,tuning,7-8,1.0,answer_only,lens,-1,2,1,7545,1,0,0,
cow-product,,tuning,7-8,1.0,answer_only,randdir,0,2,1,7545,1,0,0,
cow-product,,tuning,7-8,1.0,answer_only,randdir,1,2,1,7545,1,0,0,
cow-product,,tuning,7-8,1.0,answer_only,randdir,2,2,1,7545,1,0,0,
cow-product,,tuning,7-8,1.0,answer_only,randnorm,0,2,1,7545,1,0,0,
cow-product,,tuning,7-8,1.0,answer_only,randnorm,1,2,1,7545,1,0,0,
cow-product,,tuning,7-8,1.0,answer_only,randnorm,2,2,1,7545,1,0,0,
cow-product,,tuning,7-8,2.0,all_no_bos,lens,-1,6,2,9875,0,0,0,
cow-product,,tuning,7-8,2.0,all_no_bos,randdir,0,2,1,7545,1,0,0,
cow-product,,tuning,7-8,2.0,all_no_bos,randdir,1,2,1,7545,1,0,0,
cow-product,,tuning,7-8,2.0,all_no_bos,randdir,2,2,1,7545,1,0,0,
cow-product,,tuning,7-8,2.0,all_no_bos,randnorm,0,1,2,9653,1,1,1,
cow-product,,tuning,7-8,2.0,all_no_bos,randnorm,1,2,1,7545,1,0,0,
cow-product,,tuning,7-8,2.0,all_no_bos,randnorm,2,2,1,7545,1,0,0,
cow-product,,tuning,7-8,2.0,from_mention,lens,-1,6,2,9875,0,0,0,
cow-product,,tuning,7-8,2.0,from_mention,randdir,0,2,1,7545,1,0,0,
cow-product,,tuning,7-8,2.0,from_mention,randdir,1,2,1,7545,1,0,0,
cow-product,,tuning,7-8,2.0,from_mention,randdir,2,2,1,7545,1,0,0,
cow-product,,tuning,7-8,2.0,from_mention,randnorm,0,1,2,9653,1,1,1,
cow-product,,tuning,7-8,2.0,from_mention,randnorm,1,2,1,7545,1,0,0,
cow-product,,tuning,7-8,2.0,from_mention,randnorm,2,2,1,7545,1,0,0,
cow-product,,tuning,7-8,2.0,answer_only,lens,-1,3,1,7545,1,0,0,
cow-product,,tuning,7-8,2.0,answer_only,randdir,0,2,1,7545,1,0,0,
cow-product,,tuning,7-8,2.0,answer_only,randdir,1,2,1,7545,1,0,0,
cow-product,,tuning,7-8,2.0,answer_only,randdir,2,2,1,7545,1,0,0,
cow-product,,tuning,7-8,2.0,answer_only,randnorm,0,3,1,7545,1,0,0,
cow-product,,tuning,7-8,2.0,answer_only,randnorm,1,2,1,7545,1,0,0,
cow-product,,tuning,7-8,2.0,answer_only,randnorm,2,2,1,7545,1,0,0,
cow-product,,tuning,8-9,0.5,all_no_bos,lens,-1,2,1,7545,1,0,0,
cow-product,,tuning,8-9,0.5,all_no_bos,randdir,0,2,1,7545,1,0,0,
cow-product,,tuning,8-9,0.5,all_no_bos,randdir,1,2,1,7545,1,0,0,
cow-product,,tuning,8-9,0.5,all_no_bos,randdir,2,2,1,7545,1,0,0,
cow-product,,tuning,8-9,0.5,all_no_bos,randnorm,0,2,1,7545,1,0,0,
cow-product,,tuning,8-9,0.5,all_no_bos,randnorm,1,2,1,7545,1,0,0,
cow-product,,tuning,8-9,0.5,all_no_bos,randnorm,2,2,1,7545,1,0,0,
cow-product,,tuning,8-9,0.5,from_mention,lens,-1,2,1,7545,1,0,0,
cow-product,,tuning,8-9,0.5,from_mention,randdir,0,2,1,7545,1,0,0,
cow-product,,tuning,8-9,0.5,from_mention,randdir,1,2,1,7545,1,0,0,
cow-product,,tuning,8-9,0.5,from_mention,randdir,2,2,1,7545,1,0,0,
cow-product,,tuning,8-9,0.5,from_mention,randnorm,0,2,1,7545,1,0,0,
cow-product,,tuning,8-9,0.5,from_mention,randnorm,1,2,1,7545,1,0,0,
cow-product,,tuning,8-9,0.5,from_mention,randnorm,2,2,1,7545,1,0,0,
cow-product,,tuning,8-9,0.5,answer_only,lens,-1,2,1,7545,1,0,0,
cow-product,,tuning,8-9,0.5,answer_only,randdir,0,2,1,7545,1,0,0,
cow-product,,tuning,8-9,0.5,answer_only,randdir,1,2,1,7545,1,0,0,
cow-product,,tuning,8-9,0.5,answer_only,randdir,2,2,1,7545,1,0,0,
cow-product,,tuning,8-9,0.5,answer_only,randnorm,0,2,1,7545,1,0,0,
cow-product,,tuning,8-9,0.5,answer_only,randnorm,1,2,1,7545,1,0,0,
cow-product,,tuning,8-9,0.5,answer_only,randnorm,2,2,1,7545,1,0,0,
cow-product,,tuning,8-9,1.0,all_no_bos,lens,-1,2,1,7545,1,0,0,
cow-product,,tuning,8-9,1.0,all_no_bos,randdir,0,2,1,7545,1,0,0,
cow-product,,tuning,8-9,1.0,all_no_bos,randdir,1,3,1,7545,1,0,0,
cow-product,,tuning,8-9,1.0,all_no_bos,randdir,2,2,1,7545,1,0,0,
cow-product,,tuning,8-9,1.0,all_no_bos,randnorm,0,3,1,7545,1,0,0,
cow-product,,tuning,8-9,1.0,all_no_bos,randnorm,1,2,1,7545,1,0,0,
cow-product,,tuning,8-9,1.0,all_no_bos,randnorm,2,2,1,7545,1,0,0,
cow-product,,tuning,8-9,1.0,from_mention,lens,-1,2,1,7545,1,0,0,
cow-product,,tuning,8-9,1.0,from_mention,randdir,0,2,1,7545,1,0,0,
cow-product,,tuning,8-9,1.0,from_mention,randdir,1,3,1,7545,1,0,0,
cow-product,,tuning,8-9,1.0,from_mention,randdir,2,2,1,7545,1,0,0,
cow-product,,tuning,8-9,1.0,from_mention,randnorm,0,3,1,7545,1,0,0,
cow-product,,tuning,8-9,1.0,from_mention,randnorm,1,2,1,7545,1,0,0,
cow-product,,tuning,8-9,1.0,from_mention,randnorm,2,2,1,7545,1,0,0,
cow-product,,tuning,8-9,1.0,answer_only,lens,-1,2,1,7545,1,0,0,
cow-product,,tuning,8-9,1.0,answer_only,randdir,0,2,1,7545,1,0,0,
cow-product,,tuning,8-9,1.0,answer_only,randdir,1,2,1,7545,1,0,0,
cow-product,,tuning,8-9,1.0,answer_only,randdir,2,2,1,7545,1,0,0,
cow-product,,tuning,8-9,1.0,answer_only,randnorm,0,2,1,7545,1,0,0,
cow-product,,tuning,8-9,1.0,answer_only,randnorm,1,2,1,7545,1,0,0,
cow-product,,tuning,8-9,1.0,answer_only,randnorm,2,2,1,7545,1,0,0,
cow-product,,tuning,8-9,2.0,all_no_bos,lens,-1,16,1,7545,0,0,0,
cow-product,,tuning,8-9,2.0,all_no_bos,randdir,0,3,1,7545,1,0,0,
cow-product,,tuning,8-9,2.0,all_no_bos,randdir,1,4,1,7545,1,0,0,
cow-product,,tuning,8-9,2.0,all_no_bos,randdir,2,3,1,7545,1,0,0,
cow-product,,tuning,8-9,2.0,all_no_bos,randnorm,0,3,1,7545,1,0,0,
cow-product,,tuning,8-9,2.0,all_no_bos,randnorm,1,3,1,7545,1,0,0,
cow-product,,tuning,8-9,2.0,all_no_bos,randnorm,2,3,1,7545,1,0,0,
cow-product,,tuning,8-9,2.0,from_mention,lens,-1,16,1,7545,0,0,0,
cow-product,,tuning,8-9,2.0,from_mention,randdir,0,3,1,7545,1,0,0,
cow-product,,tuning,8-9,2.0,from_mention,randdir,1,4,1,7545,1,0,0,
cow-product,,tuning,8-9,2.0,from_mention,randdir,2,3,1,7545,1,0,0,
cow-product,,tuning,8-9,2.0,from_mention,randnorm,0,3,1,7545,1,0,0,
cow-product,,tuning,8-9,2.0,from_mention,randnorm,1,3,1,7545,1,0,0,
cow-product,,tuning,8-9,2.0,from_mention,randnorm,2,3,1,7545,1,0,0,
cow-product,,tuning,8-9,2.0,answer_only,lens,-1,3,1,7545,1,0,0,
cow-product,,tuning,8-9,2.0,answer_only,randdir,0,2,1,7545,1,0,0,
cow-product,,tuning,8-9,2.0,answer_only,randdir,1,3,1,7545,1,0,0,
cow-product,,tuning,8-9,2.0,answer_only,randdir,2,2,1,7545,1,0,0,
cow-product,,tuning,8-9,2.0,answer_only,randnorm,0,2,1,7545,1,0,0,
cow-product,,tuning,8-9,2.0,answer_only,randnorm,1,3,1,7545,1,0,0,
cow-product,,tuning,8-9,2.0,answer_only,randnorm,2,2,1,7545,1,0,0,
cow-product,,tuning,6-7-8,0.5,all_no_bos,lens,-1,2,1,7545,1,0,0,
cow-product,,tuning,6-7-8,0.5,all_no_bos,randdir,0,2,1,7545,1,0,0,
cow-product,,tuning,6-7-8,0.5,all_no_bos,randdir,1,2,1,7545,1,0,0,
cow-product,,tuning,6-7-8,0.5,all_no_bos,randdir,2,2,1,7545,1,0,0,
cow-product,,tuning,6-7-8,0.5,all_no_bos,randnorm,0,2,1,7545,1,0,0,
cow-product,,tuning,6-7-8,0.5,all_no_bos,randnorm,1,2,1,7545,1,0,0,
cow-product,,tuning,6-7-8,0.5,all_no_bos,randnorm,2,2,1,7545,1,0,0,
cow-product,,tuning,6-7-8,0.5,from_mention,lens,-1,2,1,7545,1,0,0,
cow-product,,tuning,6-7-8,0.5,from_mention,randdir,0,2,1,7545,1,0,0,
cow-product,,tuning,6-7-8,0.5,from_mention,randdir,1,2,1,7545,1,0,0,
cow-product,,tuning,6-7-8,0.5,from_mention,randdir,2,2,1,7545,1,0,0,
cow-product,,tuning,6-7-8,0.5,from_mention,randnorm,0,2,1,7545,1,0,0,
cow-product,,tuning,6-7-8,0.5,from_mention,randnorm,1,2,1,7545,1,0,0,
cow-product,,tuning,6-7-8,0.5,from_mention,randnorm,2,2,1,7545,1,0,0,
cow-product,,tuning,6-7-8,0.5,answer_only,lens,-1,2,1,7545,1,0,0,
cow-product,,tuning,6-7-8,0.5,answer_only,randdir,0,2,1,7545,1,0,0,
cow-product,,tuning,6-7-8,0.5,answer_only,randdir,1,2,1,7545,1,0,0,
cow-product,,tuning,6-7-8,0.5,answer_only,randdir,2,2,1,7545,1,0,0,
cow-product,,tuning,6-7-8,0.5,answer_only,randnorm,0,2,1,7545,1,0,0,
cow-product,,tuning,6-7-8,0.5,answer_only,randnorm,1,2,1,7545,1,0,0,
cow-product,,tuning,6-7-8,0.5,answer_only,randnorm,2,2,1,7545,1,0,0,
cow-product,,tuning,6-7-8,1.0,all_no_bos,lens,-1,2,1,7545,1,0,0,
cow-product,,tuning,6-7-8,1.0,all_no_bos,randdir,0,2,1,7545,1,0,0,
cow-product,,tuning,6-7-8,1.0,all_no_bos,randdir,1,2,1,7545,1,0,0,
cow-product,,tuning,6-7-8,1.0,all_no_bos,randdir,2,2,1,7545,1,0,0,
cow-product,,tuning,6-7-8,1.0,all_no_bos,randnorm,0,2,1,7545,1,0,0,
cow-product,,tuning,6-7-8,1.0,all_no_bos,randnorm,1,3,1,7545,1,0,0,
cow-product,,tuning,6-7-8,1.0,all_no_bos,randnorm,2,2,1,7545,1,0,0,
cow-product,,tuning,6-7-8,1.0,from_mention,lens,-1,2,1,7545,1,0,0,
cow-product,,tuning,6-7-8,1.0,from_mention,randdir,0,2,1,7545,1,0,0,
cow-product,,tuning,6-7-8,1.0,from_mention,randdir,1,2,1,7545,1,0,0,
cow-product,,tuning,6-7-8,1.0,from_mention,randdir,2,2,1,7545,1,0,0,
cow-product,,tuning,6-7-8,1.0,from_mention,randnorm,0,2,1,7545,1,0,0,
cow-product,,tuning,6-7-8,1.0,from_mention,randnorm,1,3,1,7545,1,0,0,
cow-product,,tuning,6-7-8,1.0,from_mention,randnorm,2,2,1,7545,1,0,0,
cow-product,,tuning,6-7-8,1.0,answer_only,lens,-1,2,1,7545,1,0,0,
cow-product,,tuning,6-7-8,1.0,answer_only,randdir,0,2,1,7545,1,0,0,
cow-product,,tuning,6-7-8,1.0,answer_only,randdir,1,2,1,7545,1,0,0,
cow-product,,tuning,6-7-8,1.0,answer_only,randdir,2,2,1,7545,1,0,0,
cow-product,,tuning,6-7-8,1.0,answer_only,randnorm,0,3,1,7545,1,0,0,
cow-product,,tuning,6-7-8,1.0,answer_only,randnorm,1,2,1,7545,1,0,0,
cow-product,,tuning,6-7-8,1.0,answer_only,randnorm,2,2,1,7545,1,0,0,
cow-product,,tuning,6-7-8,2.0,all_no_bos,lens,-1,26,2306,503,0,0,1,
cow-product,,tuning,6-7-8,2.0,all_no_bos,randdir,0,2,1,7545,1,0,0,
cow-product,,tuning,6-7-8,2.0,all_no_bos,randdir,1,3,1,7545,1,0,0,
cow-product,,tuning,6-7-8,2.0,all_no_bos,randdir,2,3,1,7545,1,0,0,
cow-product,,tuning,6-7-8,2.0,all_no_bos,randnorm,0,2,1,7545,1,0,0,
cow-product,,tuning,6-7-8,2.0,all_no_bos,randnorm,1,3,1,7545,1,0,0,
cow-product,,tuning,6-7-8,2.0,all_no_bos,randnorm,2,2,1,7545,1,0,0,
cow-product,,tuning,6-7-8,2.0,from_mention,lens,-1,26,2306,503,0,0,1,
cow-product,,tuning,6-7-8,2.0,from_mention,randdir,0,2,1,7545,1,0,0,
cow-product,,tuning,6-7-8,2.0,from_mention,randdir,1,3,1,7545,1,0,0,
cow-product,,tuning,6-7-8,2.0,from_mention,randdir,2,3,1,7545,1,0,0,
cow-product,,tuning,6-7-8,2.0,from_mention,randnorm,0,2,1,7545,1,0,0,
cow-product,,tuning,6-7-8,2.0,from_mention,randnorm,1,3,1,7545,1,0,0,
cow-product,,tuning,6-7-8,2.0,from_mention,randnorm,2,2,1,7545,1,0,0,
cow-product,,tuning,6-7-8,2.0,answer_only,lens,-1,2,19,30963,1,0,1,
cow-product,,tuning,6-7-8,2.0,answer_only,randdir,0,2,1,7545,1,0,0,
cow-product,,tuning,6-7-8,2.0,answer_only,randdir,1,2,1,7545,1,0,0,
cow-product,,tuning,6-7-8,2.0,answer_only,randdir,2,3,1,7545,1,0,0,
cow-product,,tuning,6-7-8,2.0,answer_only,randnorm,0,3,1,7545,1,0,0,
cow-product,,tuning,6-7-8,2.0,answer_only,randnorm,1,3,1,7545,1,0,0,
cow-product,,tuning,6-7-8,2.0,answer_only,randnorm,2,2,1,7545,1,0,0,
cow-product,,tuning,7-8-9,0.5,all_no_bos,lens,-1,2,1,7545,1,0,0,
cow-product,,tuning,7-8-9,0.5,all_no_bos,randdir,0,2,1,7545,1,0,0,
cow-product,,tuning,7-8-9,0.5,all_no_bos,randdir,1,2,1,7545,1,0,0,
cow-product,,tuning,7-8-9,0.5,all_no_bos,randdir,2,2,1,7545,1,0,0,
cow-product,,tuning,7-8-9,0.5,all_no_bos,randnorm,0,2,1,7545,1,0,0,
cow-product,,tuning,7-8-9,0.5,all_no_bos,randnorm,1,2,1,7545,1,0,0,
cow-product,,tuning,7-8-9,0.5,all_no_bos,randnorm,2,2,1,7545,1,0,0,
cow-product,,tuning,7-8-9,0.5,from_mention,lens,-1,2,1,7545,1,0,0,
cow-product,,tuning,7-8-9,0.5,from_mention,randdir,0,2,1,7545,1,0,0,
cow-product,,tuning,7-8-9,0.5,from_mention,randdir,1,2,1,7545,1,0,0,
cow-product,,tuning,7-8-9,0.5,from_mention,randdir,2,2,1,7545,1,0,0,
cow-product,,tuning,7-8-9,0.5,from_mention,randnorm,0,2,1,7545,1,0,0,
cow-product,,tuning,7-8-9,0.5,from_mention,randnorm,1,2,1,7545,1,0,0,
cow-product,,tuning,7-8-9,0.5,from_mention,randnorm,2,2,1,7545,1,0,0,
cow-product,,tuning,7-8-9,0.5,answer_only,lens,-1,2,1,7545,1,0,0,
cow-product,,tuning,7-8-9,0.5,answer_only,randdir,0,2,1,7545,1,0,0,
cow-product,,tuning,7-8-9,0.5,answer_only,randdir,1,2,1,7545,1,0,0,
cow-product,,tuning,7-8-9,0.5,answer_only,randdir,2,2,1,7545,1,0,0,
cow-product,,tuning,7-8-9,0.5,answer_only,randnorm,0,2,1,7545,1,0,0,
cow-product,,tuning,7-8-9,0.5,answer_only,randnorm,1,2,1,7545,1,0,0,
cow-product,,tuning,7-8-9,0.5,answer_only,randnorm,2,2,1,7545,1,0,0,
cow-product,,tuning,7-8-9,1.0,all_no_bos,lens,-1,2,1,7545,1,0,0,
cow-product,,tuning,7-8-9,1.0,all_no_bos,randdir,0,2,1,7545,1,0,0,
cow-product,,tuning,7-8-9,1.0,all_no_bos,randdir,1,3,1,7545,1,0,0,
cow-product,,tuning,7-8-9,1.0,all_no_bos,randdir,2,2,1,7545,1,0,0,
cow-product,,tuning,7-8-9,1.0,all_no_bos,randnorm,0,2,1,7545,1,0,0,
cow-product,,tuning,7-8-9,1.0,all_no_bos,randnorm,1,2,1,7545,1,0,0,
cow-product,,tuning,7-8-9,1.0,all_no_bos,randnorm,2,2,1,7545,1,0,0,
cow-product,,tuning,7-8-9,1.0,from_mention,lens,-1,2,1,7545,1,0,0,
cow-product,,tuning,7-8-9,1.0,from_mention,randdir,0,2,1,7545,1,0,0,
cow-product,,tuning,7-8-9,1.0,from_mention,randdir,1,3,1,7545,1,0,0,
cow-product,,tuning,7-8-9,1.0,from_mention,randdir,2,2,1,7545,1,0,0,
cow-product,,tuning,7-8-9,1.0,from_mention,randnorm,0,2,1,7545,1,0,0,
cow-product,,tuning,7-8-9,1.0,from_mention,randnorm,1,2,1,7545,1,0,0,
cow-product,,tuning,7-8-9,1.0,from_mention,randnorm,2,2,1,7545,1,0,0,
cow-product,,tuning,7-8-9,1.0,answer_only,lens,-1,2,1,7545,1,0,0,
cow-product,,tuning,7-8-9,1.0,answer_only,randdir,0,2,1,7545,1,0,0,
cow-product,,tuning,7-8-9,1.0,answer_only,randdir,1,2,1,7545,1,0,0,
cow-product,,tuning,7-8-9,1.0,answer_only,randdir,2,2,1,7545,1,0,0,
cow-product,,tuning,7-8-9,1.0,answer_only,randnorm,0,2,1,7545,1,0,0,
cow-product,,tuning,7-8-9,1.0,answer_only,randnorm,1,2,1,7545,1,0,0,
cow-product,,tuning,7-8-9,1.0,answer_only,randnorm,2,2,1,7545,1,0,0,
cow-product,,tuning,7-8-9,2.0,all_no_bos,lens,-1,2,14693,30963,1,0,1,
cow-product,,tuning,7-8-9,2.0,all_no_bos,randdir,0,2,1,7545,1,0,0,
cow-product,,tuning,7-8-9,2.0,all_no_bos,randdir,1,4,1,7545,1,0,0,
cow-product,,tuning,7-8-9,2.0,all_no_bos,randdir,2,3,1,7545,1,0,0,
cow-product,,tuning,7-8-9,2.0,all_no_bos,randnorm,0,3,2,262,1,0,0,
cow-product,,tuning,7-8-9,2.0,all_no_bos,randnorm,1,2,1,7545,1,0,0,
cow-product,,tuning,7-8-9,2.0,all_no_bos,randnorm,2,3,1,7545,1,0,0,
cow-product,,tuning,7-8-9,2.0,from_mention,lens,-1,2,14693,30963,1,0,1,
cow-product,,tuning,7-8-9,2.0,from_mention,randdir,0,2,1,7545,1,0,0,
cow-product,,tuning,7-8-9,2.0,from_mention,randdir,1,4,1,7545,1,0,0,
cow-product,,tuning,7-8-9,2.0,from_mention,randdir,2,3,1,7545,1,0,0,
cow-product,,tuning,7-8-9,2.0,from_mention,randnorm,0,3,2,262,1,0,0,
cow-product,,tuning,7-8-9,2.0,from_mention,randnorm,1,2,1,7545,1,0,0,
cow-product,,tuning,7-8-9,2.0,from_mention,randnorm,2,3,1,7545,1,0,0,
cow-product,,tuning,7-8-9,2.0,answer_only,lens,-1,2,797,30963,1,0,1,
cow-product,,tuning,7-8-9,2.0,answer_only,randdir,0,2,1,7545,1,0,0,
cow-product,,tuning,7-8-9,2.0,answer_only,randdir,1,3,1,7545,1,0,0,
cow-product,,tuning,7-8-9,2.0,answer_only,randdir,2,2,1,7545,1,0,0,
cow-product,,tuning,7-8-9,2.0,answer_only,randnorm,0,3,1,7545,1,0,0,
cow-product,,tuning,7-8-9,2.0,answer_only,randnorm,1,2,1,7545,1,0,0,
cow-product,,tuning,7-8-9,2.0,answer_only,randnorm,2,2,1,7545,1,0,0,
doctor-place,,heldout,3,0.5,all_no_bos,lens,-1,4,3,262,1,0,0,
doctor-place,,heldout,3,0.5,all_no_bos,randdir,0,4,2,262,1,0,0,
doctor-place,,heldout,3,0.5,all_no_bos,randdir,1,4,3,257,1,0,0,
doctor-place,,heldout,3,0.5,all_no_bos,randdir,2,4,3,257,1,0,0,
doctor-place,,heldout,3,0.5,all_no_bos,randnorm,0,4,1,11301,1,0,0,
doctor-place,,heldout,3,0.5,all_no_bos,randnorm,1,4,3,257,1,0,0,
doctor-place,,heldout,3,0.5,all_no_bos,randnorm,2,4,3,257,1,0,0,
doctor-place,,heldout,3,0.5,from_mention,lens,-1,4,3,262,1,0,0,
doctor-place,,heldout,3,0.5,from_mention,randdir,0,4,2,262,1,0,0,
doctor-place,,heldout,3,0.5,from_mention,randdir,1,4,3,257,1,0,0,
doctor-place,,heldout,3,0.5,from_mention,randdir,2,4,3,257,1,0,0,
doctor-place,,heldout,3,0.5,from_mention,randnorm,0,4,1,11301,1,0,0,
doctor-place,,heldout,3,0.5,from_mention,randnorm,1,4,3,257,1,0,0,
doctor-place,,heldout,3,0.5,from_mention,randnorm,2,4,3,257,1,0,0,
doctor-place,,heldout,3,0.5,answer_only,lens,-1,4,3,262,1,0,0,
doctor-place,,heldout,3,0.5,answer_only,randdir,0,4,2,262,1,0,0,
doctor-place,,heldout,3,0.5,answer_only,randdir,1,4,3,262,1,0,0,
doctor-place,,heldout,3,0.5,answer_only,randdir,2,4,3,262,1,0,0,
doctor-place,,heldout,3,0.5,answer_only,randnorm,0,4,3,262,1,0,0,
doctor-place,,heldout,3,0.5,answer_only,randnorm,1,4,3,262,1,0,0,
doctor-place,,heldout,3,0.5,answer_only,randnorm,2,4,3,262,1,0,0,
doctor-place,,heldout,3,1.0,all_no_bos,lens,-1,4,3,262,1,0,0,
doctor-place,,heldout,3,1.0,all_no_bos,randdir,0,4,1,11301,1,0,0,
doctor-place,,heldout,3,1.0,all_no_bos,randdir,1,4,3,257,1,0,0,
doctor-place,,heldout,3,1.0,all_no_bos,randdir,2,4,3,257,1,0,0,
doctor-place,,heldout,3,1.0,all_no_bos,randnorm,0,4,1,11301,1,0,0,
doctor-place,,heldout,3,1.0,all_no_bos,randnorm,1,4,3,257,1,0,0,
doctor-place,,heldout,3,1.0,all_no_bos,randnorm,2,4,3,257,1,0,0,
doctor-place,,heldout,3,1.0,from_mention,lens,-1,4,3,262,1,0,0,
doctor-place,,heldout,3,1.0,from_mention,randdir,0,4,1,11301,1,0,0,
doctor-place,,heldout,3,1.0,from_mention,randdir,1,4,3,257,1,0,0,
doctor-place,,heldout,3,1.0,from_mention,randdir,2,4,3,257,1,0,0,
doctor-place,,heldout,3,1.0,from_mention,randnorm,0,4,1,11301,1,0,0,
doctor-place,,heldout,3,1.0,from_mention,randnorm,1,4,3,257,1,0,0,
doctor-place,,heldout,3,1.0,from_mention,randnorm,2,4,3,257,1,0,0,
doctor-place,,heldout,3,1.0,answer_only,lens,-1,4,3,262,1,0,0,
doctor-place,,heldout,3,1.0,answer_only,randdir,0,4,2,262,1,0,0,
doctor-place,,heldout,3,1.0,answer_only,randdir,1,4,3,257,1,0,0,
doctor-place,,heldout,3,1.0,answer_only,randdir,2,4,1,11301,1,0,0,
doctor-place,,heldout,3,1.0,answer_only,randnorm,0,4,3,262,1,0,0,
doctor-place,,heldout,3,1.0,answer_only,randnorm,1,4,3,262,1,0,0,
doctor-place,,heldout,3,1.0,answer_only,randnorm,2,4,3,262,1,0,0,
doctor-place,,heldout,3,2.0,all_no_bos,lens,-1,3,4,262,1,0,1,
doctor-place,,heldout,3,2.0,all_no_bos,randdir,0,4,1,11301,1,0,0,
doctor-place,,heldout,3,2.0,all_no_bos,randdir,1,4,3,257,1,0,0,
doctor-place,,heldout,3,2.0,all_no_bos,randdir,2,4,3,257,1,0,0,
doctor-place,,heldout,3,2.0,all_no_bos,randnorm,0,5,3,257,1,0,0,
doctor-place,,heldout,3,2.0,all_no_bos,randnorm,1,4,3,257,1,0,0,
doctor-place,,heldout,3,2.0,all_no_bos,randnorm,2,4,3,257,1,0,0,
doctor-place,,heldout,3,2.0,from_mention,lens,-1,3,4,262,1,0,1,
doctor-place,,heldout,3,2.0,from_mention,randdir,0,4,1,11301,1,0,0,
doctor-place,,heldout,3,2.0,from_mention,randdir,1,4,3,257,1,0,0,
doctor-place,,heldout,3,2.0,from_mention,randdir,2,4,3,257,1,0,0,
doctor-place,,heldout,3,2.0,from_mention,randnorm,0,5,3,257,1,0,0,
doctor-place,,heldout,3,2.0,from_mention,randnorm,1,4,3,257,1,0,0,
doctor-place,,heldout,3,2.0,from_mention,randnorm,2,4,3,257,1,0,0,
doctor-place,,heldout,3,2.0,answer_only,lens,-1,4,3,262,1,0,0,
doctor-place,,heldout,3,2.0,answer_only,randdir,0,4,2,262,1,0,0,
doctor-place,,heldout,3,2.0,answer_only,randdir,1,4,3,257,1,0,0,
doctor-place,,heldout,3,2.0,answer_only,randdir,2,4,1,11301,1,0,0,
doctor-place,,heldout,3,2.0,answer_only,randnorm,0,4,2,262,1,0,0,
doctor-place,,heldout,3,2.0,answer_only,randnorm,1,4,3,257,1,0,0,
doctor-place,,heldout,3,2.0,answer_only,randnorm,2,4,2,262,1,0,0,
doctor-place,,heldout,4,0.5,all_no_bos,lens,-1,4,3,262,1,0,0,
doctor-place,,heldout,4,0.5,all_no_bos,randdir,0,4,3,257,1,0,0,
doctor-place,,heldout,4,0.5,all_no_bos,randdir,1,4,3,262,1,0,0,
doctor-place,,heldout,4,0.5,all_no_bos,randdir,2,4,3,262,1,0,0,
doctor-place,,heldout,4,0.5,all_no_bos,randnorm,0,4,3,257,1,0,0,
doctor-place,,heldout,4,0.5,all_no_bos,randnorm,1,4,2,262,1,0,0,
doctor-place,,heldout,4,0.5,all_no_bos,randnorm,2,4,3,262,1,0,0,
doctor-place,,heldout,4,0.5,from_mention,lens,-1,4,3,262,1,0,0,
doctor-place,,heldout,4,0.5,from_mention,randdir,0,4,3,257,1,0,0,
doctor-place,,heldout,4,0.5,from_mention,randdir,1,4,3,262,1,0,0,
doctor-place,,heldout,4,0.5,from_mention,randdir,2,4,3,262,1,0,0,
doctor-place,,heldout,4,0.5,from_mention,randnorm,0,4,3,257,1,0,0,
doctor-place,,heldout,4,0.5,from_mention,randnorm,1,4,2,262,1,0,0,
doctor-place,,heldout,4,0.5,from_mention,randnorm,2,4,3,262,1,0,0,
doctor-place,,heldout,4,0.5,answer_only,lens,-1,4,3,262,1,0,0,
doctor-place,,heldout,4,0.5,answer_only,randdir,0,4,3,262,1,0,0,
doctor-place,,heldout,4,0.5,answer_only,randdir,1,4,3,262,1,0,0,
doctor-place,,heldout,4,0.5,answer_only,randdir,2,4,3,257,1,0,0,
doctor-place,,heldout,4,0.5,answer_only,randnorm,0,4,3,262,1,0,0,
doctor-place,,heldout,4,0.5,answer_only,randnorm,1,4,3,262,1,0,0,
doctor-place,,heldout,4,0.5,answer_only,randnorm,2,4,3,262,1,0,0,
doctor-place,,heldout,4,1.0,all_no_bos,lens,-1,3,4,262,1,0,1,
doctor-place,,heldout,4,1.0,all_no_bos,randdir,0,4,3,257,1,0,0,
doctor-place,,heldout,4,1.0,all_no_bos,randdir,1,4,3,262,1,0,0,
doctor-place,,heldout,4,1.0,all_no_bos,randdir,2,4,3,262,1,0,0,
doctor-place,,heldout,4,1.0,all_no_bos,randnorm,0,4,3,262,1,0,0,
doctor-place,,heldout,4,1.0,all_no_bos,randnorm,1,4,1,11301,1,0,0,
doctor-place,,heldout,4,1.0,all_no_bos,randnorm,2,5,3,262,1,0,0,
doctor-place,,heldout,4,1.0,from_mention,lens,-1,3,4,262,1,0,1,
doctor-place,,heldout,4,1.0,from_mention,randdir,0,4,3,257,1,0,0,
doctor-place,,heldout,4,1.0,from_mention,randdir,1,4,3,262,1,0,0,
doctor-place,,heldout,4,1.0,from_mention,randdir,2,4,3,262,1,0,0,
doctor-place,,heldout,4,1.0,from_mention,randnorm,0,4,3,262,1,0,0,
doctor-place,,heldout,4,1.0,from_mention,randnorm,1,4,1,11301,1,0,0,
doctor-place,,heldout,4,1.0,from_mention,randnorm,2,5,3,262,1,0,0,
doctor-place,,heldout,4,1.0,answer_only,lens,-1,4,3,262,1,0,0,
doctor-place,,heldout,4,1.0,answer_only,randdir,0,4,3,262,1,0,0,
doctor-place,,heldout,4,1.0,answer_only,randdir,1,4,3,262,1,0,0,
doctor-place,,heldout,4,1.0,answer_only,randdir,2,4,2,257,1,0,0,
doctor-place,,heldout,4,1.0,answer_only,randnorm,0,4,3,262,1,0,0,
doctor-place,,heldout,4,1.0,answer_only,randnorm,1,4,3,262,1,0,0,
doctor-place,,heldout,4,1.0,answer_only,randnorm,2,4,3,262,1,0,0,
doctor-place,,heldout,4,2.0,all_no_bos,lens,-1,2,5,262,1,0,1,
doctor-place,,heldout,4,2.0,all_no_bos,randdir,0,5,3,257,1,0,0,
doctor-place,,heldout,4,2.0,all_no_bos,randdir,1,4,3,262,1,0,0,
doctor-place,,heldout,4,2.0,all_no_bos,randdir,2,4,1,11301,1,0,0,
doctor-place,,heldout,4,2.0,all_no_bos,randnorm,0,6,3,262,0,0,0,
doctor-place,,heldout,4,2.0,all_no_bos,randnorm,1,4,3,262,1,0,0,
doctor-place,,heldout,4,2.0,all_no_bos,randnorm,2,6,3,262,0,0,0,
doctor-place,,heldout,4,2.0,from_mention,lens,-1,2,5,262,1,0,1,
doctor-place,,heldout,4,2.0,from_mention,randdir,0,5,3,257,1,0,0,
doctor-place,,heldout,4,2.0,from_mention,randdir,1,4,3,262,1,0,0,
doctor-place,,heldout,4,2.0,from_mention,randdir,2,4,1,11301,1,0,0,
doctor-place,,heldout,4,2.0,from_mention,randnorm,0,6,3,262,0,0,0,
doctor-place,,heldout,4,2.0,from_mention,randnorm,1,4,3,262,1,0,0,
doctor-place,,heldout,4,2.0,from_mention,randnorm,2,6,3,262,0,0,0,
doctor-place,,heldout,4,2.0,answer_only,lens,-1,4,3,262,1,0,0,
doctor-place,,heldout,4,2.0,answer_only,randdir,0,4,3,257,1,0,0,
doctor-place,,heldout,4,2.0,answer_only,randdir,1,4,3,257,1,0,0,
doctor-place,,heldout,4,2.0,answer_only,randdir,2,4,1,11301,1,0,0,
doctor-place,,heldout,4,2.0,answer_only,randnorm,0,4,3,262,1,0,0,
doctor-place,,heldout,4,2.0,answer_only,randnorm,1,4,3,257,1,0,0,
doctor-place,,heldout,4,2.0,answer_only,randnorm,2,4,3,262,1,0,0,
doctor-place,,heldout,5,0.5,all_no_bos,lens,-1,4,2,262,1,0,0,
doctor-place,,heldout,5,0.5,all_no_bos,randdir,0,4,3,262,1,0,0,
doctor-place,,heldout,5,0.5,all_no_bos,randdir,1,4,2,262,1,0,0,
doctor-place,,heldout,5,0.5,all_no_bos,randdir,2,4,3,262,1,0,0,
doctor-place,,heldout,5,0.5,all_no_bos,randnorm,0,4,3,262,1,0,0,
doctor-place,,heldout,5,0.5,all_no_bos,randnorm,1,5,3,257,1,0,0,
doctor-place,,heldout,5,0.5,all_no_bos,randnorm,2,4,3,262,1,0,0,
doctor-place,,heldout,5,0.5,from_mention,lens,-1,4,2,262,1,0,0,
doctor-place,,heldout,5,0.5,from_mention,randdir,0,4,3,262,1,0,0,
doctor-place,,heldout,5,0.5,from_mention,randdir,1,4,2,262,1,0,0,
doctor-place,,heldout,5,0.5,from_mention,randdir,2,4,3,262,1,0,0,
doctor-place,,heldout,5,0.5,from_mention,randnorm,0,4,3,262,1,0,0,
doctor-place,,heldout,5,0.5,from_mention,randnorm,1,5,3,257,1,0,0,
doctor-place,,heldout,5,0.5,from_mention,randnorm,2,4,3,262,1,0,0,
doctor-place,,heldout,5,0.5,answer_only,lens,-1,4,3,262,1,0,0,
doctor-place,,heldout,5,0.5,answer_only,randdir,0,4,3,262,1,0,0,
doctor-place,,heldout,5,0.5,answer_only,randdir,1,4,3,262,1,0,0,
doctor-place,,heldout,5,0.5,answer_only,randdir,2,4,3,262,1,0,0,
doctor-place,,heldout,5,0.5,answer_only,randnorm,0,4,3,262,1,0,0,
doctor-place,,heldout,5,0.5,answer_only,randnorm,1,4,3,262,1,0,0,
doctor-place,,heldout,5,0.5,answer_only,randnorm,2,4,3,262,1,0,0,
doctor-place,,heldout,5,1.0,all_no_bos,lens,-1,4,3,262,1,0,0,
doctor-place,,heldout,5,1.0,all_no_bos,randdir,0,4,3,262,1,0,0,
doctor-place,,heldout,5,1.0,all_no_bos,randdir,1,4,2,262,1,0,0,
doctor-place,,heldout,5,1.0,all_no_bos,randdir,2,4,3,257,1,0,0,
doctor-place,,heldout,5,1.0,all_no_bos,randnorm,0,4,3,262,1,0,0,
doctor-place,,heldout,5,1.0,all_no_bos,randnorm,1,5,3,257,1,0,0,
doctor-place,,heldout,5,1.0,all_no_bos,randnorm,2,4,3,262,1,0,0,
doctor-place,,heldout,5,1.0,from_mention,lens,-1,4,3,262,1,0,0,
doctor-place,,heldout,5,1.0,from_mention,randdir,0,4,3,262,1,0,0,
doctor-place,,heldout,5,1.0,from_mention,randdir,1,4,2,262,1,0,0,
doctor-place,,heldout,5,1.0,from_mention,randdir,2,4,3,257,1,0,0,
doctor-place,,heldout,5,1.0,from_mention,randnorm,0,4,3,262,1,0,0,
doctor-place,,heldout,5,1.0,from_mention,randnorm,1,5,3,257,1,0,0,
doctor-place,,heldout,5,1.0,from_mention,randnorm,2,4,3,262,1,0,0,
doctor-place,,heldout,5,1.0,answer_only,lens,-1,4,3,262,1,0,0,
doctor-place,,heldout,5,1.0,answer_only,randdir,0,4,3,262,1,0,0,
doctor-place,,heldout,5,1.0,answer_only,randdir,1,4,3,262,1,0,0,
doctor-place,,heldout,5,1.0,answer_only,randdir,2,4,2,262,1,0,0,
doctor-place,,heldout,5,1.0,answer_only,randnorm,0,4,3,262,1,0,0,
doctor-place,,heldout,5,1.0,answer_only,randnorm,1,4,3,262,1,0,0,
doctor-place,,heldout,5,1.0,answer_only,randnorm,2,4,3,262,1,0,0,
doctor-place,,heldout,5,2.0,all_no_bos,lens,-1,4,3,262,1,0,0,
doctor-place,,heldout,5,2.0,all_no_bos,randdir,0,4,3,262,1,0,0,
doctor-place,,heldout,5,2.0,all_no_bos,randdir,1,4,2,262,1,0,0,
doctor-place,,heldout,5,2.0,all_no_bos,randdir,2,4,3,257,1,0,0,
doctor-place,,heldout,5,2.0,all_no_bos,randnorm,0,7,3,262,0,0,0,
doctor-place,,heldout,5,2.0,all_no_bos,randnorm,1,8,4,257,0,0,0,
doctor-place,,heldout,5,2.0,all_no_bos,randnorm,2,3,4,262,1,0,1,
doctor-place,,heldout,5,2.0,from_mention,lens,-1,4,3,262,1,0,0,
doctor-place,,heldout,5,2.0,from_mention,randdir,0,4,3,262,1,0,0,
doctor-place,,heldout,5,2.0,from_mention,randdir,1,4,2,262,1,0,0,
doctor-place,,heldout,5,2.0,from_mention,randdir,2,4,3,257,1,0,0,
doctor-place,,heldout,5,2.0,from_mention,randnorm,0,7,3,262,0,0,0,
doctor-place,,heldout,5,2.0,from_mention,randnorm,1,8,4,257,0,0,0,
doctor-place,,heldout,5,2.0,from_mention,randnorm,2,3,4,262,1,0,1,
doctor-place,,heldout,5,2.0,answer_only,lens,-1,4,3,262,1,0,0,
doctor-place,,heldout,5,2.0,answer_only,randdir,0,4,3,262,1,0,0,
doctor-place,,heldout,5,2.0,answer_only,randdir,1,4,3,262,1,0,0,
doctor-place,,heldout,5,2.0,answer_only,randdir,2,4,1,11301,1,0,0,
doctor-place,,heldout,5,2.0,answer_only,randnorm,0,4,3,262,1,0,0,
doctor-place,,heldout,5,2.0,answer_only,randnorm,1,4,3,262,1,0,0,
doctor-place,,heldout,5,2.0,answer_only,randnorm,2,4,3,262,1,0,0,
doctor-place,,heldout,6,0.5,all_no_bos,lens,-1,4,3,262,1,0,0,
doctor-place,,heldout,6,0.5,all_no_bos,randdir,0,4,3,257,1,0,0,
doctor-place,,heldout,6,0.5,all_no_bos,randdir,1,4,3,257,1,0,0,
doctor-place,,heldout,6,0.5,all_no_bos,randdir,2,4,3,257,1,0,0,
doctor-place,,heldout,6,0.5,all_no_bos,randnorm,0,4,1,11301,1,0,0,
doctor-place,,heldout,6,0.5,all_no_bos,randnorm,1,4,1,11301,1,0,0,
doctor-place,,heldout,6,0.5,all_no_bos,randnorm,2,4,3,257,1,0,0,
doctor-place,,heldout,6,0.5,from_mention,lens,-1,4,3,262,1,0,0,
doctor-place,,heldout,6,0.5,from_mention,randdir,0,4,3,257,1,0,0,
doctor-place,,heldout,6,0.5,from_mention,randdir,1,4,3,257,1,0,0,
doctor-place,,heldout,6,0.5,from_mention,randdir,2,4,3,257,1,0,0,
doctor-place,,heldout,6,0.5,from_mention,randnorm,0,4,1,11301,1,0,0,
doctor-place,,heldout,6,0.5,from_mention,randnorm,1,4,1,11301,1,0,0,
doctor-place,,heldout,6,0.5,from_mention,randnorm,2,4,3,257,1,0,0,
doctor-place,,heldout,6,0.5,answer_only,lens,-1,4,3,262,1,0,0,
doctor-place,,heldout,6,0.5,answer_only,randdir,0,4,3,262,1,0,0,
doctor-place,,heldout,6,0.5,answer_only,randdir,1,4,3,262,1,0,0,
doctor-place,,heldout,6,0.5,answer_only,randdir,2,4,3,262,1,0,0,
doctor-place,,heldout,6,0.5,answer_only,randnorm,0,4,3,262,1,0,0,
doctor-place,,heldout,6,0.5,answer_only,randnorm,1,4,3,262,1,0,0,
doctor-place,,heldout,6,0.5,answer_only,randnorm,2,4,3,262,1,0,0,
doctor-place,,heldout,6,1.0,all_no_bos,lens,-1,4,3,262,1,0,0,
doctor-place,,heldout,6,1.0,all_no_bos,randdir,0,4,3,257,1,0,0,
doctor-place,,heldout,6,1.0,all_no_bos,randdir,1,4,3,257,1,0,0,
doctor-place,,heldout,6,1.0,all_no_bos,randdir,2,4,3,257,1,0,0,
doctor-place,,heldout,6,1.0,all_no_bos,randnorm,0,4,3,257,1,0,0,
doctor-place,,heldout,6,1.0,all_no_bos,randnorm,1,4,1,11301,1,0,0,
doctor-place,,heldout,6,1.0,all_no_bos,randnorm,2,4,3,257,1,0,0,
doctor-place,,heldout,6,1.0,from_mention,lens,-1,4,3,262,1,0,0,
doctor-place,,heldout,6,1.0,from_mention,randdir,0,4,3,257,1,0,0,
doctor-place,,heldout,6,1.0,from_mention,randdir,1,4,3,257,1,0,0,
doctor-place,,heldout,6,1.0,from_mention,randdir,2,4,3,257,1,0,0,
doctor-place,,heldout,6,1.0,from_mention,randnorm,0,4,3,257,1,0,0,
doctor-place,,heldout,6,1.0,from_mention,randnorm,1,4,1,11301,1,0,0,
doctor-place,,heldout,6,1.0,from_mention,randnorm,2,4,3,257,1,0,0,
doctor-place,,heldout,6,1.0,answer_only,lens,-1,4,3,262,1,0,0,
doctor-place,,heldout,6,1.0,answer_only,randdir,0,4,3,262,1,0,0,
doctor-place,,heldout,6,1.0,answer_only,randdir,1,4,1,11301,1,0,0,
doctor-place,,heldout,6,1.0,answer_only,randdir,2,4,3,262,1,0,0,
doctor-place,,heldout,6,1.0,answer_only,randnorm,0,4,3,262,1,0,0,
doctor-place,,heldout,6,1.0,answer_only,randnorm,1,4,3,262,1,0,0,
doctor-place,,heldout,6,1.0,answer_only,randnorm,2,4,3,262,1,0,0,
doctor-place,,heldout,6,2.0,all_no_bos,lens,-1,3,4,262,1,0,1,
doctor-place,,heldout,6,2.0,all_no_bos,randdir,0,4,3,257,1,0,0,
doctor-place,,heldout,6,2.0,all_no_bos,randdir,1,4,1,11301,1,0,0,
doctor-place,,heldout,6,2.0,all_no_bos,randdir,2,4,3,257,1,0,0,
doctor-place,,heldout,6,2.0,all_no_bos,randnorm,0,4,3,257,1,0,0,
doctor-place,,heldout,6,2.0,all_no_bos,randnorm,1,4,1,11301,1,0,0,
doctor-place,,heldout,6,2.0,all_no_bos,randnorm,2,5,4,257,1,0,0,
doctor-place,,heldout,6,2.0,from_mention,lens,-1,3,4,262,1,0,1,
doctor-place,,heldout,6,2.0,from_mention,randdir,0,4,3,257,1,0,0,
doctor-place,,heldout,6,2.0,from_mention,randdir,1,4,1,11301,1,0,0,
doctor-place,,heldout,6,2.0,from_mention,randdir,2,4,3,257,1,0,0,
doctor-place,,heldout,6,2.0,from_mention,randnorm,0,4,3,257,1,0,0,
doctor-place,,heldout,6,2.0,from_mention,randnorm,1,4,1,11301,1,0,0,
doctor-place,,heldout,6,2.0,from_mention,randnorm,2,5,4,257,1,0,0,
doctor-place,,heldout,6,2.0,answer_only,lens,-1,4,3,262,1,0,0,
doctor-place,,heldout,6,2.0,answer_only,randdir,0,4,3,262,1,0,0,
doctor-place,,heldout,6,2.0,answer_only,randdir,1,4,1,11301,1,0,0,
doctor-place,,heldout,6,2.0,answer_only,randdir,2,4,3,262,1,0,0,
doctor-place,,heldout,6,2.0,answer_only,randnorm,0,4,3,262,1,0,0,
doctor-place,,heldout,6,2.0,answer_only,randnorm,1,4,3,262,1,0,0,
doctor-place,,heldout,6,2.0,answer_only,randnorm,2,4,3,262,1,0,0,
doctor-place,,heldout,7,0.5,all_no_bos,lens,-1,4,3,262,1,0,0,
doctor-place,,heldout,7,0.5,all_no_bos,randdir,0,4,3,262,1,0,0,
doctor-place,,heldout,7,0.5,all_no_bos,randdir,1,4,3,262,1,0,0,
doctor-place,,heldout,7,0.5,all_no_bos,randdir,2,4,3,262,1,0,0,
doctor-place,,heldout,7,0.5,all_no_bos,randnorm,0,4,3,257,1,0,0,
doctor-place,,heldout,7,0.5,all_no_bos,randnorm,1,4,3,262,1,0,0,
doctor-place,,heldout,7,0.5,all_no_bos,randnorm,2,4,3,262,1,0,0,
doctor-place,,heldout,7,0.5,from_mention,lens,-1,4,3,262,1,0,0,
doctor-place,,heldout,7,0.5,from_mention,randdir,0,4,3,262,1,0,0,
doctor-place,,heldout,7,0.5,from_mention,randdir,1,4,3,262,1,0,0,
doctor-place,,heldout,7,0.5,from_mention,randdir,2,4,3,262,1,0,0,
doctor-place,,heldout,7,0.5,from_mention,randnorm,0,4,3,257,1,0,0,
doctor-place,,heldout,7,0.5,from_mention,randnorm,1,4,3,262,1,0,0,
doctor-place,,heldout,7,0.5,from_mention,randnorm,2,4,3,262,1,0,0,
doctor-place,,heldout,7,0.5,answer_only,lens,-1,4,3,262,1,0,0,
doctor-place,,heldout,7,0.5,answer_only,randdir,0,4,3,262,1,0,0,
doctor-place,,heldout,7,0.5,answer_only,randdir,1,4,3,262,1,0,0,
doctor-place,,heldout,7,0.5,answer_only,randdir,2,4,3,262,1,0,0,
doctor-place,,heldout,7,0.5,answer_only,randnorm,0,4,3,262,1,0,0,
doctor-place,,heldout,7,0.5,answer_only,randnorm,1,4,3,262,1,0,0,
doctor-place,,heldout,7,0.5,answer_only,randnorm,2,4,3,262,1,0,0,
doctor-place,,heldout,7,1.0,all_no_bos,lens,-1,4,3,262,1,0,0,
doctor-place,,heldout,7,1.0,all_no_bos,randdir,0,4,3,257,1,0,0,
doctor-place,,heldout,7,1.0,all_no_bos,randdir,1,4,3,262,1,0,0,
doctor-place,,heldout,7,1.0,all_no_bos,randdir,2,4,3,262,1,0,0,
doctor-place,,heldout,7,1.0,all_no_bos,randnorm,0,4,3,262,1,0,0,
doctor-place,,heldout,7,1.0,all_no_bos,randnorm,1,4,3,262,1,0,0,
doctor-place,,heldout,7,1.0,all_no_bos,randnorm,2,4,3,262,1,0,0,
doctor-place,,heldout,7,1.0,from_mention,lens,-1,4,3,262,1,0,0,
doctor-place,,heldout,7,1.0,from_mention,randdir,0,4,3,257,1,0,0,
doctor-place,,heldout,7,1.0,from_mention,randdir,1,4,3,262,1,0,0,
doctor-place,,heldout,7,1.0,from_mention,randdir,2,4,3,262,1,0,0,
doctor-place,,heldout,7,1.0,from_mention,randnorm,0,4,3,262,1,0,0,
doctor-place,,heldout,7,1.0,from_mention,randnorm,1,4,3,262,1,0,0,
doctor-place,,heldout,7,1.0,from_mention,randnorm,2,4,3,262,1,0,0,
doctor-place,,heldout,7,1.0,answer_only,lens,-1,4,3,262,1,0,0,
doctor-place,,heldout,7,1.0,answer_only,randdir,0,4,3,262,1,0,0,
doctor-place,,heldout,7,1.0,answer_only,randdir,1,4,3,262,1,0,0,
doctor-place,,heldout,7,1.0,answer_only,randdir,2,4,3,262,1,0,0,
doctor-place,,heldout,7,1.0,answer_only,randnorm,0,4,3,262,1,0,0,
doctor-place,,heldout,7,1.0,answer_only,randnorm,1,4,3,262,1,0,0,
doctor-place,,heldout,7,1.0,answer_only,randnorm,2,4,3,262,1,0,0,
doctor-place,,heldout,7,2.0,all_no_bos,lens,-1,3,4,257,1,0,1,
doctor-place,,heldout,7,2.0,all_no_bos,randdir,0,5,3,257,1,0,0,
doctor-place,,heldout,7,2.0,all_no_bos,randdir,1,5,3,262,1,0,0,
doctor-place,,heldout,7,2.0,all_no_bos,randdir,2,4,3,262,1,0,0,
doctor-place,,heldout,7,2.0,all_no_bos,randnorm,0,4,3,262,1,0,0,
doctor-place,,heldout,7,2.0,all_no_bos,randnorm,1,4,3,262,1,0,0,
doctor-place,,heldout,7,2.0,all_no_bos,randnorm,2,4,3,262,1,0,0,
doctor-place,,heldout,7,2.0,from_mention,lens,-1,3,4,257,1,0,1,
doctor-place,,heldout,7,2.0,from_mention,randdir,0,5,3,257,1,0,0,
doctor-place,,heldout,7,2.0,from_mention,randdir,1,5,3,262,1,0,0,
doctor-place,,heldout,7,2.0,from_mention,randdir,2,4,3,262,1,0,0,
doctor-place,,heldout,7,2.0,from_mention,randnorm,0,4,3,262,1,0,0,
doctor-place,,heldout,7,2.0,from_mention,randnorm,1,4,3,262,1,0,0,
doctor-place,,heldout,7,2.0,from_mention,randnorm,2,4,3,262,1,0,0,
doctor-place,,heldout,7,2.0,answer_only,lens,-1,4,3,262,1,0,0,
doctor-place,,heldout,7,2.0,answer_only,randdir,0,4,3,262,1,0,0,
doctor-place,,heldout,7,2.0,answer_only,randdir,1,4,3,262,1,0,0,
doctor-place,,heldout,7,2.0,answer_only,randdir,2,4,3,262,1,0,0,
doctor-place,,heldout,7,2.0,answer_only,randnorm,0,4,3,262,1,0,0,
doctor-place,,heldout,7,2.0,answer_only,randnorm,1,4,3,262,1,0,0,
doctor-place,,heldout,7,2.0,answer_only,randnorm,2,4,3,262,1,0,0,
doctor-place,,heldout,8,0.5,all_no_bos,lens,-1,4,3,262,1,0,0,
doctor-place,,heldout,8,0.5,all_no_bos,randdir,0,4,2,262,1,0,0,
doctor-place,,heldout,8,0.5,all_no_bos,randdir,1,4,3,262,1,0,0,
doctor-place,,heldout,8,0.5,all_no_bos,randdir,2,4,3,262,1,0,0,
doctor-place,,heldout,8,0.5,all_no_bos,randnorm,0,4,3,262,1,0,0,
doctor-place,,heldout,8,0.5,all_no_bos,randnorm,1,4,3,262,1,0,0,
doctor-place,,heldout,8,0.5,all_no_bos,randnorm,2,4,3,262,1,0,0,
doctor-place,,heldout,8,0.5,from_mention,lens,-1,4,3,262,1,0,0,
doctor-place,,heldout,8,0.5,from_mention,randdir,0,4,2,262,1,0,0,
doctor-place,,heldout,8,0.5,from_mention,randdir,1,4,3,262,1,0,0,
doctor-place,,heldout,8,0.5,from_mention,randdir,2,4,3,262,1,0,0,
doctor-place,,heldout,8,0.5,from_mention,randnorm,0,4,3,262,1,0,0,
doctor-place,,heldout,8,0.5,from_mention,randnorm,1,4,3,262,1,0,0,
doctor-place,,heldout,8,0.5,from_mention,randnorm,2,4,3,262,1,0,0,
doctor-place,,heldout,8,0.5,answer_only,lens,-1,4,3,262,1,0,0,
doctor-place,,heldout,8,0.5,answer_only,randdir,0,4,3,262,1,0,0,
doctor-place,,heldout,8,0.5,answer_only,randdir,1,4,3,262,1,0,0,
doctor-place,,heldout,8,0.5,answer_only,randdir,2,4,2,262,1,0,0,
doctor-place,,heldout,8,0.5,answer_only,randnorm,0,4,3,262,1,0,0,
doctor-place,,heldout,8,0.5,answer_only,randnorm,1,4,3,262,1,0,0,
doctor-place,,heldout,8,0.5,answer_only,randnorm,2,4,3,262,1,0,0,
doctor-place,,heldout,8,1.0,all_no_bos,lens,-1,4,3,262,1,0,0,
doctor-place,,heldout,8,1.0,all_no_bos,randdir,0,4,1,11301,1,0,0,
doctor-place,,heldout,8,1.0,all_no_bos,randdir,1,4,3,262,1,0,0,
doctor-place,,heldout,8,1.0,all_no_bos,randdir,2,4,3,262,1,0,0,
doctor-place,,heldout,8,1.0,all_no_bos,randnorm,0,4,3,262,1,0,0,
doctor-place,,heldout,8,1.0,all_no_bos,randnorm,1,4,3,262,1,0,0,
doctor-place,,heldout,8,1.0,all_no_bos,randnorm,2,4,3,262,1,0,0,
doctor-place,,heldout,8,1.0,from_mention,lens,-1,4,3,262,1,0,0,
doctor-place,,heldout,8,1.0,from_mention,randdir,0,4,1,11301,1,0,0,
doctor-place,,heldout,8,1.0,from_mention,randdir,1,4,3,262,1,0,0,
doctor-place,,heldout,8,1.0,from_mention,randdir,2,4,3,262,1,0,0,
doctor-place,,heldout,8,1.0,from_mention,randnorm,0,4,3,262,1,0,0,
doctor-place,,heldout,8,1.0,from_mention,randnorm,1,4,3,262,1,0,0,
doctor-place,,heldout,8,1.0,from_mention,randnorm,2,4,3,262,1,0,0,
doctor-place,,heldout,8,1.0,answer_only,lens,-1,4,3,262,1,0,0,
doctor-place,,heldout,8,1.0,answer_only,randdir,0,4,3,262,1,0,0,
doctor-place,,heldout,8,1.0,answer_only,randdir,1,4,3,262,1,0,0,
doctor-place,,heldout,8,1.0,answer_only,randdir,2,4,2,262,1,0,0,
doctor-place,,heldout,8,1.0,answer_only,randnorm,0,4,3,262,1,0,0,
doctor-place,,heldout,8,1.0,answer_only,randnorm,1,4,3,262,1,0,0,
doctor-place,,heldout,8,1.0,answer_only,randnorm,2,4,3,262,1,0,0,
doctor-place,,heldout,8,2.0,all_no_bos,lens,-1,4,3,257,1,0,0,
doctor-place,,heldout,8,2.0,all_no_bos,randdir,0,4,1,11301,1,0,0,
doctor-place,,heldout,8,2.0,all_no_bos,randdir,1,5,3,262,1,0,0,
doctor-place,,heldout,8,2.0,all_no_bos,randdir,2,4,3,262,1,0,0,
doctor-place,,heldout,8,2.0,all_no_bos,randnorm,0,5,3,262,1,0,0,
doctor-place,,heldout,8,2.0,all_no_bos,randnorm,1,5,3,262,1,0,0,
doctor-place,,heldout,8,2.0,all_no_bos,randnorm,2,5,3,262,1,0,0,
doctor-place,,heldout,8,2.0,from_mention,lens,-1,4,3,257,1,0,0,
doctor-place,,heldout,8,2.0,from_mention,randdir,0,4,1,11301,1,0,0,
doctor-place,,heldout,8,2.0,from_mention,randdir,1,5,3,262,1,0,0,
doctor-place,,heldout,8,2.0,from_mention,randdir,2,4,3,262,1,0,0,
doctor-place,,heldout,8,2.0,from_mention,randnorm,0,5,3,262,1,0,0,
doctor-place,,heldout,8,2.0,from_mention,randnorm,1,5,3,262,1,0,0,
doctor-place,,heldout,8,2.0,from_mention,randnorm,2,5,3,262,1,0,0,
doctor-place,,heldout,8,2.0,answer_only,lens,-1,4,3,262,1,0,0,
doctor-place,,heldout,8,2.0,answer_only,randdir,0,4,3,262,1,0,0,
doctor-place,,heldout,8,2.0,answer_only,randdir,1,4,3,262,1,0,0,
doctor-place,,heldout,8,2.0,answer_only,randdir,2,4,2,262,1,0,0,
doctor-place,,heldout,8,2.0,answer_only,randnorm,0,4,3,262,1,0,0,
doctor-place,,heldout,8,2.0,answer_only,randnorm,1,4,3,262,1,0,0,
doctor-place,,heldout,8,2.0,answer_only,randnorm,2,4,3,262,1,0,0,
doctor-place,,heldout,9,0.5,all_no_bos,lens,-1,4,3,262,1,0,0,
doctor-place,,heldout,9,0.5,all_no_bos,randdir,0,4,1,11301,1,0,0,
doctor-place,,heldout,9,0.5,all_no_bos,randdir,1,4,3,262,1,0,0,
doctor-place,,heldout,9,0.5,all_no_bos,randdir,2,4,3,262,1,0,0,
doctor-place,,heldout,9,0.5,all_no_bos,randnorm,0,4,1,11301,1,0,0,
doctor-place,,heldout,9,0.5,all_no_bos,randnorm,1,4,3,262,1,0,0,
doctor-place,,heldout,9,0.5,all_no_bos,randnorm,2,4,3,262,1,0,0,
doctor-place,,heldout,9,0.5,from_mention,lens,-1,4,3,262,1,0,0,
doctor-place,,heldout,9,0.5,from_mention,randdir,0,4,1,11301,1,0,0,
doctor-place,,heldout,9,0.5,from_mention,randdir,1,4,3,262,1,0,0,
doctor-place,,heldout,9,0.5,from_mention,randdir,2,4,3,262,1,0,0,
doctor-place,,heldout,9,0.5,from_mention,randnorm,0,4,1,11301,1,0,0,
doctor-place,,heldout,9,0.5,from_mention,randnorm,1,4,3,262,1,0,0,
doctor-place,,heldout,9,0.5,from_mention,randnorm,2,4,3,262,1,0,0,
doctor-place,,heldout,9,0.5,answer_only,lens,-1,4,3,262,1,0,0,
doctor-place,,heldout,9,0.5,answer_only,randdir,0,4,1,11301,1,0,0,
doctor-place,,heldout,9,0.5,answer_only,randdir,1,4,3,262,1,0,0,
doctor-place,,heldout,9,0.5,answer_only,randdir,2,4,3,262,1,0,0,
doctor-place,,heldout,9,0.5,answer_only,randnorm,0,4,3,262,1,0,0,
doctor-place,,heldout,9,0.5,answer_only,randnorm,1,4,3,262,1,0,0,
doctor-place,,heldout,9,0.5,answer_only,randnorm,2,4,3,262,1,0,0,
doctor-place,,heldout,9,1.0,all_no_bos,lens,-1,4,3,262,1,0,0,
doctor-place,,heldout,9,1.0,all_no_bos,randdir,0,4,1,11301,1,0,0,
doctor-place,,heldout,9,1.0,all_no_bos,randdir,1,4,3,262,1,0,0,
doctor-place,,heldout,9,1.0,all_no_bos,randdir,2,4,3,262,1,0,0,
doctor-place,,heldout,9,1.0,all_no_bos,randnorm,0,4,1,11301,1,0,0,
doctor-place,,heldout,9,1.0,all_no_bos,randnorm,1,4,3,262,1,0,0,
doctor-place,,heldout,9,1.0,all_no_bos,randnorm,2,4,3,257,1,0,0,
doctor-place,,heldout,9,1.0,from_mention,lens,-1,4,3,262,1,0,0,
doctor-place,,heldout,9,1.0,from_mention,randdir,0,4,1,11301,1,0,0,
doctor-place,,heldout,9,1.0,from_mention,randdir,1,4,3,262,1,0,0,
doctor-place,,heldout,9,1.0,from_mention,randdir,2,4,3,262,1,0,0,
doctor-place,,heldout,9,1.0,from_mention,randnorm,0,4,1,11301,1,0,0,
doctor-place,,heldout,9,1.0,from_mention,randnorm,1,4,3,262,1,0,0,
doctor-place,,heldout,9,1.0,from_mention,randnorm,2,4,3,257,1,0,0,
doctor-place,,heldout,9,1.0,answer_only,lens,-1,4,3,262,1,0,0,
doctor-place,,heldout,9,1.0,answer_only,randdir,0,4,1,11301,1,0,0,
doctor-place,,heldout,9,1.0,answer_only,randdir,1,4,3,262,1,0,0,
doctor-place,,heldout,9,1.0,answer_only,randdir,2,4,3,262,1,0,0,
doctor-place,,heldout,9,1.0,answer_only,randnorm,0,4,3,262,1,0,0,
doctor-place,,heldout,9,1.0,answer_only,randnorm,1,4,3,262,1,0,0,
doctor-place,,heldout,9,1.0,answer_only,randnorm,2,4,3,262,1,0,0,
doctor-place,,heldout,9,2.0,all_no_bos,lens,-1,4,3,262,1,0,0,
doctor-place,,heldout,9,2.0,all_no_bos,randdir,0,6,1,11301,0,0,0,
doctor-place,,heldout,9,2.0,all_no_bos,randdir,1,4,3,262,1,0,0,
doctor-place,,heldout,9,2.0,all_no_bos,randdir,2,4,3,262,1,0,0,
doctor-place,,heldout,9,2.0,all_no_bos,randnorm,0,4,1,11301,1,0,0,
doctor-place,,heldout,9,2.0,all_no_bos,randnorm,1,4,3,262,1,0,0,
doctor-place,,heldout,9,2.0,all_no_bos,randnorm,2,4,3,262,1,0,0,
doctor-place,,heldout,9,2.0,from_mention,lens,-1,4,3,262,1,0,0,
doctor-place,,heldout,9,2.0,from_mention,randdir,0,6,1,11301,0,0,0,
doctor-place,,heldout,9,2.0,from_mention,randdir,1,4,3,262,1,0,0,
doctor-place,,heldout,9,2.0,from_mention,randdir,2,4,3,262,1,0,0,
doctor-place,,heldout,9,2.0,from_mention,randnorm,0,4,1,11301,1,0,0,
doctor-place,,heldout,9,2.0,from_mention,randnorm,1,4,3,262,1,0,0,
doctor-place,,heldout,9,2.0,from_mention,randnorm,2,4,3,262,1,0,0,
doctor-place,,heldout,9,2.0,answer_only,lens,-1,4,2,262,1,0,0,
doctor-place,,heldout,9,2.0,answer_only,randdir,0,4,1,11301,1,0,0,
doctor-place,,heldout,9,2.0,answer_only,randdir,1,4,3,262,1,0,0,
doctor-place,,heldout,9,2.0,answer_only,randdir,2,4,3,262,1,0,0,
doctor-place,,heldout,9,2.0,answer_only,randnorm,0,4,1,11301,1,0,0,
doctor-place,,heldout,9,2.0,answer_only,randnorm,1,4,3,262,1,0,0,
doctor-place,,heldout,9,2.0,answer_only,randnorm,2,4,3,262,1,0,0,
doctor-place,,heldout,10,0.5,all_no_bos,lens,-1,4,3,262,1,0,0,
doctor-place,,heldout,10,0.5,all_no_bos,randdir,0,4,3,262,1,0,0,
doctor-place,,heldout,10,0.5,all_no_bos,randdir,1,4,3,262,1,0,0,
doctor-place,,heldout,10,0.5,all_no_bos,randdir,2,4,1,11301,1,0,0,
doctor-place,,heldout,10,0.5,all_no_bos,randnorm,0,4,3,262,1,0,0,
doctor-place,,heldout,10,0.5,all_no_bos,randnorm,1,4,3,262,1,0,0,
doctor-place,,heldout,10,0.5,all_no_bos,randnorm,2,4,1,11301,1,0,0,
doctor-place,,heldout,10,0.5,from_mention,lens,-1,4,3,262,1,0,0,
doctor-place,,heldout,10,0.5,from_mention,randdir,0,4,3,262,1,0,0,
doctor-place,,heldout,10,0.5,from_mention,randdir,1,4,3,262,1,0,0,
doctor-place,,heldout,10,0.5,from_mention,randdir,2,4,1,11301,1,0,0,
doctor-place,,heldout,10,0.5,from_mention,randnorm,0,4,3,262,1,0,0,
doctor-place,,heldout,10,0.5,from_mention,randnorm,1,4,3,262,1,0,0,
doctor-place,,heldout,10,0.5,from_mention,randnorm,2,4,1,11301,1,0,0,
doctor-place,,heldout,10,0.5,answer_only,lens,-1,4,3,262,1,0,0,
doctor-place,,heldout,10,0.5,answer_only,randdir,0,4,3,262,1,0,0,
doctor-place,,heldout,10,0.5,answer_only,randdir,1,4,3,262,1,0,0,
doctor-place,,heldout,10,0.5,answer_only,randdir,2,4,1,11301,1,0,0,
doctor-place,,heldout,10,0.5,answer_only,randnorm,0,4,2,262,1,0,0,
doctor-place,,heldout,10,0.5,answer_only,randnorm,1,4,3,262,1,0,0,
doctor-place,,heldout,10,0.5,answer_only,randnorm,2,4,1,11301,1,0,0,
doctor-place,,heldout,10,1.0,all_no_bos,lens,-1,3,4,257,1,0,1,
doctor-place,,heldout,10,1.0,all_no_bos,randdir,0,4,3,262,1,0,0,
doctor-place,,heldout,10,1.0,all_no_bos,randdir,1,4,3,262,1,0,0,
doctor-place,,heldout,10,1.0,all_no_bos,randdir,2,4,1,11301,1,0,0,
doctor-place,,heldout,10,1.0,all_no_bos,randnorm,0,4,3,262,1,0,0,
doctor-place,,heldout,10,1.0,all_no_bos,randnorm,1,4,3,262,1,0,0,
doctor-place,,heldout,10,1.0,all_no_bos,randnorm,2,4,1,11301,1,0,0,
doctor-place,,heldout,10,1.0,from_mention,lens,-1,3,4,257,1,0,1,
doctor-place,,heldout,10,1.0,from_mention,randdir,0,4,3,262,1,0,0,
doctor-place,,heldout,10,1.0,from_mention,randdir,1,4,3,262,1,0,0,
doctor-place,,heldout,10,1.0,from_mention,randdir,2,4,1,11301,1,0,0,
doctor-place,,heldout,10,1.0,from_mention,randnorm,0,4,3,262,1,0,0,
doctor-place,,heldout,10,1.0,from_mention,randnorm,1,4,3,262,1,0,0,
doctor-place,,heldout,10,1.0,from_mention,randnorm,2,4,1,11301,1,0,0,
doctor-place,,heldout,10,1.0,answer_only,lens,-1,4,3,257,1,0,0,
doctor-place,,heldout,10,1.0,answer_only,randdir,0,4,2,262,1,0,0,
doctor-place,,heldout,10,1.0,answer_only,randdir,1,4,3,262,1,0,0,
doctor-place,,heldout,10,1.0,answer_only,randdir,2,4,1,11301,1,0,0,
doctor-place,,heldout,10,1.0,answer_only,randnorm,0,4,1,11301,1,0,0,
doctor-place,,heldout,10,1.0,answer_only,randnorm,1,4,3,262,1,0,0,
doctor-place,,heldout,10,1.0,answer_only,randnorm,2,4,1,11301,1,0,0,
doctor-place,,heldout,10,2.0,all_no_bos,lens,-1,3,5,257,1,0,1,
doctor-place,,heldout,10,2.0,all_no_bos,randdir,0,4,3,262,1,0,0,
doctor-place,,heldout,10,2.0,all_no_bos,randdir,1,4,3,262,1,0,0,
doctor-place,,heldout,10,2.0,all_no_bos,randdir,2,4,1,11301,1,0,0,
doctor-place,,heldout,10,2.0,all_no_bos,randnorm,0,4,1,11301,1,0,0,
doctor-place,,heldout,10,2.0,all_no_bos,randnorm,1,4,3,262,1,0,0,
doctor-place,,heldout,10,2.0,all_no_bos,randnorm,2,4,1,11301,1,0,0,
doctor-place,,heldout,10,2.0,from_mention,lens,-1,3,5,257,1,0,1,
doctor-place,,heldout,10,2.0,from_mention,randdir,0,4,3,262,1,0,0,
doctor-place,,heldout,10,2.0,from_mention,randdir,1,4,3,262,1,0,0,
doctor-place,,heldout,10,2.0,from_mention,randdir,2,4,1,11301,1,0,0,
doctor-place,,heldout,10,2.0,from_mention,randnorm,0,4,1,11301,1,0,0,
doctor-place,,heldout,10,2.0,from_mention,randnorm,1,4,3,262,1,0,0,
doctor-place,,heldout,10,2.0,from_mention,randnorm,2,4,1,11301,1,0,0,
doctor-place,,heldout,10,2.0,answer_only,lens,-1,4,3,257,1,0,0,
doctor-place,,heldout,10,2.0,answer_only,randdir,0,4,1,11301,1,0,0,
doctor-place,,heldout,10,2.0,answer_only,randdir,1,4,3,262,1,0,0,
doctor-place,,heldout,10,2.0,answer_only,randdir,2,4,1,11301,1,0,0,
doctor-place,,heldout,10,2.0,answer_only,randnorm,0,4,1,11301,1,0,0,
doctor-place,,heldout,10,2.0,answer_only,randnorm,1,4,3,262,1,0,0,
doctor-place,,heldout,10,2.0,answer_only,randnorm,2,4,1,11301,1,0,0,
doctor-place,,heldout,5-6,0.5,all_no_bos,lens,-1,4,2,262,1,0,0,
doctor-place,,heldout,5-6,0.5,all_no_bos,randdir,0,4,3,257,1,0,0,
doctor-place,,heldout,5-6,0.5,all_no_bos,randdir,1,4,2,262,1,0,0,
doctor-place,,heldout,5-6,0.5,all_no_bos,randdir,2,4,3,257,1,0,0,
doctor-place,,heldout,5-6,0.5,all_no_bos,randnorm,0,4,3,262,1,0,0,
doctor-place,,heldout,5-6,0.5,all_no_bos,randnorm,1,5,3,257,1,0,0,
doctor-place,,heldout,5-6,0.5,all_no_bos,randnorm,2,4,3,257,1,0,0,
doctor-place,,heldout,5-6,0.5,from_mention,lens,-1,4,2,262,1,0,0,
doctor-place,,heldout,5-6,0.5,from_mention,randdir,0,4,3,257,1,0,0,
doctor-place,,heldout,5-6,0.5,from_mention,randdir,1,4,2,262,1,0,0,
doctor-place,,heldout,5-6,0.5,from_mention,randdir,2,4,3,257,1,0,0,
doctor-place,,heldout,5-6,0.5,from_mention,randnorm,0,4,3,262,1,0,0,
doctor-place,,heldout,5-6,0.5,from_mention,randnorm,1,5,3,257,1,0,0,
doctor-place,,heldout,5-6,0.5,from_mention,randnorm,2,4,3,257,1,0,0,
doctor-place,,heldout,5-6,0.5,answer_only,lens,-1,4,3,262,1,0,0,
doctor-place,,heldout,5-6,0.5,answer_only,randdir,0,4,3,262,1,0,0,
doctor-place,,heldout,5-6,0.5,answer_only,randdir,1,4,3,262,1,0,0,
doctor-place,,heldout,5-6,0.5,answer_only,randdir,2,4,3,262,1,0,0,
doctor-place,,heldout,5-6,0.5,answer_only,randnorm,0,4,3,262,1,0,0,
doctor-place,,heldout,5-6,0.5,answer_only,randnorm,1,4,3,262,1,0,0,
doctor-place,,heldout,5-6,0.5,answer_only,randnorm,2,4,3,262,1,0,0,
doctor-place,,heldout,5-6,1.0,all_no_bos,lens,-1,4,1,11301,1,0,0,
doctor-place,,heldout,5-6,1.0,all_no_bos,randdir,0,4,3,257,1,0,0,
doctor-place,,heldout,5-6,1.0,all_no_bos,randdir,1,4,1,11301,1,0,0,
doctor-place,,heldout,5-6,1.0,all_no_bos,randdir,2,4,3,257,1,0,0,
doctor-place,,heldout,5-6,1.0,all_no_bos,randnorm,0,4,3,262,1,0,0,
doctor-place,,heldout,5-6,1.0,all_no_bos,randnorm,1,6,3,257,0,0,0,
doctor-place,,heldout,5-6,1.0,all_no_bos,randnorm,2,5,3,257,1,0,0,
doctor-place,,heldout,5-6,1.0,from_mention,lens,-1,4,1,11301,1,0,0,
doctor-place,,heldout,5-6,1.0,from_mention,randdir,0,4,3,257,1,0,0,
doctor-place,,heldout,5-6,1.0,from_mention,randdir,1,4,1,11301,1,0,0,
doctor-place,,heldout,5-6,1.0,from_mention,randdir,2,4,3,257,1,0,0,
doctor-place,,heldout,5-6,1.0,from_mention,randnorm,0,4,3,262,1,0,0,
doctor-place,,heldout,5-6,1.0,from_mention,randnorm,1,6,3,257,0,0,0,
doctor-place,,heldout,5-6,1.0,from_mention,randnorm,2,5,3,257,1,0,0,
doctor-place,,heldout,5-6,1.0,answer_only,lens,-1,4,3,262,1,0,0,
doctor-place,,heldout,5-6,1.0,answer_only,randdir,0,4,3,262,1,0,0,
doctor-place,,heldout,5-6,1.0,answer_only,randdir,1,4,1,11301,1,0,0,
doctor-place,,heldout,5-6,1.0,answer_only,randdir,2,4,3,262,1,0,0,
doctor-place,,heldout,5-6,1.0,answer_only,randnorm,0,4,3,262,1,0,0,
doctor-place,,heldout,5-6,1.0,answer_only,randnorm,1,4,3,262,1,0,0,
doctor-place,,heldout,5-6,1.0,answer_only,randnorm,2,4,3,262,1,0,0,
doctor-place,,heldout,5-6,2.0,all_no_bos,lens,-1,10,3,262,0,0,0,
doctor-place,,heldout,5-6,2.0,all_no_bos,randdir,0,4,3,257,1,0,0,
doctor-place,,heldout,5-6,2.0,all_no_bos,randdir,1,4,1,11301,1,0,0,
doctor-place,,heldout,5-6,2.0,all_no_bos,randdir,2,4,3,257,1,0,0,
doctor-place,,heldout,5-6,2.0,all_no_bos,randnorm,0,21,3,262,0,0,0,
doctor-place,,heldout,5-6,2.0,all_no_bos,randnorm,1,28,15,262,0,0,0,
doctor-place,,heldout,5-6,2.0,all_no_bos,randnorm,2,6,4,257,0,0,0,
doctor-place,,heldout,5-6,2.0,from_mention,lens,-1,10,3,262,0,0,0,
doctor-place,,heldout,5-6,2.0,from_mention,randdir,0,4,3,257,1,0,0,
doctor-place,,heldout,5-6,2.0,from_mention,randdir,1,4,1,11301,1,0,0,
doctor-place,,heldout,5-6,2.0,from_mention,randdir,2,4,3,257,1,0,0,
doctor-place,,heldout,5-6,2.0,from_mention,randnorm,0,21,3,262,0,0,0,
doctor-place,,heldout,5-6,2.0,from_mention,randnorm,1,28,15,262,0,0,0,
doctor-place,,heldout,5-6,2.0,from_mention,randnorm,2,6,4,257,0,0,0,
doctor-place,,heldout,5-6,2.0,answer_only,lens,-1,4,3,262,1,0,0,
doctor-place,,heldout,5-6,2.0,answer_only,randdir,0,4,3,262,1,0,0,
doctor-place,,heldout,5-6,2.0,answer_only,randdir,1,4,1,11301,1,0,0,
doctor-place,,heldout,5-6,2.0,answer_only,randdir,2,4,3,262,1,0,0,
doctor-place,,heldout,5-6,2.0,answer_only,randnorm,0,4,3,262,1,0,0,
doctor-place,,heldout,5-6,2.0,answer_only,randnorm,1,4,1,11301,1,0,0,
doctor-place,,heldout,5-6,2.0,answer_only,randnorm,2,4,3,262,1,0,0,
doctor-place,,heldout,6-7,0.5,all_no_bos,lens,-1,4,3,262,1,0,0,
doctor-place,,heldout,6-7,0.5,all_no_bos,randdir,0,4,3,257,1,0,0,
doctor-place,,heldout,6-7,0.5,all_no_bos,randdir,1,4,3,257,1,0,0,
doctor-place,,heldout,6-7,0.5,all_no_bos,randdir,2,4,3,262,1,0,0,
doctor-place,,heldout,6-7,0.5,all_no_bos,randnorm,0,4,3,257,1,0,0,
doctor-place,,heldout,6-7,0.5,all_no_bos,randnorm,1,5,3,262,1,0,0,
doctor-place,,heldout,6-7,0.5,all_no_bos,randnorm,2,4,3,257,1,0,0,
doctor-place,,heldout,6-7,0.5,from_mention,lens,-1,4,3,262,1,0,0,
doctor-place,,heldout,6-7,0.5,from_mention,randdir,0,4,3,257,1,0,0,
doctor-place,,heldout,6-7,0.5,from_mention,randdir,1,4,3,257,1,0,0,
doctor-place,,heldout,6-7,0.5,from_mention,randdir,2,4,3,262,1,0,0,
doctor-place,,heldout,6-7,0.5,from_mention,randnorm,0,4,3,257,1,0,0,
doctor-place,,heldout,6-7,0.5,from_mention,randnorm,1,5,3,262,1,0,0,
doctor-place,,heldout,6-7,0.5,from_mention,randnorm,2,4,3,257,1,0,0,
doctor-place,,heldout,6-7,0.5,answer_only,lens,-1,4,3,262,1,0,0,
doctor-place,,heldout,6-7,0.5,answer_only,randdir,0,4,3,262,1,0,0,
doctor-place,,heldout,6-7,0.5,answer_only,randdir,1,4,3,262,1,0,0,
doctor-place,,heldout,6-7,0.5,answer_only,randdir,2,4,3,262,1,0,0,
doctor-place,,heldout,6-7,0.5,answer_only,randnorm,0,4,3,262,1,0,0,
doctor-place,,heldout,6-7,0.5,answer_only,randnorm,1,4,3,262,1,0,0,
doctor-place,,heldout,6-7,0.5,answer_only,randnorm,2,4,3,262,1,0,0,
doctor-place,,heldout,6-7,1.0,all_no_bos,lens,-1,4,3,262,1,0,0,
doctor-place,,heldout,6-7,1.0,all_no_bos,randdir,0,4,3,257,1,0,0,
doctor-place,,heldout,6-7,1.0,all_no_bos,randdir,1,4,3,257,1,0,0,
doctor-place,,heldout,6-7,1.0,all_no_bos,randdir,2,4,3,262,1,0,0,
doctor-place,,heldout,6-7,1.0,all_no_bos,randnorm,0,4,3,257,1,0,0,
doctor-place,,heldout,6-7,1.0,all_no_bos,randnorm,1,5,3,262,1,0,0,
doctor-place,,heldout,6-7,1.0,all_no_bos,randnorm,2,5,3,257,1,0,0,
doctor-place,,heldout,6-7,1.0,from_mention,lens,-1,4,3,262,1,0,0,
doctor-place,,heldout,6-7,1.0,from_mention,randdir,0,4,3,257,1,0,0,
doctor-place,,heldout,6-7,1.0,from_mention,randdir,1,4,3,257,1,0,0,
doctor-place,,heldout,6-7,1.0,from_mention,randdir,2,4,3,262,1,0,0,
doctor-place,,heldout,6-7,1.0,from_mention,randnorm,0,4,3,257,1,0,0,
doctor-place,,heldout,6-7,1.0,from_mention,randnorm,1,5,3,262,1,0,0,
doctor-place,,heldout,6-7,1.0,from_mention,randnorm,2,5,3,257,1,0,0,
doctor-place,,heldout,6-7,1.0,answer_only,lens,-1,4,3,262,1,0,0,
doctor-place,,heldout,6-7,1.0,answer_only,randdir,0,4,3,262,1,0,0,
doctor-place,,heldout,6-7,1.0,answer_only,randdir,1,4,3,262,1,0,0,
doctor-place,,heldout,6-7,1.0,answer_only,randdir,2,4,3,262,1,0,0,
doctor-place,,heldout,6-7,1.0,answer_only,randnorm,0,4,3,262,1,0,0,
doctor-place,,heldout,6-7,1.0,answer_only,randnorm,1,4,3,262,1,0,0,
doctor-place,,heldout,6-7,1.0,answer_only,randnorm,2,4,3,262,1,0,0,
doctor-place,,heldout,6-7,2.0,all_no_bos,lens,-1,5,3,257,1,0,0,
doctor-place,,heldout,6-7,2.0,all_no_bos,randdir,0,4,3,257,1,0,0,
doctor-place,,heldout,6-7,2.0,all_no_bos,randdir,1,5,3,257,1,0,0,
doctor-place,,heldout,6-7,2.0,all_no_bos,randdir,2,4,3,262,1,0,0,
doctor-place,,heldout,6-7,2.0,all_no_bos,randnorm,0,6,3,257,0,0,0,
doctor-place,,heldout,6-7,2.0,all_no_bos,randnorm,1,5,2,262,1,0,0,
doctor-place,,heldout,6-7,2.0,all_no_bos,randnorm,2,5,4,257,1,0,0,
doctor-place,,heldout,6-7,2.0,from_mention,lens,-1,5,3,257,1,0,0,
doctor-place,,heldout,6-7,2.0,from_mention,randdir,0,4,3,257,1,0,0,
doctor-place,,heldout,6-7,2.0,from_mention,randdir,1,5,3,257,1,0,0,
doctor-place,,heldout,6-7,2.0,from_mention,randdir,2,4,3,262,1,0,0,
doctor-place,,heldout,6-7,2.0,from_mention,randnorm,0,6,3,257,0,0,0,
doctor-place,,heldout,6-7,2.0,from_mention,randnorm,1,5,2,262,1,0,0,
doctor-place,,heldout,6-7,2.0,from_mention,randnorm,2,5,4,257,1,0,0,
doctor-place,,heldout,6-7,2.0,answer_only,lens,-1,4,3,257,1,0,0,
doctor-place,,heldout,6-7,2.0,answer_only,randdir,0,4,3,262,1,0,0,
doctor-place,,heldout,6-7,2.0,answer_only,randdir,1,4,3,257,1,0,0,
doctor-place,,heldout,6-7,2.0,answer_only,randdir,2,4,3,262,1,0,0,
doctor-place,,heldout,6-7,2.0,answer_only,randnorm,0,4,3,262,1,0,0,
doctor-place,,heldout,6-7,2.0,answer_only,randnorm,1,4,3,262,1,0,0,
doctor-place,,heldout,6-7,2.0,answer_only,randnorm,2,4,3,262,1,0,0,
doctor-place,,heldout,7-8,0.5,all_no_bos,lens,-1,4,3,262,1,0,0,
doctor-place,,heldout,7-8,0.5,all_no_bos,randdir,0,4,3,262,1,0,0,
doctor-place,,heldout,7-8,0.5,all_no_bos,randdir,1,4,3,262,1,0,0,
doctor-place,,heldout,7-8,0.5,all_no_bos,randdir,2,4,3,262,1,0,0,
doctor-place,,heldout,7-8,0.5,all_no_bos,randnorm,0,4,3,262,1,0,0,
doctor-place,,heldout,7-8,0.5,all_no_bos,randnorm,1,4,3,262,1,0,0,
doctor-place,,heldout,7-8,0.5,all_no_bos,randnorm,2,4,3,262,1,0,0,
doctor-place,,heldout,7-8,0.5,from_mention,lens,-1,4,3,262,1,0,0,
doctor-place,,heldout,7-8,0.5,from_mention,randdir,0,4,3,262,1,0,0,
doctor-place,,heldout,7-8,0.5,from_mention,randdir,1,4,3,262,1,0,0,
doctor-place,,heldout,7-8,0.5,from_mention,randdir,2,4,3,262,1,0,0,
doctor-place,,heldout,7-8,0.5,from_mention,randnorm,0,4,3,262,1,0,0,
doctor-place,,heldout,7-8,0.5,from_mention,randnorm,1,4,3,262,1,0,0,
doctor-place,,heldout,7-8,0.5,from_mention,randnorm,2,4,3,262,1,0,0,
doctor-place,,heldout,7-8,0.5,answer_only,lens,-1,4,3,262,1,0,0,
doctor-place,,heldout,7-8,0.5,answer_only,randdir,0,4,3,262,1,0,0,
doctor-place,,heldout,7-8,0.5,answer_only,randdir,1,4,3,262,1,0,0,
doctor-place,,heldout,7-8,0.5,answer_only,randdir,2,4,2,262,1,0,0,
doctor-place,,heldout,7-8,0.5,answer_only,randnorm,0,4,3,262,1,0,0,
doctor-place,,heldout,7-8,0.5,answer_only,randnorm,1,4,3,262,1,0,0,
doctor-place,,heldout,7-8,0.5,answer_only,randnorm,2,4,3,262,1,0,0,
doctor-place,,heldout,7-8,1.0,all_no_bos,lens,-1,5,3,257,1,0,0,
doctor-place,,heldout,7-8,1.0,all_no_bos,randdir,0,4,3,257,1,0,0,
doctor-place,,heldout,7-8,1.0,all_no_bos,randdir,1,4,3,262,1,0,0,
doctor-place,,heldout,7-8,1.0,all_no_bos,randdir,2,4,3,262,1,0,0,
doctor-place,,heldout,7-8,1.0,all_no_bos,randnorm,0,4,3,262,1,0,0,
doctor-place,,heldout,7-8,1.0,all_no_bos,randnorm,1,4,3,262,1,0,0,
doctor-place,,heldout,7-8,1.0,all_no_bos,randnorm,2,4,3,262,1,0,0,
doctor-place,,heldout,7-8,1.0,from_mention,lens,-1,5,3,257,1,0,0,
doctor-place,,heldout,7-8,1.0,from_mention,randdir,0,4,3,257,1,0,0,
doctor-place,,heldout,7-8,1.0,from_mention,randdir,1,4,3,262,1,0,0,
doctor-place,,heldout,7-8,1.0,from_mention,randdir,2,4,3,262,1,0,0,
doctor-place,,heldout,7-8,1.0,from_mention,randnorm,0,4,3,262,1,0,0,
doctor-place,,heldout,7-8,1.0,from_mention,randnorm,1,4,3,262,1,0,0,
doctor-place,,heldout,7-8,1.0,from_mention,randnorm,2,4,3,262,1,0,0,
doctor-place,,heldout,7-8,1.0,answer_only,lens,-1,4,3,262,1,0,0,
doctor-place,,heldout,7-8,1.0,answer_only,randdir,0,4,3,262,1,0,0,
doctor-place,,heldout,7-8,1.0,answer_only,randdir,1,4,3,262,1,0,0,
doctor-place,,heldout,7-8,1.0,answer_only,randdir,2,4,2,262,1,0,0,
doctor-place,,heldout,7-8,1.0,answer_only,randnorm,0,4,3,262,1,0,0,
doctor-place,,heldout,7-8,1.0,answer_only,randnorm,1,4,3,262,1,0,0,
doctor-place,,heldout,7-8,1.0,answer_only,randnorm,2,4,3,262,1,0,0,
doctor-place,,heldout,7-8,2.0,all_no_bos,lens,-1,12,4,257,0,0,0,
doctor-place,,heldout,7-8,2.0,all_no_bos,randdir,0,5,3,257,1,0,0,
doctor-place,,heldout,7-8,2.0,all_no_bos,randdir,1,6,3,262,0,0,0,
doctor-place,,heldout,7-8,2.0,all_no_bos,randdir,2,4,3,262,1,0,0,
doctor-place,,heldout,7-8,2.0,all_no_bos,randnorm,0,5,2,262,1,0,0,
doctor-place,,heldout,7-8,2.0,all_no_bos,randnorm,1,4,3,262,1,0,0,
doctor-place,,heldout,7-8,2.0,all_no_bos,randnorm,2,4,3,262,1,0,0,
doctor-place,,heldout,7-8,2.0,from_mention,lens,-1,12,4,257,0,0,0,
doctor-place,,heldout,7-8,2.0,from_mention,randdir,0,5,3,257,1,0,0,
doctor-place,,heldout,7-8,2.0,from_mention,randdir,1,6,3,262,0,0,0,
doctor-place,,heldout,7-8,2.0,from_mention,randdir,2,4,3,262,1,0,0,
doctor-place,,heldout,7-8,2.0,from_mention,randnorm,0,5,2,262,1,0,0,
doctor-place,,heldout,7-8,2.0,from_mention,randnorm,1,4,3,262,1,0,0,
doctor-place,,heldout,7-8,2.0,from_mention,randnorm,2,4,3,262,1,0,0,
doctor-place,,heldout,7-8,2.0,answer_only,lens,-1,4,1,11301,1,0,0,
doctor-place,,heldout,7-8,2.0,answer_only,randdir,0,4,3,262,1,0,0,
doctor-place,,heldout,7-8,2.0,answer_only,randdir,1,5,3,262,1,0,0,
doctor-place,,heldout,7-8,2.0,answer_only,randdir,2,4,2,262,1,0,0,
doctor-place,,heldout,7-8,2.0,answer_only,randnorm,0,4,3,262,1,0,0,
doctor-place,,heldout,7-8,2.0,answer_only,randnorm,1,4,3,262,1,0,0,
doctor-place,,heldout,7-8,2.0,answer_only,randnorm,2,4,3,262,1,0,0,
doctor-place,,heldout,8-9,0.5,all_no_bos,lens,-1,4,3,262,1,0,0,
doctor-place,,heldout,8-9,0.5,all_no_bos,randdir,0,4,1,11301,1,0,0,
doctor-place,,heldout,8-9,0.5,all_no_bos,randdir,1,4,3,262,1,0,0,
doctor-place,,heldout,8-9,0.5,all_no_bos,randdir,2,4,3,262,1,0,0,
doctor-place,,heldout,8-9,0.5,all_no_bos,randnorm,0,4,1,11301,1,0,0,
doctor-place,,heldout,8-9,0.5,all_no_bos,randnorm,1,4,3,262,1,0,0,
doctor-place,,heldout,8-9,0.5,all_no_bos,randnorm,2,4,3,262,1,0,0,
doctor-place,,heldout,8-9,0.5,from_mention,lens,-1,4,3,262,1,0,0,
doctor-place,,heldout,8-9,0.5,from_mention,randdir,0,4,1,11301,1,0,0,
doctor-place,,heldout,8-9,0.5,from_mention,randdir,1,4,3,262,1,0,0,
doctor-place,,heldout,8-9,0.5,from_mention,randdir,2,4,3,262,1,0,0,
doctor-place,,heldout,8-9,0.5,from_mention,randnorm,0,4,1,11301,1,0,0,
doctor-place,,heldout,8-9,0.5,from_mention,randnorm,1,4,3,262,1,0,0,
doctor-place,,heldout,8-9,0.5,from_mention,randnorm,2,4,3,262,1,0,0,
doctor-place,,heldout,8-9,0.5,answer_only,lens,-1,4,3,262,1,0,0,
doctor-place,,heldout,8-9,0.5,answer_only,randdir,0,4,1,11301,1,0,0,
doctor-place,,heldout,8-9,0.5,answer_only,randdir,1,4,3,262,1,0,0,
doctor-place,,heldout,8-9,0.5,answer_only,randdir,2,4,2,262,1,0,0,
doctor-place,,heldout,8-9,0.5,answer_only,randnorm,0,4,3,262,1,0,0,
doctor-place,,heldout,8-9,0.5,answer_only,randnorm,1,4,3,262,1,0,0,
doctor-place,,heldout,8-9,0.5,answer_only,randnorm,2,4,3,262,1,0,0,
doctor-place,,heldout,8-9,1.0,all_no_bos,lens,-1,4,3,262,1,0,0,
doctor-place,,heldout,8-9,1.0,all_no_bos,randdir,0,4,1,11301,1,0,0,
doctor-place,,heldout,8-9,1.0,all_no_bos,randdir,1,4,3,262,1,0,0,
doctor-place,,heldout,8-9,1.0,all_no_bos,randdir,2,4,3,262,1,0,0,
doctor-place,,heldout,8-9,1.0,all_no_bos,randnorm,0,4,1,11301,1,0,0,
doctor-place,,heldout,8-9,1.0,all_no_bos,randnorm,1,4,3,262,1,0,0,
doctor-place,,heldout,8-9,1.0,all_no_bos,randnorm,2,4,3,262,1,0,0,
doctor-place,,heldout,8-9,1.0,from_mention,lens,-1,4,3,262,1,0,0,
doctor-place,,heldout,8-9,1.0,from_mention,randdir,0,4,1,11301,1,0,0,
doctor-place,,heldout,8-9,1.0,from_mention,randdir,1,4,3,262,1,0,0,
doctor-place,,heldout,8-9,1.0,from_mention,randdir,2,4,3,262,1,0,0,
doctor-place,,heldout,8-9,1.0,from_mention,randnorm,0,4,1,11301,1,0,0,
doctor-place,,heldout,8-9,1.0,from_mention,randnorm,1,4,3,262,1,0,0,
doctor-place,,heldout,8-9,1.0,from_mention,randnorm,2,4,3,262,1,0,0,
doctor-place,,heldout,8-9,1.0,answer_only,lens,-1,4,3,262,1,0,0,
doctor-place,,heldout,8-9,1.0,answer_only,randdir,0,4,1,11301,1,0,0,
doctor-place,,heldout,8-9,1.0,answer_only,randdir,1,4,3,262,1,0,0,
doctor-place,,heldout,8-9,1.0,answer_only,randdir,2,4,2,262,1,0,0,
doctor-place,,heldout,8-9,1.0,answer_only,randnorm,0,4,3,262,1,0,0,
doctor-place,,heldout,8-9,1.0,answer_only,randnorm,1,4,3,262,1,0,0,
doctor-place,,heldout,8-9,1.0,answer_only,randnorm,2,4,3,262,1,0,0,
doctor-place,,heldout,8-9,2.0,all_no_bos,lens,-1,5,3,257,1,0,0,
doctor-place,,heldout,8-9,2.0,all_no_bos,randdir,0,7,1,11301,0,0,0,
doctor-place,,heldout,8-9,2.0,all_no_bos,randdir,1,6,3,262,0,0,0,
doctor-place,,heldout,8-9,2.0,all_no_bos,randdir,2,4,3,262,1,0,0,
doctor-place,,heldout,8-9,2.0,all_no_bos,randnorm,0,5,1,11301,1,0,0,
doctor-place,,heldout,8-9,2.0,all_no_bos,randnorm,1,5,3,262,1,0,0,
doctor-place,,heldout,8-9,2.0,all_no_bos,randnorm,2,4,3,262,1,0,0,
doctor-place,,heldout,8-9,2.0,from_mention,lens,-1,5,3,257,1,0,0,
doctor-place,,heldout,8-9,2.0,from_mention,randdir,0,7,1,11301,0,0,0,
doctor-place,,heldout,8-9,2.0,from_mention,randdir,1,6,3,262,0,0,0,
doctor-place,,heldout,8-9,2.0,from_mention,randdir,2,4,3,262,1,0,0,
doctor-place,,heldout,8-9,2.0,from_mention,randnorm,0,5,1,11301,1,0,0,
doctor-place,,heldout,8-9,2.0,from_mention,randnorm,1,5,3,262,1,0,0,
doctor-place,,heldout,8-9,2.0,from_mention,randnorm,2,4,3,262,1,0,0,
doctor-place,,heldout,8-9,2.0,answer_only,lens,-1,4,2,262,1,0,0,
doctor-place,,heldout,8-9,2.0,answer_only,randdir,0,5,1,11301,1,0,0,
doctor-place,,heldout,8-9,2.0,answer_only,randdir,1,4,3,262,1,0,0,
doctor-place,,heldout,8-9,2.0,answer_only,randdir,2,4,2,262,1,0,0,
doctor-place,,heldout,8-9,2.0,answer_only,randnorm,0,4,1,11301,1,0,0,
doctor-place,,heldout,8-9,2.0,answer_only,randnorm,1,4,3,262,1,0,0,
doctor-place,,heldout,8-9,2.0,answer_only,randnorm,2,4,3,262,1,0,0,
doctor-place,,heldout,6-7-8,0.5,all_no_bos,lens,-1,4,3,262,1,0,0,
doctor-place,,heldout,6-7-8,0.5,all_no_bos,randdir,0,4,3,257,1,0,0,
doctor-place,,heldout,6-7-8,0.5,all_no_bos,randdir,1,4,3,257,1,0,0,
doctor-place,,heldout,6-7-8,0.5,all_no_bos,randdir,2,4,3,262,1,0,0,
doctor-place,,heldout,6-7-8,0.5,all_no_bos,randnorm,0,4,2,257,1,0,0,
doctor-place,,heldout,6-7-8,0.5,all_no_bos,randnorm,1,5,3,262,1,0,0,
doctor-place,,heldout,6-7-8,0.5,all_no_bos,randnorm,2,4,3,257,1,0,0,
doctor-place,,heldout,6-7-8,0.5,from_mention,lens,-1,4,3,262,1,0,0,
doctor-place,,heldout,6-7-8,0.5,from_mention,randdir,0,4,3,257,1,0,0,
doctor-place,,heldout,6-7-8,0.5,from_mention,randdir,1,4,3,257,1,0,0,
doctor-place,,heldout,6-7-8,0.5,from_mention,randdir,2,4,3,262,1,0,0,
doctor-place,,heldout,6-7-8,0.5,from_mention,randnorm,0,4,2,257,1,0,0,
doctor-place,,heldout,6-7-8,0.5,from_mention,randnorm,1,5,3,262,1,0,0,
doctor-place,,heldout,6-7-8,0.5,from_mention,randnorm,2,4,3,257,1,0,0,
doctor-place,,heldout,6-7-8,0.5,answer_only,lens,-1,4,3,262,1,0,0,
doctor-place,,heldout,6-7-8,0.5,answer_only,randdir,0,4,3,262,1,0,0,
doctor-place,,heldout,6-7-8,0.5,answer_only,randdir,1,4,3,262,1,0,0,
doctor-place,,heldout,6-7-8,0.5,answer_only,randdir,2,4,3,262,1,0,0,
doctor-place,,heldout,6-7-8,0.5,answer_only,randnorm,0,4,3,262,1,0,0,
doctor-place,,heldout,6-7-8,0.5,answer_only,randnorm,1,4,3,262,1,0,0,
doctor-place,,heldout,6-7-8,0.5,answer_only,randnorm,2,4,3,262,1,0,0,
doctor-place,,heldout,6-7-8,1.0,all_no_bos,lens,-1,4,3,262,1,0,0,
doctor-place,,heldout,6-7-8,1.0,all_no_bos,randdir,0,4,3,257,1,0,0,
doctor-place,,heldout,6-7-8,1.0,all_no_bos,randdir,1,4,3,262,1,0,0,
doctor-place,,heldout,6-7-8,1.0,all_no_bos,randdir,2,4,3,262,1,0,0,
doctor-place,,heldout,6-7-8,1.0,all_no_bos,randnorm,0,5,2,257,1,0,0,
doctor-place,,heldout,6-7-8,1.0,all_no_bos,randnorm,1,6,3,262,0,0,0,
doctor-place,,heldout,6-7-8,1.0,all_no_bos,randnorm,2,5,3,257,1,0,0,
doctor-place,,heldout,6-7-8,1.0,from_mention,lens,-1,4,3,262,1,0,0,
doctor-place,,heldout,6-7-8,1.0,from_mention,randdir,0,4,3,257,1,0,0,
doctor-place,,heldout,6-7-8,1.0,from_mention,randdir,1,4,3,262,1,0,0,
doctor-place,,heldout,6-7-8,1.0,from_mention,randdir,2,4,3,262,1,0,0,
doctor-place,,heldout,6-7-8,1.0,from_mention,randnorm,0,5,2,257,1,0,0,
doctor-place,,heldout,6-7-8,1.0,from_mention,randnorm,1,6,3,262,0,0,0,
doctor-place,,heldout,6-7-8,1.0,from_mention,randnorm,2,5,3,257,1,0,0,
doctor-place,,heldout,6-7-8,1.0,answer_only,lens,-1,4,3,262,1,0,0,
doctor-place,,heldout,6-7-8,1.0,answer_only,randdir,0,4,3,262,1,0,0,
doctor-place,,heldout,6-7-8,1.0,answer_only,randdir,1,4,3,262,1,0,0,
doctor-place,,heldout,6-7-8,1.0,answer_only,randdir,2,4,2,262,1,0,0,
doctor-place,,heldout,6-7-8,1.0,answer_only,randnorm,0,4,3,262,1,0,0,
doctor-place,,heldout,6-7-8,1.0,answer_only,randnorm,1,4,3,262,1,0,0,
doctor-place,,heldout,6-7-8,1.0,answer_only,randnorm,2,4,3,262,1,0,0,
doctor-place,,heldout,6-7-8,2.0,all_no_bos,lens,-1,7,4,257,0,0,0,
doctor-place,,heldout,6-7-8,2.0,all_no_bos,randdir,0,4,3,257,1,0,0,
doctor-place,,heldout,6-7-8,2.0,all_no_bos,randdir,1,5,3,262,1,0,0,
doctor-place,,heldout,6-7-8,2.0,all_no_bos,randdir,2,4,5,262,1,0,1,
doctor-place,,heldout,6-7-8,2.0,all_no_bos,randnorm,0,9,6,262,0,0,0,
doctor-place,,heldout,6-7-8,2.0,all_no_bos,randnorm,1,27,2,262,0,0,0,
doctor-place,,heldout,6-7-8,2.0,all_no_bos,randnorm,2,5,4,257,1,0,0,
doctor-place,,heldout,6-7-8,2.0,from_mention,lens,-1,7,4,257,0,0,0,
doctor-place,,heldout,6-7-8,2.0,from_mention,randdir,0,4,3,257,1,0,0,
doctor-place,,heldout,6-7-8,2.0,from_mention,randdir,1,5,3,262,1,0,0,
doctor-place,,heldout,6-7-8,2.0,from_mention,randdir,2,4,5,262,1,0,1,
doctor-place,,heldout,6-7-8,2.0,from_mention,randnorm,0,9,6,262,0,0,0,
doctor-place,,heldout,6-7-8,2.0,from_mention,randnorm,1,27,2,262,0,0,0,
doctor-place,,heldout,6-7-8,2.0,from_mention,randnorm,2,5,4,257,1,0,0,
doctor-place,,heldout,6-7-8,2.0,answer_only,lens,-1,4,3,262,1,0,0,
doctor-place,,heldout,6-7-8,2.0,answer_only,randdir,0,4,3,262,1,0,0,
doctor-place,,heldout,6-7-8,2.0,answer_only,randdir,1,4,3,262,1,0,0,
doctor-place,,heldout,6-7-8,2.0,answer_only,randdir,2,4,2,262,1,0,0,
doctor-place,,heldout,6-7-8,2.0,answer_only,randnorm,0,4,3,262,1,0,0,
doctor-place,,heldout,6-7-8,2.0,answer_only,randnorm,1,4,3,262,1,0,0,
doctor-place,,heldout,6-7-8,2.0,answer_only,randnorm,2,4,3,262,1,0,0,
doctor-place,,heldout,7-8-9,0.5,all_no_bos,lens,-1,4,3,262,1,0,0,
doctor-place,,heldout,7-8-9,0.5,all_no_bos,randdir,0,4,1,11301,1,0,0,
doctor-place,,heldout,7-8-9,0.5,all_no_bos,randdir,1,4,3,262,1,0,0,
doctor-place,,heldout,7-8-9,0.5,all_no_bos,randdir,2,4,3,262,1,0,0,
doctor-place,,heldout,7-8-9,0.5,all_no_bos,randnorm,0,4,2,262,1,0,0,
doctor-place,,heldout,7-8-9,0.5,all_no_bos,randnorm,1,4,3,262,1,0,0,
doctor-place,,heldout,7-8-9,0.5,all_no_bos,randnorm,2,4,3,262,1,0,0,
doctor-place,,heldout,7-8-9,0.5,from_mention,lens,-1,4,3,262,1,0,0,
doctor-place,,heldout,7-8-9,0.5,from_mention,randdir,0,4,1,11301,1,0,0,
doctor-place,,heldout,7-8-9,0.5,from_mention,randdir,1,4,3,262,1,0,0,
doctor-place,,heldout,7-8-9,0.5,from_mention,randdir,2,4,3,262,1,0,0,
doctor-place,,heldout,7-8-9,0.5,from_mention,randnorm,0,4,2,262,1,0,0,
doctor-place,,heldout,7-8-9,0.5,from_mention,randnorm,1,4,3,262,1,0,0,
doctor-place,,heldout,7-8-9,0.5,from_mention,randnorm,2,4,3,262,1,0,0,
doctor-place,,heldout,7-8-9,0.5,answer_only,lens,-1,4,3,262,1,0,0,
doctor-place,,heldout,7-8-9,0.5,answer_only,randdir,0,4,1,11301,1,0,0,
doctor-place,,heldout,7-8-9,0.5,answer_only,randdir,1,4,3,262,1,0,0,
doctor-place,,heldout,7-8-9,0.5,answer_only,randdir,2,4,2,262,1,0,0,
doctor-place,,heldout,7-8-9,0.5,answer_only,randnorm,0,4,3,262,1,0,0,
doctor-place,,heldout,7-8-9,0.5,answer_only,randnorm,1,4,3,262,1,0,0,
doctor-place,,heldout,7-8-9,0.5,answer_only,randnorm,2,4,3,262,1,0,0,
doctor-place,,heldout,7-8-9,1.0,all_no_bos,lens,-1,4,3,257,1,0,0,
doctor-place,,heldout,7-8-9,1.0,all_no_bos,randdir,0,5,1,11301,1,0,0,
doctor-place,,heldout,7-8-9,1.0,all_no_bos,randdir,1,4,3,262,1,0,0,
doctor-place,,heldout,7-8-9,1.0,all_no_bos,randdir,2,4,3,262,1,0,0,
doctor-place,,heldout,7-8-9,1.0,all_no_bos,randnorm,0,5,1,11301,1,0,0,
doctor-place,,heldout,7-8-9,1.0,all_no_bos,randnorm,1,4,3,262,1,0,0,
doctor-place,,heldout,7-8-9,1.0,all_no_bos,randnorm,2,4,3,262,1,0,0,
doctor-place,,heldout,7-8-9,1.0,from_mention,lens,-1,4,3,257,1,0,0,
doctor-place,,heldout,7-8-9,1.0,from_mention,randdir,0,5,1,11301,1,0,0,
doctor-place,,heldout,7-8-9,1.0,from_mention,randdir,1,4,3,262,1,0,0,
doctor-place,,heldout,7-8-9,1.0,from_mention,randdir,2,4,3,262,1,0,0,
doctor-place,,heldout,7-8-9,1.0,from_mention,randnorm,0,5,1,11301,1,0,0,
doctor-place,,heldout,7-8-9,1.0,from_mention,randnorm,1,4,3,262,1,0,0,
doctor-place,,heldout,7-8-9,1.0,from_mention,randnorm,2,4,3,262,1,0,0,
doctor-place,,heldout,7-8-9,1.0,answer_only,lens,-1,4,3,262,1,0,0,
doctor-place,,heldout,7-8-9,1.0,answer_only,randdir,0,4,1,11301,1,0,0,
doctor-place,,heldout,7-8-9,1.0,answer_only,randdir,1,4,3,262,1,0,0,
doctor-place,,heldout,7-8-9,1.0,answer_only,randdir,2,4,2,262,1,0,0,
doctor-place,,heldout,7-8-9,1.0,answer_only,randnorm,0,4,3,262,1,0,0,
doctor-place,,heldout,7-8-9,1.0,answer_only,randnorm,1,4,3,262,1,0,0,
doctor-place,,heldout,7-8-9,1.0,answer_only,randnorm,2,4,3,262,1,0,0,
doctor-place,,heldout,7-8-9,2.0,all_no_bos,lens,-1,50,3,262,0,0,0,
doctor-place,,heldout,7-8-9,2.0,all_no_bos,randdir,0,7,1,11301,0,0,0,
doctor-place,,heldout,7-8-9,2.0,all_no_bos,randdir,1,6,3,262,0,0,0,
doctor-place,,heldout,7-8-9,2.0,all_no_bos,randdir,2,4,3,262,1,0,0,
doctor-place,,heldout,7-8-9,2.0,all_no_bos,randnorm,0,9,1,11301,0,0,0,
doctor-place,,heldout,7-8-9,2.0,all_no_bos,randnorm,1,4,3,262,1,0,0,
doctor-place,,heldout,7-8-9,2.0,all_no_bos,randnorm,2,3,4,262,1,0,1,
doctor-place,,heldout,7-8-9,2.0,from_mention,lens,-1,50,3,262,0,0,0,
doctor-place,,heldout,7-8-9,2.0,from_mention,randdir,0,7,1,11301,0,0,0,
doctor-place,,heldout,7-8-9,2.0,from_mention,randdir,1,6,3,262,0,0,0,
doctor-place,,heldout,7-8-9,2.0,from_mention,randdir,2,4,3,262,1,0,0,
doctor-place,,heldout,7-8-9,2.0,from_mention,randnorm,0,9,1,11301,0,0,0,
doctor-place,,heldout,7-8-9,2.0,from_mention,randnorm,1,4,3,262,1,0,0,
doctor-place,,heldout,7-8-9,2.0,from_mention,randnorm,2,3,4,262,1,0,1,
doctor-place,,heldout,7-8-9,2.0,answer_only,lens,-1,4,3,262,1,0,0,
doctor-place,,heldout,7-8-9,2.0,answer_only,randdir,0,6,1,11301,0,0,0,
doctor-place,,heldout,7-8-9,2.0,answer_only,randdir,1,5,3,262,1,0,0,
doctor-place,,heldout,7-8-9,2.0,answer_only,randdir,2,4,2,262,1,0,0,
doctor-place,,heldout,7-8-9,2.0,answer_only,randnorm,0,4,2,262,1,0,0,
doctor-place,,heldout,7-8-9,2.0,answer_only,randnorm,1,4,3,262,1,0,0,
doctor-place,,heldout,7-8-9,2.0,answer_only,randnorm,2,4,3,262,1,0,0,
dog-sound,,tuning,3,0.5,all_no_bos,lens,-1,8,2,366,0,0,0,
dog-sound,,tuning,3,0.5,all_no_bos,randdir,0,8,2,366,0,0,0,
dog-sound,,tuning,3,0.5,all_no_bos,randdir,1,8,2,366,0,0,0,
dog-sound,,tuning,3,0.5,all_no_bos,randdir,2,9,2,366,0,0,0,
dog-sound,,tuning,3,0.5,all_no_bos,randnorm,0,8,2,366,0,0,0,
dog-sound,,tuning,3,0.5,all_no_bos,randnorm,1,8,1,24486,0,0,0,
dog-sound,,tuning,3,0.5,all_no_bos,randnorm,2,9,2,366,0,0,0,
dog-sound,,tuning,3,0.5,from_mention,lens,-1,8,2,366,0,0,0,
dog-sound,,tuning,3,0.5,from_mention,randdir,0,8,2,366,0,0,0,
dog-sound,,tuning,3,0.5,from_mention,randdir,1,8,2,366,0,0,0,
dog-sound,,tuning,3,0.5,from_mention,randdir,2,9,2,366,0,0,0,
dog-sound,,tuning,3,0.5,from_mention,randnorm,0,8,2,366,0,0,0,
dog-sound,,tuning,3,0.5,from_mention,randnorm,1,8,1,24486,0,0,0,
dog-sound,,tuning,3,0.5,from_mention,randnorm,2,9,2,366,0,0,0,
dog-sound,,tuning,3,0.5,answer_only,lens,-1,8,2,366,0,0,0,
dog-sound,,tuning,3,0.5,answer_only,randdir,0,8,2,366,0,0,0,
dog-sound,,tuning,3,0.5,answer_only,randdir,1,8,2,366,0,0,0,
dog-sound,,tuning,3,0.5,answer_only,randdir,2,8,2,366,0,0,0,
dog-sound,,tuning,3,0.5,answer_only,randnorm,0,8,2,366,0,0,0,
dog-sound,,tuning,3,0.5,answer_only,randnorm,1,8,2,366,0,0,0,
dog-sound,,tuning,3,0.5,answer_only,randnorm,2,8,2,366,0,0,0,
dog-sound,,tuning,3,1.0,all_no_bos,lens,-1,8,2,366,0,0,0,
dog-sound,,tuning,3,1.0,all_no_bos,randdir,0,8,2,366,0,0,0,
dog-sound,,tuning,3,1.0,all_no_bos,randdir,1,8,1,24486,0,0,0,
dog-sound,,tuning,3,1.0,all_no_bos,randdir,2,9,2,366,0,0,0,
dog-sound,,tuning,3,1.0,all_no_bos,randnorm,0,8,1,24486,0,0,0,
dog-sound,,tuning,3,1.0,all_no_bos,randnorm,1,4,1,24486,1,0,0,
dog-sound,,tuning,3,1.0,all_no_bos,randnorm,2,9,2,366,0,0,0,
dog-sound,,tuning,3,1.0,from_mention,lens,-1,8,2,366,0,0,0,
dog-sound,,tuning,3,1.0,from_mention,randdir,0,8,2,366,0,0,0,
dog-sound,,tuning,3,1.0,from_mention,randdir,1,8,1,24486,0,0,0,
dog-sound,,tuning,3,1.0,from_mention,randdir,2,9,2,366,0,0,0,
dog-sound,,tuning,3,1.0,from_mention,randnorm,0,8,1,24486,0,0,0,
dog-sound,,tuning,3,1.0,from_mention,randnorm,1,4,1,24486,1,0,0,
dog-sound,,tuning,3,1.0,from_mention,randnorm,2,9,2,366,0,0,0,
dog-sound,,tuning,3,1.0,answer_only,lens,-1,8,2,366,0,0,0,
dog-sound,,tuning,3,1.0,answer_only,randdir,0,8,2,366,0,0,0,
dog-sound,,tuning,3,1.0,answer_only,randdir,1,8,2,366,0,0,0,
dog-sound,,tuning,3,1.0,answer_only,randdir,2,8,2,366,0,0,0,
dog-sound,,tuning,3,1.0,answer_only,randnorm,0,8,2,366,0,0,0,
dog-sound,,tuning,3,1.0,answer_only,randnorm,1,8,2,366,0,0,0,
dog-sound,,tuning,3,1.0,answer_only,randnorm,2,8,2,366,0,0,0,
dog-sound,,tuning,3,2.0,all_no_bos,lens,-1,8,2,366,0,0,0,
dog-sound,,tuning,3,2.0,all_no_bos,randdir,0,8,2,366,0,0,0,
dog-sound,,tuning,3,2.0,all_no_bos,randdir,1,3,1,24486,1,0,0,
dog-sound,,tuning,3,2.0,all_no_bos,randdir,2,9,4,705,0,0,0,
dog-sound,,tuning,3,2.0,all_no_bos,randnorm,0,8,1,24486,0,0,0,
dog-sound,,tuning,3,2.0,all_no_bos,randnorm,1,2,1,24486,1,0,0,
dog-sound,,tuning,3,2.0,all_no_bos,randnorm,2,8,1,24486,0,0,0,
dog-sound,,tuning,3,2.0,from_mention,lens,-1,8,2,366,0,0,0,
dog-sound,,tuning,3,2.0,from_mention,randdir,0,8,2,366,0,0,0,
dog-sound,,tuning,3,2.0,from_mention,randdir,1,3,1,24486,1,0,0,
dog-sound,,tuning,3,2.0,from_mention,randdir,2,9,4,705,0,0,0,
dog-sound,,tuning,3,2.0,from_mention,randnorm,0,8,1,24486,0,0,0,
dog-sound,,tuning,3,2.0,from_mention,randnorm,1,2,1,24486,1,0,0,
dog-sound,,tuning,3,2.0,from_mention,randnorm,2,8,1,24486,0,0,0,
dog-sound,,tuning,3,2.0,answer_only,lens,-1,8,2,366,0,0,0,
dog-sound,,tuning,3,2.0,answer_only,randdir,0,6,2,366,0,0,0,
dog-sound,,tuning,3,2.0,answer_only,randdir,1,8,1,24486,0,0,0,
dog-sound,,tuning,3,2.0,answer_only,randdir,2,9,2,366,0,0,0,
dog-sound,,tuning,3,2.0,answer_only,randnorm,0,8,2,366,0,0,0,
dog-sound,,tuning,3,2.0,answer_only,randnorm,1,8,2,366,0,0,0,
dog-sound,,tuning,3,2.0,answer_only,randnorm,2,8,2,366,0,0,0,
dog-sound,,tuning,4,0.5,all_no_bos,lens,-1,9,2,366,0,0,0,
dog-sound,,tuning,4,0.5,all_no_bos,randdir,0,8,2,366,0,0,0,
dog-sound,,tuning,4,0.5,all_no_bos,randdir,1,8,2,366,0,0,0,
dog-sound,,tuning,4,0.5,all_no_bos,randdir,2,8,1,24486,0,0,0,
dog-sound,,tuning,4,0.5,all_no_bos,randnorm,0,8,2,366,0,0,0,
dog-sound,,tuning,4,0.5,all_no_bos,randnorm,1,9,2,366,0,0,0,
dog-sound,,tuning,4,0.5,all_no_bos,randnorm,2,8,2,366,0,0,0,
dog-sound,,tuning,4,0.5,from_mention,lens,-1,9,2,366,0,0,0,
dog-sound,,tuning,4,0.5,from_mention,randdir,0,8,2,366,0,0,0,
dog-sound,,tuning,4,0.5,from_mention,randdir,1,8,2,366,0,0,0,
dog-sound,,tuning,4,0.5,from_mention,randdir,2,8,1,24486,0,0,0,
dog-sound,,tuning,4,0.5,from_mention,randnorm,0,8,2,366,0,0,0,
dog-sound,,tuning,4,0.5,from_mention,randnorm,1,9,2,366,0,0,0,
dog-sound,,tuning,4,0.5,from_mention,randnorm,2,8,2,366,0,0,0,
dog-sound,,tuning,4,0.5,answer_only,lens,-1,8,2,366,0,0,0,
dog-sound,,tuning,4,0.5,answer_only,randdir,0,9,2,366,0,0,0,
dog-sound,,tuning,4,0.5,answer_only,randdir,1,8,2,366,0,0,0,
dog-sound,,tuning,4,0.5,answer_only,randdir,2,8,2,366,0,0,0,
dog-sound,,tuning,4,0.5,answer_only,randnorm,0,8,2,366,0,0,0,
dog-sound,,tuning,4,0.5,answer_only,randnorm,1,8,2,366,0,0,0,
dog-sound,,tuning,4,0.5,answer_only,randnorm,2,8,2,366,0,0,0,
dog-sound,,tuning,4,1.0,all_no_bos,lens,-1,9,2,366,0,0,0,
dog-sound,,tuning,4,1.0,all_no_bos,randdir,0,8,2,366,0,0,0,
dog-sound,,tuning,4,1.0,all_no_bos,randdir,1,9,2,366,0,0,0,
dog-sound,,tuning,4,1.0,all_no_bos,randdir,2,8,1,24486,0,0,0,
dog-sound,,tuning,4,1.0,all_no_bos,randnorm,0,8,1,24486,0,0,0,
dog-sound,,tuning,4,1.0,all_no_bos,randnorm,1,9,2,366,0,0,0,
dog-sound,,tuning,4,1.0,all_no_bos,randnorm,2,9,1,24486,0,0,0,
dog-sound,,tuning,4,1.0,from_mention,lens,-1,9,2,366,0,0,0,
dog-sound,,tuning,4,1.0,from_mention,randdir,0,8,2,366,0,0,0,
dog-sound,,tuning,4,1.0,from_mention,randdir,1,9,2,366,0,0,0,
dog-sound,,tuning,4,1.0,from_mention,randdir,2,8,1,24486,0,0,0,
dog-sound,,tuning,4,1.0,from_mention,randnorm,0,8,1,24486,0,0,0,
dog-sound,,tuning,4,1.0,from_mention,randnorm,1,9,2,366,0,0,0,
dog-sound,,tuning,4,1.0,from_mention,randnorm,2,9,1,24486,0,0,0,
dog-sound,,tuning,4,1.0,answer_only,lens,-1,8,2,366,0,0,0,
dog-sound,,tuning,4,1.0,answer_only,randdir,0,9,2,366,0,0,0,
dog-sound,,tuning,4,1.0,answer_only,randdir,1,8,2,366,0,0,0,
dog-sound,,tuning,4,1.0,answer_only,randdir,2,8,2,366,0,0,0,
dog-sound,,tuning,4,1.0,answer_only,randnorm,0,9,2,366,0,0,0,
dog-sound,,tuning,4,1.0,answer_only,randnorm,1,8,2,366,0,0,0,
dog-sound,,tuning,4,1.0,answer_only,randnorm,2,8,2,366,0,0,0,
dog-sound,,tuning,4,2.0,all_no_bos,lens,-1,12,5,366,0,0,0,
dog-sound,,tuning,4,2.0,all_no_bos,randdir,0,8,1,24486,0,0,0,
dog-sound,,tuning,4,2.0,all_no_bos,randdir,1,10,2,366,0,0,0,
dog-sound,,tuning,4,2.0,all_no_bos,randdir,2,8,1,24486,0,0,0,
dog-sound,,tuning,4,2.0,all_no_bos,randnorm,0,6,1,24486,0,0,0,
dog-sound,,tuning,4,2.0,all_no_bos,randnorm,1,10,1,24486,0,0,0,
dog-sound,,tuning,4,2.0,all_no_bos,randnorm,2,10,1,24486,0,0,0,
dog-sound,,tuning,4,2.0,from_mention,lens,-1,12,5,366,0,0,0,
dog-sound,,tuning,4,2.0,from_mention,randdir,0,8,1,24486,0,0,0,
dog-sound,,tuning,4,2.0,from_mention,randdir,1,10,2,366,0,0,0,
dog-sound,,tuning,4,2.0,from_mention,randdir,2,8,1,24486,0,0,0,
dog-sound,,tuning,4,2.0,from_mention,randnorm,0,6,1,24486,0,0,0,
dog-sound,,tuning,4,2.0,from_mention,randnorm,1,10,1,24486,0,0,0,
dog-sound,,tuning,4,2.0,from_mention,randnorm,2,10,1,24486,0,0,0,
dog-sound,,tuning,4,2.0,answer_only,lens,-1,8,2,366,0,0,0,
dog-sound,,tuning,4,2.0,answer_only,randdir,0,9,2,366,0,0,0,
dog-sound,,tuning,4,2.0,answer_only,randdir,1,8,2,366,0,0,0,
dog-sound,,tuning,4,2.0,answer_only,randdir,2,8,2,366,0,0,0,
dog-sound,,tuning,4,2.0,answer_only,randnorm,0,9,2,366,0,0,0,
dog-sound,,tuning,4,2.0,answer_only,randnorm,1,8,2,366,0,0,0,
dog-sound,,tuning,4,2.0,answer_only,randnorm,2,8,2,366,0,0,0,
dog-sound,,tuning,5,0.5,all_no_bos,lens,-1,9,2,366,0,0,0,
dog-sound,,tuning,5,0.5,all_no_bos,randdir,0,8,2,366,0,0,0,
dog-sound,,tuning,5,0.5,all_no_bos,randdir,1,8,2,366,0,0,0,
dog-sound,,tuning,5,0.5,all_no_bos,randdir,2,8,2,366,0,0,0,
dog-sound,,tuning,5,0.5,all_no_bos,randnorm,0,8,2,366,0,0,0,
dog-sound,,tuning,5,0.5,all_no_bos,randnorm,1,8,2,366,0,0,0,
dog-sound,,tuning,5,0.5,all_no_bos,randnorm,2,8,2,366,0,0,0,
dog-sound,,tuning,5,0.5,from_mention,lens,-1,9,2,366,0,0,0,
dog-sound,,tuning,5,0.5,from_mention,randdir,0,8,2,366,0,0,0,
dog-sound,,tuning,5,0.5,from_mention,randdir,1,8,2,366,0,0,0,
dog-sound,,tuning,5,0.5,from_mention,randdir,2,8,2,366,0,0,0,
dog-sound,,tuning,5,0.5,from_mention,randnorm,0,8,2,366,0,0,0,
dog-sound,,tuning,5,0.5,from_mention,randnorm,1,8,2,366,0,0,0,
dog-sound,,tuning,5,0.5,from_mention,randnorm,2,8,2,366,0,0,0,
dog-sound,,tuning,5,0.5,answer_only,lens,-1,8,2,366,0,0,0,
dog-sound,,tuning,5,0.5,answer_only,randdir,0,9,2,366,0,0,0,
dog-sound,,tuning,5,0.5,answer_only,randdir,1,8,2,366,0,0,0,
dog-sound,,tuning,5,0.5,answer_only,randdir,2,8,2,366,0,0,0,
dog-sound,,tuning,5,0.5,answer_only,randnorm,0,8,2,366,0,0,0,
dog-sound,,tuning,5,0.5,answer_only,randnorm,1,8,2,366,0,0,0,
dog-sound,,tuning,5,0.5,answer_only,randnorm,2,8,2,366,0,0,0,
dog-sound,,tuning,5,1.0,all_no_bos,lens,-1,9,2,366,0,0,0,
dog-sound,,tuning,5,1.0,all_no_bos,randdir,0,8,3,366,0,0,0,
dog-sound,,tuning,5,1.0,all_no_bos,randdir,1,8,2,366,0,0,0,
dog-sound,,tuning,5,1.0,all_no_bos,randdir,2,8,2,366,0,0,0,
dog-sound,,tuning,5,1.0,all_no_bos,randnorm,0,8,2,366,0,0,0,
dog-sound,,tuning,5,1.0,all_no_bos,randnorm,1,8,2,366,0,0,0,
dog-sound,,tuning,5,1.0,all_no_bos,randnorm,2,8,2,366,0,0,0,
dog-sound,,tuning,5,1.0,from_mention,lens,-1,9,2,366,0,0,0,
dog-sound,,tuning,5,1.0,from_mention,randdir,0,8,3,366,0,0,0,
dog-sound,,tuning,5,1.0,from_mention,randdir,1,8,2,366,0,0,0,
dog-sound,,tuning,5,1.0,from_mention,randdir,2,8,2,366,0,0,0,
dog-sound,,tuning,5,1.0,from_mention,randnorm,0,8,2,366,0,0,0,
dog-sound,,tuning,5,1.0,from_mention,randnorm,1,8,2,366,0,0,0,
dog-sound,,tuning,5,1.0,from_mention,randnorm,2,8,2,366,0,0,0,
dog-sound,,tuning,5,1.0,answer_only,lens,-1,8,2,366,0,0,0,
dog-sound,,tuning,5,1.0,answer_only,randdir,0,9,2,366,0,0,0,
dog-sound,,tuning,5,1.0,answer_only,randdir,1,9,2,366,0,0,0,
dog-sound,,tuning,5,1.0,answer_only,randdir,2,8,2,366,0,0,0,
dog-sound,,tuning,5,1.0,answer_only,randnorm,0,8,2,366,0,0,0,
dog-sound,,tuning,5,1.0,answer_only,randnorm,1,8,2,366,0,0,0,
dog-sound,,tuning,5,1.0,answer_only,randnorm,2,8,2,366,0,0,0,
dog-sound,,tuning,5,2.0,all_no_bos,lens,-1,11,3,366,0,0,0,
dog-sound,,tuning,5,2.0,all_no_bos,randdir,0,8,4,705,0,0,0,
dog-sound,,tuning,5,2.0,all_no_bos,randdir,1,6,3,366,0,0,0,
dog-sound,,tuning,5,2.0,all_no_bos,randdir,2,8,2,366,0,0,0,
dog-sound,,tuning,5,2.0,all_no_bos,randnorm,0,8,3,366,0,0,0,
dog-sound,,tuning,5,2.0,all_no_bos,randnorm,1,8,3,366,0,0,0,
dog-sound,,tuning,5,2.0,all_no_bos,randnorm,2,7,2,366,0,0,0,
dog-sound,,tuning,5,2.0,from_mention,lens,-1,11,3,366,0,0,0,
dog-sound,,tuning,5,2.0,from_mention,randdir,0,8,4,705,0,0,0,
dog-sound,,tuning,5,2.0,from_mention,randdir,1,6,3,366,0,0,0,
dog-sound,,tuning,5,2.0,from_mention,randdir,2,8,2,366,0,0,0,
dog-sound,,tuning,5,2.0,from_mention,randnorm,0,8,3,366,0,0,0,
dog-sound,,tuning,5,2.0,from_mention,randnorm,1,8,3,366,0,0,0,
dog-sound,,tuning,5,2.0,from_mention,randnorm,2,7,2,366,0,0,0,
dog-sound,,tuning,5,2.0,answer_only,lens,-1,9,2,366,0,0,0,
dog-sound,,tuning,5,2.0,answer_only,randdir,0,10,4,366,0,0,0,
dog-sound,,tuning,5,2.0,answer_only,randdir,1,9,2,366,0,0,0,
dog-sound,,tuning,5,2.0,answer_only,randdir,2,8,2,366,0,0,0,
dog-sound,,tuning,5,2.0,answer_only,randnorm,0,9,2,366,0,0,0,
dog-sound,,tuning,5,2.0,answer_only,randnorm,1,9,2,366,0,0,0,
dog-sound,,tuning,5,2.0,answer_only,randnorm,2,8,2,366,0,0,0,
dog-sound,,tuning,6,0.5,all_no_bos,lens,-1,9,2,366,0,0,0,
dog-sound,,tuning,6,0.5,all_no_bos,randdir,0,8,2,366,0,0,0,
dog-sound,,tuning,6,0.5,all_no_bos,randdir,1,8,2,366,0,0,0,
dog-sound,,tuning,6,0.5,all_no_bos,randdir,2,8,2,366,0,0,0,
dog-sound,,tuning,6,0.5,all_no_bos,randnorm,0,9,2,366,0,0,0,
dog-sound,,tuning,6,0.5,all_no_bos,randnorm,1,8,2,366,0,0,0,
dog-sound,,tuning,6,0.5,all_no_bos,randnorm,2,8,2,366,0,0,0,
dog-sound,,tuning,6,0.5,from_mention,lens,-1,9,2,366,0,0,0,
dog-sound,,tuning,6,0.5,from_mention,randdir,0,8,2,366,0,0,0,
dog-sound,,tuning,6,0.5,from_mention,randdir,1,8,2,366,0,0,0,
dog-sound,,tuning,6,0.5,from_mention,randdir,2,8,2,366,0,0,0,
dog-sound,,tuning,6,0.5,from_mention,randnorm,0,9,2,366,0,0,0,
dog-sound,,tuning,6,0.5,from_mention,randnorm,1,8,2,366,0,0,0,
dog-sound,,tuning,6,0.5,from_mention,randnorm,2,8,2,366,0,0,0,
dog-sound,,tuning,6,0.5,answer_only,lens,-1,8,2,366,0,0,0,
dog-sound,,tuning,6,0.5,answer_only,randdir,0,8,2,366,0,0,0,
dog-sound,,tuning,6,0.5,answer_only,randdir,1,8,2,366,0,0,0,
dog-sound,,tuning,6,0.5,answer_only,randdir,2,8,2,366,0,0,0,
dog-sound,,tuning,6,0.5,answer_only,randnorm,0,8,2,366,0,0,0,
dog-sound,,tuning,6,0.5,answer_only,randnorm,1,8,2,366,0,0,0,
dog-sound,,tuning,6,0.5,answer_only,randnorm,2,8,2,366,0,0,0,
dog-sound,,tuning,6,1.0,all_no_bos,lens,-1,9,2,366,0,0,0,
dog-sound,,tuning,6,1.0,all_no_bos,randdir,0,9,2,366,0,0,0,
dog-sound,,tuning,6,1.0,all_no_bos,randdir,1,8,2,366,0,0,0,
dog-sound,,tuning,6,1.0,all_no_bos,randdir,2,8,1,24486,0,0,0,
dog-sound,,tuning,6,1.0,all_no_bos,randnorm,0,9,2,366,0,0,0,
dog-sound,,tuning,6,1.0,all_no_bos,randnorm,1,8,1,24486,0,0,0,
dog-sound,,tuning,6,1.0,all_no_bos,randnorm,2,8,2,366,0,0,0,
dog-sound,,tuning,6,1.0,from_mention,lens,-1,9,2,366,0,0,0,
dog-sound,,tuning,6,1.0,from_mention,randdir,0,9,2,366,0,0,0,
dog-sound,,tuning,6,1.0,from_mention,randdir,1,8,2,366,0,0,0,
dog-sound,,tuning,6,1.0,from_mention,randdir,2,8,1,24486,0,0,0,
dog-sound,,tuning,6,1.0,from_mention,randnorm,0,9,2,366,0,0,0,
dog-sound,,tuning,6,1.0,from_mention,randnorm,1,8,1,24486,0,0,0,
dog-sound,,tuning,6,1.0,from_mention,randnorm,2,8,2,366,0,0,0,
dog-sound,,tuning,6,1.0,answer_only,lens,-1,8,2,366,0,0,0,
dog-sound,,tuning,6,1.0,answer_only,randdir,0,8,2,366,0,0,0,
dog-sound,,tuning,6,1.0,answer_only,randdir,1,8,2,366,0,0,0,
dog-sound,,tuning,6,1.0,answer_only,randdir,2,8,2,366,0,0,0,
dog-sound,,tuning,6,1.0,answer_only,randnorm,0,8,2,366,0,0,0,
dog-sound,,tuning,6,1.0,answer_only,randnorm,1,8,2,366,0,0,0,
dog-sound,,tuning,6,1.0,answer_only,randnorm,2,8,2,366,0,0,0,
dog-sound,,tuning,6,2.0,all_no_bos,lens,-1,11,4,366,0,0,0,
dog-sound,,tuning,6,2.0,all_no_bos,randdir,0,9,2,366,0,0,0,
dog-sound,,tuning,6,2.0,all_no_bos,randdir,1,8,2,366,0,0,0,
dog-sound,,tuning,6,2.0,all_no_bos,randdir,2,7,1,24486,0,0,0,
dog-sound,,tuning,6,2.0,all_no_bos,randnorm,0,9,2,366,0,0,0,
dog-sound,,tuning,6,2.0,all_no_bos,randnorm,1,8,1,24486,0,0,0,
dog-sound,,tuning,6,2.0,all_no_bos,randnorm,2,8,2,366,0,0,0,
dog-sound,,tuning,6,2.0,from_mention,lens,-1,11,4,366,0,0,0,
dog-sound,,tuning,6,2.0,from_mention,randdir,0,9,2,366,0,0,0,
dog-sound,,tuning,6,2.0,from_mention,randdir,1,8,2,366,0,0,0,
dog-sound,,tuning,6,2.0,from_mention,randdir,2,7,1,24486,0,0,0,
dog-sound,,tuning,6,2.0,from_mention,randnorm,0,9,2,366,0,0,0,
dog-sound,,tuning,6,2.0,from_mention,randnorm,1,8,1,24486,0,0,0,
dog-sound,,tuning,6,2.0,from_mention,randnorm,2,8,2,366,0,0,0,
dog-sound,,tuning,6,2.0,answer_only,lens,-1,8,2,366,0,0,0,
dog-sound,,tuning,6,2.0,answer_only,randdir,0,8,2,366,0,0,0,
dog-sound,,tuning,6,2.0,answer_only,randdir,1,8,2,366,0,0,0,
dog-sound,,tuning,6,2.0,answer_only,randdir,2,8,2,366,0,0,0,
dog-sound,,tuning,6,2.0,answer_only,randnorm,0,8,2,366,0,0,0,
dog-sound,,tuning,6,2.0,answer_only,randnorm,1,8,2,366,0,0,0,
dog-sound,,tuning,6,2.0,answer_only,randnorm,2,8,2,366,0,0,0,
dog-sound,,tuning,7,0.5,all_no_bos,lens,-1,8,2,366,0,0,0,
dog-sound,,tuning,7,0.5,all_no_bos,randdir,0,9,2,366,0,0,0,
dog-sound,,tuning,7,0.5,all_no_bos,randdir,1,9,2,366,0,0,0,
dog-sound,,tuning,7,0.5,all_no_bos,randdir,2,8,2,366,0,0,0,
dog-sound,,tuning,7,0.5,all_no_bos,randnorm,0,9,2,366,0,0,0,
dog-sound,,tuning,7,0.5,all_no_bos,randnorm,1,9,2,366,0,0,0,
dog-sound,,tuning,7,0.5,all_no_bos,randnorm,2,8,2,366,0,0,0,
dog-sound,,tuning,7,0.5,from_mention,lens,-1,8,2,366,0,0,0,
dog-sound,,tuning,7,0.5,from_mention,randdir,0,9,2,366,0,0,0,
dog-sound,,tuning,7,0.5,from_mention,randdir,1,9,2,366,0,0,0,
dog-sound,,tuning,7,0.5,from_mention,randdir,2,8,2,366,0,0,0,
dog-sound,,tuning,7,0.5,from_mention,randnorm,0,9,2,366,0,0,0,
dog-sound,,tuning,7,0.5,from_mention,randnorm,1,9,2,366,0,0,0,
dog-sound,,tuning,7,0.5,from_mention,randnorm,2,8,2,366,0,0,0,
dog-sound,,tuning,7,0.5,answer_only,lens,-1,8,2,366,0,0,0,
dog-sound,,tuning,7,0.5,answer_only,randdir,0,8,2,366,0,0,0,
dog-sound,,tuning,7,0.5,answer_only,randdir,1,9,2,366,0,0,0,
dog-sound,,tuning,7,0.5,answer_only,randdir,2,8,2,366,0,0,0,
dog-sound,,tuning,7,0.5,answer_only,randnorm,0,8,2,366,0,0,0,
dog-sound,,tuning,7,0.5,answer_only,randnorm,1,9,2,366,0,0,0,
dog-sound,,tuning,7,0.5,answer_only,randnorm,2,8,2,366,0,0,0,
dog-sound,,tuning,7,1.0,all_no_bos,lens,-1,9,2,366,0,0,0,
dog-sound,,tuning,7,1.0,all_no_bos,randdir,0,11,2,366,0,0,0,
dog-sound,,tuning,7,1.0,all_no_bos,randdir,1,9,1,24486,0,0,0,
dog-sound,,tuning,7,1.0,all_no_bos,randdir,2,8,2,366,0,0,0,
dog-sound,,tuning,7,1.0,all_no_bos,randnorm,0,9,2,366,0,0,0,
dog-sound,,tuning,7,1.0,all_no_bos,randnorm,1,9,1,24486,0,0,0,
dog-sound,,tuning,7,1.0,all_no_bos,randnorm,2,9,2,366,0,0,0,
dog-sound,,tuning,7,1.0,from_mention,lens,-1,9,2,366,0,0,0,
dog-sound,,tuning,7,1.0,from_mention,randdir,0,11,2,366,0,0,0,
dog-sound,,tuning,7,1.0,from_mention,randdir,1,9,1,24486,0,0,0,
dog-sound,,tuning,7,1.0,from_mention,randdir,2,8,2,366,0,0,0,
dog-sound,,tuning,7,1.0,from_mention,randnorm,0,9,2,366,0,0,0,
dog-sound,,tuning,7,1.0,from_mention,randnorm,1,9,1,24486,0,0,0,
dog-sound,,tuning,7,1.0,from_mention,randnorm,2,9,2,366,0,0,0,
dog-sound,,tuning,7,1.0,answer_only,lens,-1,8,2,366,0,0,0,
dog-sound,,tuning,7,1.0,answer_only,randdir,0,8,2,366,0,0,0,
dog-sound,,tuning,7,1.0,answer_only,randdir,1,9,2,366,0,0,0,
dog-sound,,tuning,7,1.0,answer_only,randdir,2,8,2,366,0,0,0,
dog-sound,,tuning,7,1.0,answer_only,randnorm,0,8,2,366,0,0,0,
dog-sound,,tuning,7,1.0,answer_only,randnorm,1,9,2,366,0,0,0,
dog-sound,,tuning,7,1.0,answer_only,randnorm,2,8,2,366,0,0,0,
dog-sound,,tuning,7,2.0,all_no_bos,lens,-1,9,2,366,0,0,0,
dog-sound,,tuning,7,2.0,all_no_bos,randdir,0,17,2,366,0,0,0,
dog-sound,,tuning,7,2.0,all_no_bos,randdir,1,9,1,24486,0,0,0,
dog-sound,,tuning,7,2.0,all_no_bos,randdir,2,8,2,366,0,0,0,
dog-sound,,tuning,7,2.0,all_no_bos,randnorm,0,10,1,24486,0,0,0,
dog-sound,,tuning,7,2.0,all_no_bos,randnorm,1,9,1,24486,0,0,0,
dog-sound,,tuning,7,2.0,all_no_bos,randnorm,2,9,2,366,0,0,0,
dog-sound,,tuning,7,2.0,from_mention,lens,-1,9,2,366,0,0,0,
dog-sound,,tuning,7,2.0,from_mention,randdir,0,17,2,366,0,0,0,
dog-sound,,tuning,7,2.0,from_mention,randdir,1,9,1,24486,0,0,0,
dog-sound,,tuning,7,2.0,from_mention,randdir,2,8,2,366,0,0,0,
dog-sound,,tuning,7,2.0,from_mention,randnorm,0,10,1,24486,0,0,0,
dog-sound,,tuning,7,2.0,from_mention,randnorm,1,9,1,24486,0,0,0,
dog-sound,,tuning,7,2.0,from_mention,randnorm,2,9,2,366,0,0,0,
dog-sound,,tuning,7,2.0,answer_only,lens,-1,8,2,366,0,0,0,
dog-sound,,tuning,7,2.0,answer_only,randdir,0,10,2,366,0,0,0,
dog-sound,,tuning,7,2.0,answer_only,randdir,1,11,2,366,0,0,0,
dog-sound,,tuning,7,2.0,answer_only,randdir,2,8,2,366,0,0,0,
dog-sound,,tuning,7,2.0,answer_only,randnorm,0,8,2,366,0,0,0,
dog-sound,,tuning,7,2.0,answer_only,randnorm,1,9,2,366,0,0,0,
dog-sound,,tuning,7,2.0,answer_only,randnorm,2,9,2,366,0,0,0,
dog-sound,,tuning,8,0.5,all_no_bos,lens,-1,8,2,366,0,0,0,
dog-sound,,tuning,8,0.5,all_no_bos,randdir,0,8,2,366,0,0,0,
dog-sound,,tuning,8,0.5,all_no_bos,randdir,1,8,2,366,0,0,0,
dog-sound,,tuning,8,0.5,all_no_bos,randdir,2,9,2,366,0,0,0,
dog-sound,,tuning,8,0.5,all_no_bos,randnorm,0,8,2,366,0,0,0,
dog-sound,,tuning,8,0.5,all_no_bos,randnorm,1,8,2,366,0,0,0,
dog-sound,,tuning,8,0.5,all_no_bos,randnorm,2,9,2,366,0,0,0,
dog-sound,,tuning,8,0.5,from_mention,lens,-1,8,2,366,0,0,0,
dog-sound,,tuning,8,0.5,from_mention,randdir,0,8,2,366,0,0,0,
dog-sound,,tuning,8,0.5,from_mention,randdir,1,8,2,366,0,0,0,
dog-sound,,tuning,8,0.5,from_mention,randdir,2,9,2,366,0,0,0,
dog-sound,,tuning,8,0.5,from_mention,randnorm,0,8,2,366,0,0,0,
dog-sound,,tuning,8,0.5,from_mention,randnorm,1,8,2,366,0,0,0,
dog-sound,,tuning,8,0.5,from_mention,randnorm,2,9,2,366,0,0,0,
dog-sound,,tuning,8,0.5,answer_only,lens,-1,8,2,366,0,0,0,
dog-sound,,tuning,8,0.5,answer_only,randdir,0,8,2,366,0,0,0,
dog-sound,,tuning,8,0.5,answer_only,randdir,1,8,2,366,0,0,0,
dog-sound,,tuning,8,0.5,answer_only,randdir,2,8,2,366,0,0,0,
dog-sound,,tuning,8,0.5,answer_only,randnorm,0,8,2,366,0,0,0,
dog-sound,,tuning,8,0.5,answer_only,randnorm,1,8,2,366,0,0,0,
dog-sound,,tuning,8,0.5,answer_only,randnorm,2,8,2,366,0,0,0,
dog-sound,,tuning,8,1.0,all_no_bos,lens,-1,9,2,366,0,0,0,
dog-sound,,tuning,8,1.0,all_no_bos,randdir,0,8,2,366,0,0,0,
dog-sound,,tuning,8,1.0,all_no_bos,randdir,1,7,1,24486,0,0,0,
dog-sound,,tuning,8,1.0,all_no_bos,randdir,2,9,2,366,0,0,0,
dog-sound,,tuning,8,1.0,all_no_bos,randnorm,0,9,2,366,0,0,0,
dog-sound,,tuning,8,1.0,all_no_bos,randnorm,1,8,1,24486,0,0,0,
dog-sound,,tuning,8,1.0,all_no_bos,randnorm,2,9,2,366,0,0,0,
dog-sound,,tuning,8,1.0,from_mention,lens,-1,9,2,366,0,0,0,
dog-sound,,tuning,8,1.0,from_mention,randdir,0,8,2,366,0,0,0,
dog-sound,,tuning,8,1.0,from_mention,randdir,1,7,1,24486,0,0,0,
dog-sound,,tuning,8,1.0,from_mention,randdir,2,9,2,366,0,0,0,
dog-sound,,tuning,8,1.0,from_mention,randnorm,0,9,2,366,0,0,0,
dog-sound,,tuning,8,1.0,from_mention,randnorm,1,8,1,24486,0,0,0,
dog-sound,,tuning,8,1.0,from_mention,randnorm,2,9,2,366,0,0,0,
dog-sound,,tuning,8,1.0,answer_only,lens,-1,8,2,366,0,0,0,
dog-sound,,tuning,8,1.0,answer_only,randdir,0,9,2,366,0,0,0,
dog-sound,,tuning,8,1.0,answer_only,randdir,1,8,2,366,0,0,0,
dog-sound,,tuning,8,1.0,answer_only,randdir,2,8,2,366,0,0,0,
dog-sound,,tuning,8,1.0,answer_only,randnorm,0,9,2,366,0,0,0,
dog-sound,,tuning,8,1.0,answer_only,randnorm,1,8,2,366,0,0,0,
dog-sound,,tuning,8,1.0,answer_only,randnorm,2,9,2,366,0,0,0,
dog-sound,,tuning,8,2.0,all_no_bos,lens,-1,9,2,366,0,0,0,
dog-sound,,tuning,8,2.0,all_no_bos,randdir,0,9,2,366,0,0,0,
dog-sound,,tuning,8,2.0,all_no_bos,randdir,1,6,1,24486,0,0,0,
dog-sound,,tuning,8,2.0,all_no_bos,randdir,2,11,2,366,0,0,0,
dog-sound,,tuning,8,2.0,all_no_bos,randnorm,0,9,2,366,0,0,0,
dog-sound,,tuning,8,2.0,all_no_bos,randnorm,1,6,1,24486,0,0,0,
dog-sound,,tuning,8,2.0,all_no_bos,randnorm,2,10,2,366,0,0,0,
dog-sound,,tuning,8,2.0,from_mention,lens,-1,9,2,366,0,0,0,
dog-sound,,tuning,8,2.0,from_mention,randdir,0,9,2,366,0,0,0,
dog-sound,,tuning,8,2.0,from_mention,randdir,1,6,1,24486,0,0,0,
dog-sound,,tuning,8,2.0,from_mention,randdir,2,11,2,366,0,0,0,
dog-sound,,tuning,8,2.0,from_mention,randnorm,0,9,2,366,0,0,0,
dog-sound,,tuning,8,2.0,from_mention,randnorm,1,6,1,24486,0,0,0,
dog-sound,,tuning,8,2.0,from_mention,randnorm,2,10,2,366,0,0,0,
dog-sound,,tuning,8,2.0,answer_only,lens,-1,8,2,366,0,0,0,
dog-sound,,tuning,8,2.0,answer_only,randdir,0,9,2,366,0,0,0,
dog-sound,,tuning,8,2.0,answer_only,randdir,1,8,2,366,0,0,0,
dog-sound,,tuning,8,2.0,answer_only,randdir,2,8,2,366,0,0,0,
dog-sound,,tuning,8,2.0,answer_only,randnorm,0,9,2,366,0,0,0,
dog-sound,,tuning,8,2.0,answer_only,randnorm,1,7,2,366,0,0,0,
dog-sound,,tuning,8,2.0,answer_only,randnorm,2,9,2,366,0,0,0,
dog-sound,,tuning,9,0.5,all_no_bos,lens,-1,8,2,366,0,0,0,
dog-sound,,tuning,9,0.5,all_no_bos,randdir,0,8,2,366,0,0,0,
dog-sound,,tuning,9,0.5,all_no_bos,randdir,1,9,2,366,0,0,0,
dog-sound,,tuning,9,0.5,all_no_bos,randdir,2,8,2,366,0,0,0,
dog-sound,,tuning,9,0.5,all_no_bos,randnorm,0,8,2,366,0,0,0,
dog-sound,,tuning,9,0.5,all_no_bos,randnorm,1,9,2,366,0,0,0,
dog-sound,,tuning,9,0.5,all_no_bos,randnorm,2,8,2,366,0,0,0,
dog-sound,,tuning,9,0.5,from_mention,lens,-1,8,2,366,0,0,0,
dog-sound,,tuning,9,0.5,from_mention,randdir,0,8,2,366,0,0,0,
dog-sound,,tuning,9,0.5,from_mention,randdir,1,9,2,366,0,0,0,
dog-sound,,tuning,9,0.5,from_mention,randdir,2,8,2,366,0,0,0,
dog-sound,,tuning,9,0.5,from_mention,randnorm,0,8,2,366,0,0,0,
dog-sound,,tuning,9,0.5,from_mention,randnorm,1,9,2,366,0,0,0,
dog-sound,,tuning,9,0.5,from_mention,randnorm,2,8,2,366,0,0,0,
dog-sound,,tuning,9,0.5,answer_only,lens,-1,8,2,366,0,0,0,
dog-sound,,tuning,9,0.5,answer_only,randdir,0,8,2,366,0,0,0,
dog-sound,,tuning,9,0.5,answer_only,randdir,1,8,2,366,0,0,0,
dog-sound,,tuning,9,0.5,answer_only,randdir,2,8,2,366,0,0,0,
dog-sound,,tuning,9,0.5,answer_only,randnorm,0,8,2,366,0,0,0,
dog-sound,,tuning,9,0.5,answer_only,randnorm,1,8,2,366,0,0,0,
dog-sound,,tuning,9,0.5,answer_only,randnorm,2,8,2,366,0,0,0,
dog-sound,,tuning,9,1.0,all_no_bos,lens,-1,8,2,366,0,0,0,
dog-sound,,tuning,9,1.0,all_no_bos,randdir,0,8,1,24486,0,0,0,
dog-sound,,tuning,9,1.0,all_no_bos,randdir,1,9,2,366,0,0,0,
dog-sound,,tuning,9,1.0,all_no_bos,randdir,2,8,2,366,0,0,0,
dog-sound,,tuning,9,1.0,all_no_bos,randnorm,0,8,2,366,0,0,0,
dog-sound,,tuning,9,1.0,all_no_bos,randnorm,1,9,2,366,0,0,0,
dog-sound,,tuning,9,1.0,all_no_bos,randnorm,2,8,2,366,0,0,0,
dog-sound,,tuning,9,1.0,from_mention,lens,-1,8,2,366,0,0,0,
dog-sound,,tuning,9,1.0,from_mention,randdir,0,8,1,24486,0,0,0,
dog-sound,,tuning,9,1.0,from_mention,randdir,1,9,2,366,0,0,0,
dog-sound,,tuning,9,1.0,from_mention,randdir,2,8,2,366,0,0,0,
dog-sound,,tuning,9,1.0,from_mention,randnorm,0,8,2,366,0,0,0,
dog-sound,,tuning,9,1.0,from_mention,randnorm,1,9,2,366,0,0,0,
dog-sound,,tuning,9,1.0,from_mention,randnorm,2,8,2,366,0,0,0,
dog-sound,,tuning,9,1.0,answer_only,lens,-1,8,2,366,0,0,0,
dog-sound,,tuning,9,1.0,answer_only,randdir,0,8,2,366,0,0,0,
dog-sound,,tuning,9,1.0,answer_only,randdir,1,9,2,366,0,0,0,
dog-sound,,tuning,9,1.0,answer_only,randdir,2,8,2,366,0,0,0,
dog-sound,,tuning,9,1.0,answer_only,randnorm,0,8,2,366,0,0,0,
dog-sound,,tuning,9,1.0,answer_only,randnorm,1,9,2,366,0,0,0,
dog-sound,,tuning,9,1.0,answer_only,randnorm,2,8,2,366,0,0,0,
dog-sound,,tuning,9,2.0,all_no_bos,lens,-1,9,2,366,0,0,0,
dog-sound,,tuning,9,2.0,all_no_bos,randdir,0,7,1,24486,0,0,0,
dog-sound,,tuning,9,2.0,all_no_bos,randdir,1,9,1,24486,0,0,0,
dog-sound,,tuning,9,2.0,all_no_bos,randdir,2,9,1,24486,0,0,0,
dog-sound,,tuning,9,2.0,all_no_bos,randnorm,0,8,2,366,0,0,0,
dog-sound,,tuning,9,2.0,all_no_bos,randnorm,1,9,2,366,0,0,0,
dog-sound,,tuning,9,2.0,all_no_bos,randnorm,2,8,2,366,0,0,0,
dog-sound,,tuning,9,2.0,from_mention,lens,-1,9,2,366,0,0,0,
dog-sound,,tuning,9,2.0,from_mention,randdir,0,7,1,24486,0,0,0,
dog-sound,,tuning,9,2.0,from_mention,randdir,1,9,1,24486,0,0,0,
dog-sound,,tuning,9,2.0,from_mention,randdir,2,9,1,24486,0,0,0,
dog-sound,,tuning,9,2.0,from_mention,randnorm,0,8,2,366,0,0,0,
dog-sound,,tuning,9,2.0,from_mention,randnorm,1,9,2,366,0,0,0,
dog-sound,,tuning,9,2.0,from_mention,randnorm,2,8,2,366,0,0,0,
dog-sound,,tuning,9,2.0,answer_only,lens,-1,8,2,366,0,0,0,
dog-sound,,tuning,9,2.0,answer_only,randdir,0,8,2,366,0,0,0,
dog-sound,,tuning,9,2.0,answer_only,randdir,1,9,2,366,0,0,0,
dog-sound,,tuning,9,2.0,answer_only,randdir,2,8,2,366,0,0,0,
dog-sound,,tuning,9,2.0,answer_only,randnorm,0,8,2,366,0,0,0,
dog-sound,,tuning,9,2.0,answer_only,randnorm,1,9,1,24486,0,0,0,
dog-sound,,tuning,9,2.0,answer_only,randnorm,2,8,2,366,0,0,0,
dog-sound,,tuning,10,0.5,all_no_bos,lens,-1,8,2,366,0,0,0,
dog-sound,,tuning,10,0.5,all_no_bos,randdir,0,8,2,366,0,0,0,
dog-sound,,tuning,10,0.5,all_no_bos,randdir,1,9,2,366,0,0,0,
dog-sound,,tuning,10,0.5,all_no_bos,randdir,2,7,2,366,0,0,0,
dog-sound,,tuning,10,0.5,all_no_bos,randnorm,0,8,2,366,0,0,0,
dog-sound,,tuning,10,0.5,all_no_bos,randnorm,1,8,2,366,0,0,0,
dog-sound,,tuning,10,0.5,all_no_bos,randnorm,2,8,2,366,0,0,0,
dog-sound,,tuning,10,0.5,from_mention,lens,-1,8,2,366,0,0,0,
dog-sound,,tuning,10,0.5,from_mention,randdir,0,8,2,366,0,0,0,
dog-sound,,tuning,10,0.5,from_mention,randdir,1,9,2,366,0,0,0,
dog-sound,,tuning,10,0.5,from_mention,randdir,2,7,2,366,0,0,0,
dog-sound,,tuning,10,0.5,from_mention,randnorm,0,8,2,366,0,0,0,
dog-sound,,tuning,10,0.5,from_mention,randnorm,1,8,2,366,0,0,0,
dog-sound,,tuning,10,0.5,from_mention,randnorm,2,8,2,366,0,0,0,
dog-sound,,tuning,10,0.5,answer_only,lens,-1,8,2,366,0,0,0,
dog-sound,,tuning,10,0.5,answer_only,randdir,0,8,2,366,0,0,0,
dog-sound,,tuning,10,0.5,answer_only,randdir,1,9,2,366,0,0,0,
dog-sound,,tuning,10,0.5,answer_only,randdir,2,7,2,366,0,0,0,
dog-sound,,tuning,10,0.5,answer_only,randnorm,0,8,2,366,0,0,0,
dog-sound,,tuning,10,0.5,answer_only,randnorm,1,8,2,366,0,0,0,
dog-sound,,tuning,10,0.5,answer_only,randnorm,2,8,2,366,0,0,0,
dog-sound,,tuning,10,1.0,all_no_bos,lens,-1,9,2,366,0,0,0,
dog-sound,,tuning,10,1.0,all_no_bos,randdir,0,8,2,366,0,0,0,
dog-sound,,tuning,10,1.0,all_no_bos,randdir,1,10,2,366,0,0,0,
dog-sound,,tuning,10,1.0,all_no_bos,randdir,2,6,2,366,0,0,0,
dog-sound,,tuning,10,1.0,all_no_bos,randnorm,0,8,2,366,0,0,0,
dog-sound,,tuning,10,1.0,all_no_bos,randnorm,1,9,2,366,0,0,0,
dog-sound,,tuning,10,1.0,all_no_bos,randnorm,2,8,2,366,0,0,0,
dog-sound,,tuning,10,1.0,from_mention,lens,-1,9,2,366,0,0,0,
dog-sound,,tuning,10,1.0,from_mention,randdir,0,8,2,366,0,0,0,
dog-sound,,tuning,10,1.0,from_mention,randdir,1,10,2,366,0,0,0,
dog-sound,,tuning,10,1.0,from_mention,randdir,2,6,2,366,0,0,0,
dog-sound,,tuning,10,1.0,from_mention,randnorm,0,8,2,366,0,0,0,
dog-sound,,tuning,10,1.0,from_mention,randnorm,1,9,2,366,0,0,0,
dog-sound,,tuning,10,1.0,from_mention,randnorm,2,8,2,366,0,0,0,
dog-sound,,tuning,10,1.0,answer_only,lens,-1,8,2,366,0,0,0,
dog-sound,,tuning,10,1.0,answer_only,randdir,0,9,2,366,0,0,0,
dog-sound,,tuning,10,1.0,answer_only,randdir,1,10,2,366,0,0,0,
dog-sound,,tuning,10,1.0,answer_only,randdir,2,6,2,366,0,0,0,
dog-sound,,tuning,10,1.0,answer_only,randnorm,0,8,2,366,0,0,0,
dog-sound,,tuning,10,1.0,answer_only,randnorm,1,8,2,366,0,0,0,
dog-sound,,tuning,10,1.0,answer_only,randnorm,2,8,2,366,0,0,0,
dog-sound,,tuning,10,2.0,all_no_bos,lens,-1,10,2,366,0,0,0,
dog-sound,,tuning,10,2.0,all_no_bos,randdir,0,8,2,366,0,0,0,
dog-sound,,tuning,10,2.0,all_no_bos,randdir,1,15,2,366,0,0,0,
dog-sound,,tuning,10,2.0,all_no_bos,randdir,2,4,2,366,1,0,0,
dog-sound,,tuning,10,2.0,all_no_bos,randnorm,0,9,2,366,0,0,0,
dog-sound,,tuning,10,2.0,all_no_bos,randnorm,1,9,2,366,0,0,0,
dog-sound,,tuning,10,2.0,all_no_bos,randnorm,2,7,2,366,0,0,0,
dog-sound,,tuning,10,2.0,from_mention,lens,-1,10,2,366,0,0,0,
dog-sound,,tuning,10,2.0,from_mention,randdir,0,8,2,366,0,0,0,
dog-sound,,tuning,10,2.0,from_mention,randdir,1,15,2,366,0,0,0,
dog-sound,,tuning,10,2.0,from_mention,randdir,2,4,2,366,1,0,0,
dog-sound,,tuning,10,2.0,from_mention,randnorm,0,9,2,366,0,0,0,
dog-sound,,tuning,10,2.0,from_mention,randnorm,1,9,2,366,0,0,0,
dog-sound,,tuning,10,2.0,from_mention,randnorm,2,7,2,366,0,0,0,
dog-sound,,tuning,10,2.0,answer_only,lens,-1,9,2,366,0,0,0,
dog-sound,,tuning,10,2.0,answer_only,randdir,0,9,2,366,0,0,0,
dog-sound,,tuning,10,2.0,answer_only,randdir,1,12,2,366,0,0,0,
dog-sound,,tuning,10,2.0,answer_only,randdir,2,3,2,366,1,0,0,
dog-sound,,tuning,10,2.0,answer_only,randnorm,0,9,2,366,0,0,0,
dog-sound,,tuning,10,2.0,answer_only,randnorm,1,9,2,366,0,0,0,
dog-sound,,tuning,10,2.0,answer_only,randnorm,2,7,2,366,0,0,0,
dog-sound,,tuning,5-6,0.5,all_no_bos,lens,-1,9,2,366,0,0,0,
dog-sound,,tuning,5-6,0.5,all_no_bos,randdir,0,8,2,366,0,0,0,
dog-sound,,tuning,5-6,0.5,all_no_bos,randdir,1,8,2,366,0,0,0,
dog-sound,,tuning,5-6,0.5,all_no_bos,randdir,2,8,2,366,0,0,0,
dog-sound,,tuning,5-6,0.5,all_no_bos,randnorm,0,8,2,366,0,0,0,
dog-sound,,tuning,5-6,0.5,all_no_bos,randnorm,1,8,2,366,0,0,0,
dog-sound,,tuning,5-6,0.5,all_no_bos,randnorm,2,8,2,366,0,0,0,
dog-sound,,tuning,5-6,0.5,from_mention,lens,-1,9,2,366,0,0,0,
dog-sound,,tuning,5-6,0.5,from_mention,randdir,0,8,2,366,0,0,0,
dog-sound,,tuning,5-6,0.5,from_mention,randdir,1,8,2,366,0,0,0,
dog-sound,,tuning,5-6,0.5,from_mention,randdir,2,8,2,366,0,0,0,
dog-sound,,tuning,5-6,0.5,from_mention,randnorm,0,8,2,366,0,0,0,
dog-sound,,tuning,5-6,0.5,from_mention,randnorm,1,8,2,366,0,0,0,
dog-sound,,tuning,5-6,0.5,from_mention,randnorm,2,8,2,366,0,0,0,
dog-sound,,tuning,5-6,0.5,answer_only,lens,-1,8,2,366,0,0,0,
dog-sound,,tuning,5-6,0.5,answer_only,randdir,0,9,2,366,0,0,0,
dog-sound,,tuning,5-6,0.5,answer_only,randdir,1,8,2,366,0,0,0,
dog-sound,,tuning,5-6,0.5,answer_only,randdir,2,8,2,366,0,0,0,
dog-sound,,tuning,5-6,0.5,answer_only,randnorm,0,8,2,366,0,0,0,
dog-sound,,tuning,5-6,0.5,answer_only,randnorm,1,8,2,366,0,0,0,
dog-sound,,tuning,5-6,0.5,answer_only,randnorm,2,8,2,366,0,0,0,
dog-sound,,tuning,5-6,1.0,all_no_bos,lens,-1,9,2,366,0,0,0,
dog-sound,,tuning,5-6,1.0,all_no_bos,randdir,0,8,3,366,0,0,0,
dog-sound,,tuning,5-6,1.0,all_no_bos,randdir,1,7,2,366,0,0,0,
dog-sound,,tuning,5-6,1.0,all_no_bos,randdir,2,8,1,24486,0,0,0,
dog-sound,,tuning,5-6,1.0,all_no_bos,randnorm,0,9,2,366,0,0,0,
dog-sound,,tuning,5-6,1.0,all_no_bos,randnorm,1,8,2,366,0,0,0,
dog-sound,,tuning,5-6,1.0,all_no_bos,randnorm,2,8,2,366,0,0,0,
dog-sound,,tuning,5-6,1.0,from_mention,lens,-1,9,2,366,0,0,0,
dog-sound,,tuning,5-6,1.0,from_mention,randdir,0,8,3,366,0,0,0,
dog-sound,,tuning,5-6,1.0,from_mention,randdir,1,7,2,366,0,0,0,
dog-sound,,tuning,5-6,1.0,from_mention,randdir,2,8,1,24486,0,0,0,
dog-sound,,tuning,5-6,1.0,from_mention,randnorm,0,9,2,366,0,0,0,
dog-sound,,tuning,5-6,1.0,from_mention,randnorm,1,8,2,366,0,0,0,
dog-sound,,tuning,5-6,1.0,from_mention,randnorm,2,8,2,366,0,0,0,
dog-sound,,tuning,5-6,1.0,answer_only,lens,-1,8,2,366,0,0,0,
dog-sound,,tuning,5-6,1.0,answer_only,randdir,0,9,2,366,0,0,0,
dog-sound,,tuning,5-6,1.0,answer_only,randdir,1,8,2,366,0,0,0,
dog-sound,,tuning,5-6,1.0,answer_only,randdir,2,8,2,366,0,0,0,
dog-sound,,tuning,5-6,1.0,answer_only,randnorm,0,8,2,366,0,0,0,
dog-sound,,tuning,5-6,1.0,answer_only,randnorm,1,8,2,366,0,0,0,
dog-sound,,tuning,5-6,1.0,answer_only,randnorm,2,8,2,366,0,0,0,
dog-sound,,tuning,5-6,2.0,all_no_bos,lens,-1,8,1,24486,0,0,0,
dog-sound,,tuning,5-6,2.0,all_no_bos,randdir,0,11,6,366,0,0,0,
dog-sound,,tuning,5-6,2.0,all_no_bos,randdir,1,6,2,366,0,0,0,
dog-sound,,tuning,5-6,2.0,all_no_bos,randdir,2,5,1,24486,1,0,0,
dog-sound,,tuning,5-6,2.0,all_no_bos,randnorm,0,9,4,366,0,0,0,
dog-sound,,tuning,5-6,2.0,all_no_bos,randnorm,1,8,2,366,0,0,0,
dog-sound,,tuning,5-6,2.0,all_no_bos,randnorm,2,7,2,366,0,0,0,
dog-sound,,tuning,5-6,2.0,from_mention,lens,-1,8,1,24486,0,0,0,
dog-sound,,tuning,5-6,2.0,from_mention,randdir,0,11,6,366,0,0,0,
dog-sound,,tuning,5-6,2.0,from_mention,randdir,1,6,2,366,0,0,0,
dog-sound,,tuning,5-6,2.0,from_mention,randdir,2,5,1,24486,1,0,0,
dog-sound,,tuning,5-6,2.0,from_mention,randnorm,0,9,4,366,0,0,0,
dog-sound,,tuning,5-6,2.0,from_mention,randnorm,1,8,2,366,0,0,0,
dog-sound,,tuning,5-6,2.0,from_mention,randnorm,2,7,2,366,0,0,0,
dog-sound,,tuning,5-6,2.0,answer_only,lens,-1,8,2,366,0,0,0,
dog-sound,,tuning,5-6,2.0,answer_only,randdir,0,11,4,366,0,0,0,
dog-sound,,tuning,5-6,2.0,answer_only,randdir,1,8,2,366,0,0,0,
dog-sound,,tuning,5-6,2.0,answer_only,randdir,2,8,2,366,0,0,0,
dog-sound,,tuning,5-6,2.0,answer_only,randnorm,0,9,2,366,0,0,0,
dog-sound,,tuning,5-6,2.0,answer_only,randnorm,1,8,2,366,0,0,0,
dog-sound,,tuning,5-6,2.0,answer_only,randnorm,2,8,2,366,0,0,0,
dog-sound,,tuning,6-7,0.5,all_no_bos,lens,-1,9,2,366,0,0,0,
dog-sound,,tuning,6-7,0.5,all_no_bos,randdir,0,9,2,366,0,0,0,
dog-sound,,tuning,6-7,0.5,all_no_bos,randdir,1,9,2,366,0,0,0,
dog-sound,,tuning,6-7,0.5,all_no_bos,randdir,2,8,2,366,0,0,0,
dog-sound,,tuning,6-7,0.5,all_no_bos,randnorm,0,9,2,366,0,0,0,
dog-sound,,tuning,6-7,0.5,all_no_bos,randnorm,1,9,1,24486,0,0,0,
dog-sound,,tuning,6-7,0.5,all_no_bos,randnorm,2,8,2,366,0,0,0,
dog-sound,,tuning,6-7,0.5,from_mention,lens,-1,9,2,366,0,0,0,
dog-sound,,tuning,6-7,0.5,from_mention,randdir,0,9,2,366,0,0,0,
dog-sound,,tuning,6-7,0.5,from_mention,randdir,1,9,2,366,0,0,0,
dog-sound,,tuning,6-7,0.5,from_mention,randdir,2,8,2,366,0,0,0,
dog-sound,,tuning,6-7,0.5,from_mention,randnorm,0,9,2,366,0,0,0,
dog-sound,,tuning,6-7,0.5,from_mention,randnorm,1,9,1,24486,0,0,0,
dog-sound,,tuning,6-7,0.5,from_mention,randnorm,2,8,2,366,0,0,0,
dog-sound,,tuning,6-7,0.5,answer_only,lens,-1,8,2,366,0,0,0,
dog-sound,,tuning,6-7,0.5,answer_only,randdir,0,8,2,366,0,0,0,
dog-sound,,tuning,6-7,0.5,answer_only,randdir,1,9,2,366,0,0,0,
dog-sound,,tuning,6-7,0.5,answer_only,randdir,2,8,2,366,0,0,0,
dog-sound,,tuning,6-7,0.5,answer_only,randnorm,0,8,2,366,0,0,0,
dog-sound,,tuning,6-7,0.5,answer_only,randnorm,1,9,2,366,0,0,0,
dog-sound,,tuning,6-7,0.5,answer_only,randnorm,2,8,2,366,0,0,0,
dog-sound,,tuning,6-7,1.0,all_no_bos,lens,-1,8,2,366,0,0,0,
dog-sound,,tuning,6-7,1.0,all_no_bos,randdir,0,12,2,366,0,0,0,
dog-sound,,tuning,6-7,1.0,all_no_bos,randdir,1,9,1,24486,0,0,0,
dog-sound,,tuning,6-7,1.0,all_no_bos,randdir,2,8,1,24486,0,0,0,
dog-sound,,tuning,6-7,1.0,all_no_bos,randnorm,0,9,2,366,0,0,0,
dog-sound,,tuning,6-7,1.0,all_no_bos,randnorm,1,9,1,24486,0,0,0,
dog-sound,,tuning,6-7,1.0,all_no_bos,randnorm,2,8,2,366,0,0,0,
dog-sound,,tuning,6-7,1.0,from_mention,lens,-1,8,2,366,0,0,0,
dog-sound,,tuning,6-7,1.0,from_mention,randdir,0,12,2,366,0,0,0,
dog-sound,,tuning,6-7,1.0,from_mention,randdir,1,9,1,24486,0,0,0,
dog-sound,,tuning,6-7,1.0,from_mention,randdir,2,8,1,24486,0,0,0,
dog-sound,,tuning,6-7,1.0,from_mention,randnorm,0,9,2,366,0,0,0,
dog-sound,,tuning,6-7,1.0,from_mention,randnorm,1,9,1,24486,0,0,0,
dog-sound,,tuning,6-7,1.0,from_mention,randnorm,2,8,2,366,0,0,0,
dog-sound,,tuning,6-7,1.0,answer_only,lens,-1,8,2,366,0,0,0,
dog-sound,,tuning,6-7,1.0,answer_only,randdir,0,8,2,366,0,0,0,
dog-sound,,tuning,6-7,1.0,answer_only,randdir,1,9,2,366,0,0,0,
dog-sound,,tuning,6-7,1.0,answer_only,randdir,2,8,2,366,0,0,0,
dog-sound,,tuning,6-7,1.0,answer_only,randnorm,0,8,2,366,0,0,0,
dog-sound,,tuning,6-7,1.0,answer_only,randnorm,1,9,2,366,0,0,0,
dog-sound,,tuning,6-7,1.0,answer_only,randnorm,2,8,2,366,0,0,0,
dog-sound,,tuning,6-7,2.0,all_no_bos,lens,-1,8,1,24486,0,0,0,
dog-sound,,tuning,6-7,2.0,all_no_bos,randdir,0,19,2,366,0,0,0,
dog-sound,,tuning,6-7,2.0,all_no_bos,randdir,1,8,1,24486,0,0,0,
dog-sound,,tuning,6-7,2.0,all_no_bos,randdir,2,7,1,24486,0,0,0,
dog-sound,,tuning,6-7,2.0,all_no_bos,randnorm,0,13,2,366,0,0,0,
dog-sound,,tuning,6-7,2.0,all_no_bos,randnorm,1,9,1,24486,0,0,0,
dog-sound,,tuning,6-7,2.0,all_no_bos,randnorm,2,9,2,366,0,0,0,
dog-sound,,tuning,6-7,2.0,from_mention,lens,-1,8,1,24486,0,0,0,
dog-sound,,tuning,6-7,2.0,from_mention,randdir,0,19,2,366,0,0,0,
dog-sound,,tuning,6-7,2.0,from_mention,randdir,1,8,1,24486,0,0,0,
dog-sound,,tuning,6-7,2.0,from_mention,randdir,2,7,1,24486,0,0,0,
dog-sound,,tuning,6-7,2.0,from_mention,randnorm,0,13,2,366,0,0,0,
dog-sound,,tuning,6-7,2.0,from_mention,randnorm,1,9,1,24486,0,0,0,
dog-sound,,tuning,6-7,2.0,from_mention,randnorm,2,9,2,366,0,0,0,
dog-sound,,tuning,6-7,2.0,answer_only,lens,-1,9,2,366,0,0,0,
dog-sound,,tuning,6-7,2.0,answer_only,randdir,0,10,2,366,0,0,0,
dog-sound,,tuning,6-7,2.0,answer_only,randdir,1,11,2,366,0,0,0,
dog-sound,,tuning,6-7,2.0,answer_only,randdir,2,8,2,366,0,0,0,
dog-sound,,tuning,6-7,2.0,answer_only,randnorm,0,8,2,366,0,0,0,
dog-sound,,tuning,6-7,2.0,answer_only,randnorm,1,9,2,366,0,0,0,
dog-sound,,tuning,6-7,2.0,answer_only,randnorm,2,8,2,366,0,0,0,
dog-sound,,tuning,7-8,0.5,all_no_bos,lens,-1,8,2,366,0,0,0,
dog-sound,,tuning,7-8,0.5,all_no_bos,randdir,0,9,2,366,0,0,0,
dog-sound,,tuning,7-8,0.5,all_no_bos,randdir,1,8,1,24486,0,0,0,
dog-sound,,tuning,7-8,0.5,all_no_bos,randdir,2,9,2,366,0,0,0,
dog-sound,,tuning,7-8,0.5,all_no_bos,randnorm,0,9,2,366,0,0,0,
dog-sound,,tuning,7-8,0.5,all_no_bos,randnorm,1,8,1,24486,0,0,0,
dog-sound,,tuning,7-8,0.5,all_no_bos,randnorm,2,9,2,366,0,0,0,
dog-sound,,tuning,7-8,0.5,from_mention,lens,-1,8,2,366,0,0,0,
dog-sound,,tuning,7-8,0.5,from_mention,randdir,0,9,2,366,0,0,0,
dog-sound,,tuning,7-8,0.5,from_mention,randdir,1,8,1,24486,0,0,0,
dog-sound,,tuning,7-8,0.5,from_mention,randdir,2,9,2,366,0,0,0,
dog-sound,,tuning,7-8,0.5,from_mention,randnorm,0,9,2,366,0,0,0,
dog-sound,,tuning,7-8,0.5,from_mention,randnorm,1,8,1,24486,0,0,0,
dog-sound,,tuning,7-8,0.5,from_mention,randnorm,2,9,2,366,0,0,0,
dog-sound,,tuning,7-8,0.5,answer_only,lens,-1,8,2,366,0,0,0,
dog-sound,,tuning,7-8,0.5,answer_only,randdir,0,8,2,366,0,0,0,
dog-sound,,tuning,7-8,0.5,answer_only,randdir,1,9,2,366,0,0,0,
dog-sound,,tuning,7-8,0.5,answer_only,randdir,2,8,2,366,0,0,0,
dog-sound,,tuning,7-8,0.5,answer_only,randnorm,0,8,2,366,0,0,0,
dog-sound,,tuning,7-8,0.5,answer_only,randnorm,1,9,2,366,0,0,0,
dog-sound,,tuning,7-8,0.5,answer_only,randnorm,2,8,2,366,0,0,0,
dog-sound,,tuning,7-8,1.0,all_no_bos,lens,-1,8,1,24486,0,0,0,
dog-sound,,tuning,7-8,1.0,all_no_bos,randdir,0,11,2,366,0,0,0,
dog-sound,,tuning,7-8,1.0,all_no_bos,randdir,1,7,1,24486,0,0,0,
dog-sound,,tuning,7-8,1.0,all_no_bos,randdir,2,9,2,366,0,0,0,
dog-sound,,tuning,7-8,1.0,all_no_bos,randnorm,0,9,2,366,0,0,0,
dog-sound,,tuning,7-8,1.0,all_no_bos,randnorm,1,8,1,24486,0,0,0,
dog-sound,,tuning,7-8,1.0,all_no_bos,randnorm,2,9,2,366,0,0,0,
dog-sound,,tuning,7-8,1.0,from_mention,lens,-1,8,1,24486,0,0,0,
dog-sound,,tuning,7-8,1.0,from_mention,randdir,0,11,2,366,0,0,0,
dog-sound,,tuning,7-8,1.0,from_mention,randdir,1,7,1,24486,0,0,0,
dog-sound,,tuning,7-8,1.0,from_mention,randdir,2,9,2,366,0,0,0,
dog-sound,,tuning,7-8,1.0,from_mention,randnorm,0,9,2,366,0,0,0,
dog-sound,,tuning,7-8,1.0,from_mention,randnorm,1,8,1,24486,0,0,0,
dog-sound,,tuning,7-8,1.0,from_mention,randnorm,2,9,2,366,0,0,0,
dog-sound,,tuning,7-8,1.0,answer_only,lens,-1,8,2,366,0,0,0,
dog-sound,,tuning,7-8,1.0,answer_only,randdir,0,8,2,366,0,0,0,
dog-sound,,tuning,7-8,1.0,answer_only,randdir,1,9,2,366,0,0,0,
dog-sound,,tuning,7-8,1.0,answer_only,randdir,2,8,2,366,0,0,0,
dog-sound,,tuning,7-8,1.0,answer_only,randnorm,0,8,2,366,0,0,0,
dog-sound,,tuning,7-8,1.0,answer_only,randnorm,1,9,2,366,0,0,0,
dog-sound,,tuning,7-8,1.0,answer_only,randnorm,2,9,2,366,0,0,0,
dog-sound,,tuning,7-8,2.0,all_no_bos,lens,-1,7,1,24486,0,0,0,
dog-sound,,tuning,7-8,2.0,all_no_bos,randdir,0,16,2,366,0,0,0,
dog-sound,,tuning,7-8,2.0,all_no_bos,randdir,1,6,1,24486,0,0,0,
dog-sound,,tuning,7-8,2.0,all_no_bos,randdir,2,11,3,366,0,0,0,
dog-sound,,tuning,7-8,2.0,all_no_bos,randnorm,0,10,2,366,0,0,0,
dog-sound,,tuning,7-8,2.0,all_no_bos,randnorm,1,7,1,24486,0,0,0,
dog-sound,,tuning,7-8,2.0,all_no_bos,randnorm,2,12,3,366,0,0,0,
dog-sound,,tuning,7-8,2.0,from_mention,lens,-1,7,1,24486,0,0,0,
dog-sound,,tuning,7-8,2.0,from_mention,randdir,0,16,2,366,0,0,0,
dog-sound,,tuning,7-8,2.0,from_mention,randdir,1,6,1,24486,0,0,0,
dog-sound,,tuning,7-8,2.0,from_mention,randdir,2,11,3,366,0,0,0,
dog-sound,,tuning,7-8,2.0,from_mention,randnorm,0,10,2,366,0,0,0,
dog-sound,,tuning,7-8,2.0,from_mention,randnorm,1,7,1,24486,0,0,0,
dog-sound,,tuning,7-8,2.0,from_mention,randnorm,2,12,3,366,0,0,0,
dog-sound,,tuning,7-8,2.0,answer_only,lens,-1,8,2,366,0,0,0,
dog-sound,,tuning,7-8,2.0,answer_only,randdir,0,10,2,366,0,0,0,
dog-sound,,tuning,7-8,2.0,answer_only,randdir,1,11,2,366,0,0,0,
dog-sound,,tuning,7-8,2.0,answer_only,randdir,2,8,2,366,0,0,0,
dog-sound,,tuning,7-8,2.0,answer_only,randnorm,0,9,2,366,0,0,0,
dog-sound,,tuning,7-8,2.0,answer_only,randnorm,1,9,2,366,0,0,0,
dog-sound,,tuning,7-8,2.0,answer_only,randnorm,2,10,2,366,0,0,0,
dog-sound,,tuning,8-9,0.5,all_no_bos,lens,-1,8,2,366,0,0,0,
dog-sound,,tuning,8-9,0.5,all_no_bos,randdir,0,8,2,366,0,0,0,
dog-sound,,tuning,8-9,0.5,all_no_bos,randdir,1,8,1,24486,0,0,0,
dog-sound,,tuning,8-9,0.5,all_no_bos,randdir,2,9,2,366,0,0,0,
dog-sound,,tuning,8-9,0.5,all_no_bos,randnorm,0,8,2,366,0,0,0,
dog-sound,,tuning,8-9,0.5,all_no_bos,randnorm,1,8,2,366,0,0,0,
dog-sound,,tuning,8-9,0.5,all_no_bos,randnorm,2,8,2,366,0,0,0,
dog-sound,,tuning,8-9,0.5,from_mention,lens,-1,8,2,366,0,0,0,
dog-sound,,tuning,8-9,0.5,from_mention,randdir,0,8,2,366,0,0,0,
dog-sound,,tuning,8-9,0.5,from_mention,randdir,1,8,1,24486,0,0,0,
dog-sound,,tuning,8-9,0.5,from_mention,randdir,2,9,2,366,0,0,0,
dog-sound,,tuning,8-9,0.5,from_mention,randnorm,0,8,2,366,0,0,0,
dog-sound,,tuning,8-9,0.5,from_mention,randnorm,1,8,2,366,0,0,0,
dog-sound,,tuning,8-9,0.5,from_mention,randnorm,2,8,2,366,0,0,0,
dog-sound,,tuning,8-9,0.5,answer_only,lens,-1,8,2,366,0,0,0,
dog-sound,,tuning,8-9,0.5,answer_only,randdir,0,8,2,366,0,0,0,
dog-sound,,tuning,8-9,0.5,answer_only,randdir,1,8,2,366,0,0,0,
dog-sound,,tuning,8-9,0.5,answer_only,randdir,2,8,2,366,0,0,0,
dog-sound,,tuning,8-9,0.5,answer_only,randnorm,0,8,2,366,0,0,0,
dog-sound,,tuning,8-9,0.5,answer_only,randnorm,1,8,2,366,0,0,0,
dog-sound,,tuning,8-9,0.5,answer_only,randnorm,2,8,2,366,0,0,0,
dog-sound,,tuning,8-9,1.0,all_no_bos,lens,-1,9,2,366,0,0,0,
dog-sound,,tuning,8-9,1.0,all_no_bos,randdir,0,7,2,366,0,0,0,
dog-sound,,tuning,8-9,1.0,all_no_bos,randdir,1,8,1,24486,0,0,0,
dog-sound,,tuning,8-9,1.0,all_no_bos,randdir,2,9,2,366,0,0,0,
dog-sound,,tuning,8-9,1.0,all_no_bos,randnorm,0,8,2,366,0,0,0,
dog-sound,,tuning,8-9,1.0,all_no_bos,randnorm,1,8,1,24486,0,0,0,
dog-sound,,tuning,8-9,1.0,all_no_bos,randnorm,2,9,2,366,0,0,0,
dog-sound,,tuning,8-9,1.0,from_mention,lens,-1,9,2,366,0,0,0,
dog-sound,,tuning,8-9,1.0,from_mention,randdir,0,7,2,366,0,0,0,
dog-sound,,tuning,8-9,1.0,from_mention,randdir,1,8,1,24486,0,0,0,
dog-sound,,tuning,8-9,1.0,from_mention,randdir,2,9,2,366,0,0,0,
dog-sound,,tuning,8-9,1.0,from_mention,randnorm,0,8,2,366,0,0,0,
dog-sound,,tuning,8-9,1.0,from_mention,randnorm,1,8,1,24486,0,0,0,
dog-sound,,tuning,8-9,1.0,from_mention,randnorm,2,9,2,366,0,0,0,
dog-sound,,tuning,8-9,1.0,answer_only,lens,-1,8,2,366,0,0,0,
dog-sound,,tuning,8-9,1.0,answer_only,randdir,0,9,2,366,0,0,0,
dog-sound,,tuning,8-9,1.0,answer_only,randdir,1,8,2,366,0,0,0,
dog-sound,,tuning,8-9,1.0,answer_only,randdir,2,8,2,366,0,0,0,
dog-sound,,tuning,8-9,1.0,answer_only,randnorm,0,9,2,366,0,0,0,
dog-sound,,tuning,8-9,1.0,answer_only,randnorm,1,8,2,366,0,0,0,
dog-sound,,tuning,8-9,1.0,answer_only,randnorm,2,8,2,366,0,0,0,
dog-sound,,tuning,8-9,2.0,all_no_bos,lens,-1,9,2,366,0,0,0,
dog-sound,,tuning,8-9,2.0,all_no_bos,randdir,0,6,2,366,0,0,0,
dog-sound,,tuning,8-9,2.0,all_no_bos,randdir,1,8,1,24486,0,0,0,
dog-sound,,tuning,8-9,2.0,all_no_bos,randdir,2,14,2,366,0,0,0,
dog-sound,,tuning,8-9,2.0,all_no_bos,randnorm,0,8,2,366,0,0,0,
dog-sound,,tuning,8-9,2.0,all_no_bos,randnorm,1,7,1,24486,0,0,0,
dog-sound,,tuning,8-9,2.0,all_no_bos,randnorm,2,9,2,366,0,0,0,
dog-sound,,tuning,8-9,2.0,from_mention,lens,-1,9,2,366,0,0,0,
dog-sound,,tuning,8-9,2.0,from_mention,randdir,0,6,2,366,0,0,0,
dog-sound,,tuning,8-9,2.0,from_mention,randdir,1,8,1,24486,0,0,0,
dog-sound,,tuning,8-9,2.0,from_mention,randdir,2,14,2,366,0,0,0,
dog-sound,,tuning,8-9,2.0,from_mention,randnorm,0,8,2,366,0,0,0,
dog-sound,,tuning,8-9,2.0,from_mention,randnorm,1,7,1,24486,0,0,0,
dog-sound,,tuning,8-9,2.0,from_mention,randnorm,2,9,2,366,0,0,0,
dog-sound,,tuning,8-9,2.0,answer_only,lens,-1,10,2,366,0,0,0,
dog-sound,,tuning,8-9,2.0,answer_only,randdir,0,9,2,366,0,0,0,
dog-sound,,tuning,8-9,2.0,answer_only,randdir,1,9,2,366,0,0,0,
dog-sound,,tuning,8-9,2.0,answer_only,randdir,2,8,2,366,0,0,0,
dog-sound,,tuning,8-9,2.0,answer_only,randnorm,0,9,2,366,0,0,0,
dog-sound,,tuning,8-9,2.0,answer_only,randnorm,1,7,1,24486,0,0,0,
dog-sound,,tuning,8-9,2.0,answer_only,randnorm,2,8,2,366,0,0,0,
dog-sound,,tuning,6-7-8,0.5,all_no_bos,lens,-1,8,2,366,0,0,0,
dog-sound,,tuning,6-7-8,0.5,all_no_bos,randdir,0,9,2,366,0,0,0,
dog-sound,,tuning,6-7-8,0.5,all_no_bos,randdir,1,8,1,24486,0,0,0,
dog-sound,,tuning,6-7-8,0.5,all_no_bos,randdir,2,8,2,366,0,0,0,
dog-sound,,tuning,6-7-8,0.5,all_no_bos,randnorm,0,9,2,366,0,0,0,
dog-sound,,tuning,6-7-8,0.5,all_no_bos,randnorm,1,8,1,24486,0,0,0,
dog-sound,,tuning,6-7-8,0.5,all_no_bos,randnorm,2,9,2,366,0,0,0,
dog-sound,,tuning,6-7-8,0.5,from_mention,lens,-1,8,2,366,0,0,0,
dog-sound,,tuning,6-7-8,0.5,from_mention,randdir,0,9,2,366,0,0,0,
dog-sound,,tuning,6-7-8,0.5,from_mention,randdir,1,8,1,24486,0,0,0,
dog-sound,,tuning,6-7-8,0.5,from_mention,randdir,2,8,2,366,0,0,0,
dog-sound,,tuning,6-7-8,0.5,from_mention,randnorm,0,9,2,366,0,0,0,
dog-sound,,tuning,6-7-8,0.5,from_mention,randnorm,1,8,1,24486,0,0,0,
dog-sound,,tuning,6-7-8,0.5,from_mention,randnorm,2,9,2,366,0,0,0,
dog-sound,,tuning,6-7-8,0.5,answer_only,lens,-1,8,2,366,0,0,0,
dog-sound,,tuning,6-7-8,0.5,answer_only,randdir,0,8,2,366,0,0,0,
dog-sound,,tuning,6-7-8,0.5,answer_only,randdir,1,9,2,366,0,0,0,
dog-sound,,tuning,6-7-8,0.5,answer_only,randdir,2,8,2,366,0,0,0,
dog-sound,,tuning,6-7-8,0.5,answer_only,randnorm,0,8,2,366,0,0,0,
dog-sound,,tuning,6-7-8,0.5,answer_only,randnorm,1,9,2,366,0,0,0,
dog-sound,,tuning,6-7-8,0.5,answer_only,randnorm,2,8,2,366,0,0,0,
dog-sound,,tuning,6-7-8,1.0,all_no_bos,lens,-1,9,2,366,0,0,0,
dog-sound,,tuning,6-7-8,1.0,all_no_bos,randdir,0,11,2,366,0,0,0,
dog-sound,,tuning,6-7-8,1.0,all_no_bos,randdir,1,6,1,24486,0,0,0,
dog-sound,,tuning,6-7-8,1.0,all_no_bos,randdir,2,8,2,366,0,0,0,
dog-sound,,tuning,6-7-8,1.0,all_no_bos,randnorm,0,9,2,366,0,0,0,
dog-sound,,tuning,6-7-8,1.0,all_no_bos,randnorm,1,8,1,24486,0,0,0,
dog-sound,,tuning,6-7-8,1.0,all_no_bos,randnorm,2,9,2,366,0,0,0,
dog-sound,,tuning,6-7-8,1.0,from_mention,lens,-1,9,2,366,0,0,0,
dog-sound,,tuning,6-7-8,1.0,from_mention,randdir,0,11,2,366,0,0,0,
dog-sound,,tuning,6-7-8,1.0,from_mention,randdir,1,6,1,24486,0,0,0,
dog-sound,,tuning,6-7-8,1.0,from_mention,randdir,2,8,2,366,0,0,0,
dog-sound,,tuning,6-7-8,1.0,from_mention,randnorm,0,9,2,366,0,0,0,
dog-sound,,tuning,6-7-8,1.0,from_mention,randnorm,1,8,1,24486,0,0,0,
dog-sound,,tuning,6-7-8,1.0,from_mention,randnorm,2,9,2,366,0,0,0,
dog-sound,,tuning,6-7-8,1.0,answer_only,lens,-1,8,2,366,0,0,0,
dog-sound,,tuning,6-7-8,1.0,answer_only,randdir,0,8,2,366,0,0,0,
dog-sound,,tuning,6-7-8,1.0,answer_only,randdir,1,9,2,366,0,0,0,
dog-sound,,tuning,6-7-8,1.0,answer_only,randdir,2,8,2,366,0,0,0,
dog-sound,,tuning,6-7-8,1.0,answer_only,randnorm,0,8,2,366,0,0,0,
dog-sound,,tuning,6-7-8,1.0,answer_only,randnorm,1,9,2,366,0,0,0,
dog-sound,,tuning,6-7-8,1.0,answer_only,randnorm,2,9,2,366,0,0,0,
dog-sound,,tuning,6-7-8,2.0,all_no_bos,lens,-1,15,1,24486,0,0,0,
dog-sound,,tuning,6-7-8,2.0,all_no_bos,randdir,0,16,2,366,0,0,0,
dog-sound,,tuning,6-7-8,2.0,all_no_bos,randdir,1,3,1,24486,1,0,0,
dog-sound,,tuning,6-7-8,2.0,all_no_bos,randdir,2,8,2,366,0,0,0,
dog-sound,,tuning,6-7-8,2.0,all_no_bos,randnorm,0,13,2,366,0,0,0,
dog-sound,,tuning,6-7-8,2.0,all_no_bos,randnorm,1,6,1,24486,0,0,0,
dog-sound,,tuning,6-7-8,2.0,all_no_bos,randnorm,2,13,3,366,0,0,0,
dog-sound,,tuning,6-7-8,2.0,from_mention,lens,-1,15,1,24486,0,0,0,
dog-sound,,tuning,6-7-8,2.0,from_mention,randdir,0,16,2,366,0,0,0,
dog-sound,,tuning,6-7-8,2.0,from_mention,randdir,1,3,1,24486,1,0,0,
dog-sound,,tuning,6-7-8,2.0,from_mention,randdir,2,8,2,366,0,0,0,
dog-sound,,tuning,6-7-8,2.0,from_mention,randnorm,0,13,2,366,0,0,0,
dog-sound,,tuning,6-7-8,2.0,from_mention,randnorm,1,6,1,24486,0,0,0,
dog-sound,,tuning,6-7-8,2.0,from_mention,randnorm,2,13,3,366,0,0,0,
dog-sound,,tuning,6-7-8,2.0,answer_only,lens,-1,8,2,366,0,0,0,
dog-sound,,tuning,6-7-8,2.0,answer_only,randdir,0,11,2,366,0,0,0,
dog-sound,,tuning,6-7-8,2.0,answer_only,randdir,1,9,2,366,0,0,0,
dog-sound,,tuning,6-7-8,2.0,answer_only,randdir,2,8,2,366,0,0,0,
dog-sound,,tuning,6-7-8,2.0,answer_only,randnorm,0,9,2,366,0,0,0,
dog-sound,,tuning,6-7-8,2.0,answer_only,randnorm,1,9,2,366,0,0,0,
dog-sound,,tuning,6-7-8,2.0,answer_only,randnorm,2,10,2,366,0,0,0,
dog-sound,,tuning,7-8-9,0.5,all_no_bos,lens,-1,8,2,366,0,0,0,
dog-sound,,tuning,7-8-9,0.5,all_no_bos,randdir,0,8,2,366,0,0,0,
dog-sound,,tuning,7-8-9,0.5,all_no_bos,randdir,1,9,1,24486,0,0,0,
dog-sound,,tuning,7-8-9,0.5,all_no_bos,randdir,2,9,2,366,0,0,0,
dog-sound,,tuning,7-8-9,0.5,all_no_bos,randnorm,0,8,2,366,0,0,0,
dog-sound,,tuning,7-8-9,0.5,all_no_bos,randnorm,1,9,1,24486,0,0,0,
dog-sound,,tuning,7-8-9,0.5,all_no_bos,randnorm,2,9,2,366,0,0,0,
dog-sound,,tuning,7-8-9,0.5,from_mention,lens,-1,8,2,366,0,0,0,
dog-sound,,tuning,7-8-9,0.5,from_mention,randdir,0,8,2,366,0,0,0,
dog-sound,,tuning,7-8-9,0.5,from_mention,randdir,1,9,1,24486,0,0,0,
dog-sound,,tuning,7-8-9,0.5,from_mention,randdir,2,9,2,366,0,0,0,
dog-sound,,tuning,7-8-9,0.5,from_mention,randnorm,0,8,2,366,0,0,0,
dog-sound,,tuning,7-8-9,0.5,from_mention,randnorm,1,9,1,24486,0,0,0,
dog-sound,,tuning,7-8-9,0.5,from_mention,randnorm,2,9,2,366,0,0,0,
dog-sound,,tuning,7-8-9,0.5,answer_only,lens,-1,8,2,366,0,0,0,
dog-sound,,tuning,7-8-9,0.5,answer_only,randdir,0,8,2,366,0,0,0,
dog-sound,,tuning,7-8-9,0.5,answer_only,randdir,1,9,2,366,0,0,0,
dog-sound,,tuning,7-8-9,0.5,answer_only,randdir,2,8,2,366,0,0,0,
dog-sound,,tuning,7-8-9,0.5,answer_only,randnorm,0,8,2,366,0,0,0,
dog-sound,,tuning,7-8-9,0.5,answer_only,randnorm,1,9,2,366,0,0,0,
dog-sound,,tuning,7-8-9,0.5,answer_only,randnorm,2,8,2,366,0,0,0,
dog-sound,,tuning,7-8-9,1.0,all_no_bos,lens,-1,8,1,24486,0,0,0,
dog-sound,,tuning,7-8-9,1.0,all_no_bos,randdir,0,9,2,366,0,0,0,
dog-sound,,tuning,7-8-9,1.0,all_no_bos,randdir,1,9,1,24486,0,0,0,
dog-sound,,tuning,7-8-9,1.0,all_no_bos,randdir,2,9,2,366,0,0,0,
dog-sound,,tuning,7-8-9,1.0,all_no_bos,randnorm,0,8,2,366,0,0,0,
dog-sound,,tuning,7-8-9,1.0,all_no_bos,randnorm,1,9,1,24486,0,0,0,
dog-sound,,tuning,7-8-9,1.0,all_no_bos,randnorm,2,9,2,366,0,0,0,
dog-sound,,tuning,7-8-9,1.0,from_mention,lens,-1,8,1,24486,0,0,0,
dog-sound,,tuning,7-8-9,1.0,from_mention,randdir,0,9,2,366,0,0,0,
dog-sound,,tuning,7-8-9,1.0,from_mention,randdir,1,9,1,24486,0,0,0,
dog-sound,,tuning,7-8-9,1.0,from_mention,randdir,2,9,2,366,0,0,0,
dog-sound,,tuning,7-8-9,1.0,from_mention,randnorm,0,8,2,366,0,0,0,
dog-sound,,tuning,7-8-9,1.0,from_mention,randnorm,1,9,1,24486,0,0,0,
dog-sound,,tuning,7-8-9,1.0,from_mention,randnorm,2,9,2,366,0,0,0,
dog-sound,,tuning,7-8-9,1.0,answer_only,lens,-1,8,2,366,0,0,0,
dog-sound,,tuning,7-8-9,1.0,answer_only,randdir,0,8,2,366,0,0,0,
dog-sound,,tuning,7-8-9,1.0,answer_only,randdir,1,9,2,366,0,0,0,
dog-sound,,tuning,7-8-9,1.0,answer_only,randdir,2,8,2,366,0,0,0,
dog-sound,,tuning,7-8-9,1.0,answer_only,randnorm,0,8,2,366,0,0,0,
dog-sound,,tuning,7-8-9,1.0,answer_only,randnorm,1,9,2,366,0,0,0,
dog-sound,,tuning,7-8-9,1.0,answer_only,randnorm,2,8,2,366,0,0,0,
dog-sound,,tuning,7-8-9,2.0,all_no_bos,lens,-1,5,1,24486,1,0,0,
dog-sound,,tuning,7-8-9,2.0,all_no_bos,randdir,0,12,1,24486,0,0,0,
dog-sound,,tuning,7-8-9,2.0,all_no_bos,randdir,1,7,1,24486,0,0,0,
dog-sound,,tuning,7-8-9,2.0,all_no_bos,randdir,2,14,2,366,0,0,0,
dog-sound,,tuning,7-8-9,2.0,all_no_bos,randnorm,0,8,2,366,0,0,0,
dog-sound,,tuning,7-8-9,2.0,all_no_bos,randnorm,1,7,1,24486,0,0,0,
dog-sound,,tuning,7-8-9,2.0,all_no_bos,randnorm,2,10,3,366,0,0,0,
dog-sound,,tuning,7-8-9,2.0,from_mention,lens,-1,5,1,24486,1,0,0,
dog-sound,,tuning,7-8-9,2.0,from_mention,randdir,0,12,1,24486,0,0,0,
dog-sound,,tuning,7-8-9,2.0,from_mention,randdir,1,7,1,24486,0,0,0,
dog-sound,,tuning,7-8-9,2.0,from_mention,randdir,2,14,2,366,0,0,0,
dog-sound,,tuning,7-8-9,2.0,from_mention,randnorm,0,8,2,366,0,0,0,
dog-sound,,tuning,7-8-9,2.0,from_mention,randnorm,1,7,1,24486,0,0,0,
dog-sound,,tuning,7-8-9,2.0,from_mention,randnorm,2,10,3,366,0,0,0,
dog-sound,,tuning,7-8-9,2.0,answer_only,lens,-1,8,2,366,0,0,0,
dog-sound,,tuning,7-8-9,2.0,answer_only,randdir,0,12,2,366,0,0,0,
dog-sound,,tuning,7-8-9,2.0,answer_only,randdir,1,11,2,366,0,0,0,
dog-sound,,tuning,7-8-9,2.0,answer_only,randdir,2,8,2,366,0,0,0,
dog-sound,,tuning,7-8-9,2.0,answer_only,randnorm,0,9,2,366,0,0,0,
dog-sound,,tuning,7-8-9,2.0,answer_only,randnorm,1,9,2,366,0,0,0,
dog-sound,,tuning,7-8-9,2.0,answer_only,randnorm,2,9,2,366,0,0,0,
farmer-place,,heldout,3,0.5,all_no_bos,lens,-1,5,1,7032,1,0,0,
farmer-place,,heldout,3,0.5,all_no_bos,randdir,0,5,1,7032,1,0,0,
farmer-place,,heldout,3,0.5,all_no_bos,randdir,1,5,1,7032,1,0,0,
farmer-place,,heldout,3,0.5,all_no_bos,randdir,2,5,1,7032,1,0,0,
farmer-place,,heldout,3,0.5,all_no_bos,randnorm,0,6,1,7032,0,0,0,
farmer-place,,heldout,3,0.5,all_no_bos,randnorm,1,5,1,7032,1,0,0,
farmer-place,,heldout,3,0.5,all_no_bos,randnorm,2,5,1,7032,1,0,0,
farmer-place,,heldout,3,0.5,from_mention,lens,-1,5,1,7032,1,0,0,
farmer-place,,heldout,3,0.5,from_mention,randdir,0,5,1,7032,1,0,0,
farmer-place,,heldout,3,0.5,from_mention,randdir,1,5,1,7032,1,0,0,
farmer-place,,heldout,3,0.5,from_mention,randdir,2,5,1,7032,1,0,0,
farmer-place,,heldout,3,0.5,from_mention,randnorm,0,5,1,7032,1,0,0,
farmer-place,,heldout,3,0.5,from_mention,randnorm,1,5,1,7032,1,0,0,
farmer-place,,heldout,3,0.5,from_mention,randnorm,2,5,1,7032,1,0,0,
farmer-place,,heldout,3,0.5,answer_only,lens,-1,5,1,7032,1,0,0,
farmer-place,,heldout,3,0.5,answer_only,randdir,0,5,1,7032,1,0,0,
farmer-place,,heldout,3,0.5,answer_only,randdir,1,5,1,7032,1,0,0,
farmer-place,,heldout,3,0.5,answer_only,randdir,2,5,1,7032,1,0,0,
farmer-place,,heldout,3,0.5,answer_only,randnorm,0,5,1,7032,1,0,0,
farmer-place,,heldout,3,0.5,answer_only,randnorm,1,5,1,7032,1,0,0,
farmer-place,,heldout,3,0.5,answer_only,randnorm,2,5,1,7032,1,0,0,
farmer-place,,heldout,3,1.0,all_no_bos,lens,-1,5,1,7032,1,0,0,
farmer-place,,heldout,3,1.0,all_no_bos,randdir,0,5,1,7032,1,0,0,
farmer-place,,heldout,3,1.0,all_no_bos,randdir,1,5,1,7032,1,0,0,
farmer-place,,heldout,3,1.0,all_no_bos,randdir,2,5,2,262,1,0,0,
farmer-place,,heldout,3,1.0,all_no_bos,randnorm,0,8,1,7032,0,0,0,
farmer-place,,heldout,3,1.0,all_no_bos,randnorm,1,5,2,262,1,0,0,
farmer-place,,heldout,3,1.0,all_no_bos,randnorm,2,4,1,7032,1,0,0,
farmer-place,,heldout,3,1.0,from_mention,lens,-1,5,3,262,1,0,0,
farmer-place,,heldout,3,1.0,from_mention,randdir,0,5,1,7032,1,0,0,
farmer-place,,heldout,3,1.0,from_mention,randdir,1,5,1,7032,1,0,0,
farmer-place,,heldout,3,1.0,from_mention,randdir,2,5,2,262,1,0,0,
farmer-place,,heldout,3,1.0,from_mention,randnorm,0,6,1,7032,0,0,0,
farmer-place,,heldout,3,1.0,from_mention,randnorm,1,5,2,262,1,0,0,
farmer-place,,heldout,3,1.0,from_mention,randnorm,2,5,1,7032,1,0,0,
farmer-place,,heldout,3,1.0,answer_only,lens,-1,5,1,7032,1,0,0,
farmer-place,,heldout,3,1.0,answer_only,randdir,0,5,1,7032,1,0,0,
farmer-place,,heldout,3,1.0,answer_only,randdir,1,5,1,7032,1,0,0,
farmer-place,,heldout,3,1.0,answer_only,randdir,2,5,1,7032,1,0,0,
farmer-place,,heldout,3,1.0,answer_only,randnorm,0,5,1,7032,1,0,0,
farmer-place,,heldout,3,1.0,answer_only,randnorm,1,5,1,7032,1,0,0,
farmer-place,,heldout,3,1.0,answer_only,randnorm,2,5,1,7032,1,0,0,
farmer-place,,heldout,3,2.0,all_no_bos,lens,-1,5,3,257,1,0,0,
farmer-place,,heldout,3,2.0,all_no_bos,randdir,0,7,1,7032,0,0,0,
farmer-place,,heldout,3,2.0,all_no_bos,randdir,1,5,1,7032,1,0,0,
farmer-place,,heldout,3,2.0,all_no_bos,randdir,2,4,3,262,1,0,0,
farmer-place,,heldout,3,2.0,all_no_bos,randnorm,0,11,3,262,0,0,0,
farmer-place,,heldout,3,2.0,all_no_bos,randnorm,1,5,2,262,1,0,0,
farmer-place,,heldout,3,2.0,all_no_bos,randnorm,2,4,3,262,1,0,0,
farmer-place,,heldout,3,2.0,from_mention,lens,-1,4,14,262,1,0,1,
farmer-place,,heldout,3,2.0,from_mention,randdir,0,6,1,7032,0,0,0,
farmer-place,,heldout,3,2.0,from_mention,randdir,1,6,1,7032,0,0,0,
farmer-place,,heldout,3,2.0,from_mention,randdir,2,5,2,262,1,0,0,
farmer-place,,heldout,3,2.0,from_mention,randnorm,0,6,3,262,0,0,0,
farmer-place,,heldout,3,2.0,from_mention,randnorm,1,4,2,262,1,0,0,
farmer-place,,heldout,3,2.0,from_mention,randnorm,2,4,3,262,1,0,0,
farmer-place,,heldout,3,2.0,answer_only,lens,-1,5,1,7032,1,0,0,
farmer-place,,heldout,3,2.0,answer_only,randdir,0,6,1,7032,0,0,0,
farmer-place,,heldout,3,2.0,answer_only,randdir,1,5,1,7032,1,0,0,
farmer-place,,heldout,3,2.0,answer_only,randdir,2,5,2,262,1,0,0,
farmer-place,,heldout,3,2.0,answer_only,randnorm,0,5,1,7032,1,0,0,
farmer-place,,heldout,3,2.0,answer_only,randnorm,1,5,1,7032,1,0,0,
farmer-place,,heldout,3,2.0,answer_only,randnorm,2,5,1,7032,1,0,0,
farmer-place,,heldout,4,0.5,all_no_bos,lens,-1,5,1,7032,1,0,0,
farmer-place,,heldout,4,0.5,all_no_bos,randdir,0,5,1,7032,1,0,0,
farmer-place,,heldout,4,0.5,all_no_bos,randdir,1,5,1,7032,1,0,0,
farmer-place,,heldout,4,0.5,all_no_bos,randdir,2,5,1,7032,1,0,0,
farmer-place,,heldout,4,0.5,all_no_bos,randnorm,0,5,1,7032,1,0,0,
farmer-place,,heldout,4,0.5,all_no_bos,randnorm,1,6,1,7032,0,0,0,
farmer-place,,heldout,4,0.5,all_no_bos,randnorm,2,6,1,7032,0,0,0,
farmer-place,,heldout,4,0.5,from_mention,lens,-1,5,1,7032,1,0,0,
farmer-place,,heldout,4,0.5,from_mention,randdir,0,5,1,7032,1,0,0,
farmer-place,,heldout,4,0.5,from_mention,randdir,1,5,1,7032,1,0,0,
farmer-place,,heldout,4,0.5,from_mention,randdir,2,6,1,7032,0,0,0,
farmer-place,,heldout,4,0.5,from_mention,randnorm,0,5,1,7032,1,0,0,
farmer-place,,heldout,4,0.5,from_mention,randnorm,1,5,1,7032,1,0,0,
farmer-place,,heldout,4,0.5,from_mention,randnorm,2,8,1,7032,0,0,0,
farmer-place,,heldout,4,0.5,answer_only,lens,-1,5,1,7032,1,0,0,
farmer-place,,heldout,4,0.5,answer_only,randdir,0,5,1,7032,1,0,0,
farmer-place,,heldout,4,0.5,answer_only,randdir,1,5,1,7032,1,0,0,
farmer-place,,heldout,4,0.5,answer_only,randdir,2,5,1,7032,1,0,0,
farmer-place,,heldout,4,0.5,answer_only,randnorm,0,5,1,7032,1,0,0,
farmer-place,,heldout,4,0.5,answer_only,randnorm,1,5,1,7032,1,0,0,
farmer-place,,heldout,4,0.5,answer_only,randnorm,2,5,1,7032,1,0,0,
farmer-place,,heldout,4,1.0,all_no_bos,lens,-1,5,1,7032,1,0,0,
farmer-place,,heldout,4,1.0,all_no_bos,randdir,0,5,1,7032,1,0,0,
farmer-place,,heldout,4,1.0,all_no_bos,randdir,1,6,1,7032,0,0,0,
farmer-place,,heldout,4,1.0,all_no_bos,randdir,2,5,1,7032,1,0,0,
farmer-place,,heldout,4,1.0,all_no_bos,randnorm,0,5,2,262,1,0,0,
farmer-place,,heldout,4,1.0,all_no_bos,randnorm,1,9,1,7032,0,0,0,
farmer-place,,heldout,4,1.0,all_no_bos,randnorm,2,5,2,262,1,0,0,
farmer-place,,heldout,4,1.0,from_mention,lens,-1,5,3,257,1,0,0,
farmer-place,,heldout,4,1.0,from_mention,randdir,0,5,1,7032,1,0,0,
farmer-place,,heldout,4,1.0,from_mention,randdir,1,6,1,7032,0,0,0,
farmer-place,,heldout,4,1.0,from_mention,randdir,2,7,1,7032,0,0,0,
farmer-place,,heldout,4,1.0,from_mention,randnorm,0,8,1,7032,0,0,0,
farmer-place,,heldout,4,1.0,from_mention,randnorm,1,6,1,7032,0,0,0,
farmer-place,,heldout,4,1.0,from_mention,randnorm,2,6,1,7032,0,0,0,
farmer-place,,heldout,4,1.0,answer_only,lens,-1,6,1,7032,0,0,0,
farmer-place,,heldout,4,1.0,answer_only,randdir,0,5,1,7032,1,0,0,
farmer-place,,heldout,4,1.0,answer_only,randdir,1,5,1,7032,1,0,0,
farmer-place,,heldout,4,1.0,answer_only,randdir,2,5,1,7032,1,0,0,
farmer-place,,heldout,4,1.0,answer_only,randnorm,0,5,1,7032,1,0,0,
farmer-place,,heldout,4,1.0,answer_only,randnorm,1,5,1,7032,1,0,0,
farmer-place,,heldout,4,1.0,answer_only,randnorm,2,5,1,7032,1,0,0,
farmer-place,,heldout,4,2.0,all_no_bos,lens,-1,5,3,262,1,0,0,
farmer-place,,heldout,4,2.0,all_no_bos,randdir,0,5,1,7032,1,0,0,
farmer-place,,heldout,4,2.0,all_no_bos,randdir,1,6,1,7032,0,0,0,
farmer-place,,heldout,4,2.0,all_no_bos,randdir,2,5,2,257,1,0,0,
farmer-place,,heldout,4,2.0,all_no_bos,randnorm,0,7,3,262,0,0,0,
farmer-place,,heldout,4,2.0,all_no_bos,randnorm,1,10,3,262,0,0,0,
farmer-place,,heldout,4,2.0,all_no_bos,randnorm,2,3,4,262,1,0,1,
farmer-place,,heldout,4,2.0,from_mention,lens,-1,4,12,257,1,0,1,
farmer-place,,heldout,4,2.0,from_mention,randdir,0,5,1,7032,1,0,0,
farmer-place,,heldout,4,2.0,from_mention,randdir,1,7,1,7032,0,0,0,
farmer-place,,heldout,4,2.0,from_mention,randdir,2,5,1,7032,1,0,0,
farmer-place,,heldout,4,2.0,from_mention,randnorm,0,14,1,7032,0,0,0,
farmer-place,,heldout,4,2.0,from_mention,randnorm,1,4,1,7032,1,0,0,
farmer-place,,heldout,4,2.0,from_mention,randnorm,2,4,3,262,1,0,0,
farmer-place,,heldout,4,2.0,answer_only,lens,-1,7,1,7032,0,0,0,
farmer-place,,heldout,4,2.0,answer_only,randdir,0,5,1,7032,1,0,0,
farmer-place,,heldout,4,2.0,answer_only,randdir,1,5,1,7032,1,0,0,
farmer-place,,heldout,4,2.0,answer_only,randdir,2,5,1,7032,1,0,0,
farmer-place,,heldout,4,2.0,answer_only,randnorm,0,5,1,7032,1,0,0,
farmer-place,,heldout,4,2.0,answer_only,randnorm,1,5,1,7032,1,0,0,
farmer-place,,heldout,4,2.0,answer_only,randnorm,2,5,1,7032,1,0,0,
farmer-place,,heldout,5,0.5,all_no_bos,lens,-1,5,1,7032,1,0,0,
farmer-place,,heldout,5,0.5,all_no_bos,randdir,0,5,1,7032,1,0,0,
farmer-place,,heldout,5,0.5,all_no_bos,randdir,1,5,1,7032,1,0,0,
farmer-place,,heldout,5,0.5,all_no_bos,randdir,2,5,1,7032,1,0,0,
farmer-place,,heldout,5,0.5,all_no_bos,randnorm,0,5,1,7032,1,0,0,
farmer-place,,heldout,5,0.5,all_no_bos,randnorm,1,5,1,7032,1,0,0,
farmer-place,,heldout,5,0.5,all_no_bos,randnorm,2,5,1,7032,1,0,0,
farmer-place,,heldout,5,0.5,from_mention,lens,-1,5,3,262,1,0,0,
farmer-place,,heldout,5,0.5,from_mention,randdir,0,5,1,7032,1,0,0,
farmer-place,,heldout,5,0.5,from_mention,randdir,1,5,1,7032,1,0,0,
farmer-place,,heldout,5,0.5,from_mention,randdir,2,5,1,7032,1,0,0,
farmer-place,,heldout,5,0.5,from_mention,randnorm,0,6,1,7032,0,0,0,
farmer-place,,heldout,5,0.5,from_mention,randnorm,1,5,1,7032,1,0,0,
farmer-place,,heldout,5,0.5,from_mention,randnorm,2,5,1,7032,1,0,0,
farmer-place,,heldout,5,0.5,answer_only,lens,-1,5,1,7032,1,0,0,
farmer-place,,heldout,5,0.5,answer_only,randdir,0,5,1,7032,1,0,0,
farmer-place,,heldout,5,0.5,answer_only,randdir,1,5,1,7032,1,0,0,
farmer-place,,heldout,5,0.5,answer_only,randdir,2,5,1,7032,1,0,0,
farmer-place,,heldout,5,0.5,answer_only,randnorm,0,5,1,7032,1,0,0,
farmer-place,,heldout,5,0.5,answer_only,randnorm,1,5,1,7032,1,0,0,
farmer-place,,heldout,5,0.5,answer_only,randnorm,2,5,1,7032,1,0,0,
farmer-place,,heldout,5,1.0,all_no_bos,lens,-1,5,3,262,1,0,0,
farmer-place,,heldout,5,1.0,all_no_bos,randdir,0,5,1,7032,1,0,0,
farmer-place,,heldout,5,1.0,all_no_bos,randdir,1,5,1,7032,1,0,0,
farmer-place,,heldout,5,1.0,all_no_bos,randdir,2,5,1,7032,1,0,0,
farmer-place,,heldout,5,1.0,all_no_bos,randnorm,0,6,1,7032,0,0,0,
farmer-place,,heldout,5,1.0,all_no_bos,randnorm,1,5,3,262,1,0,0,
farmer-place,,heldout,5,1.0,all_no_bos,randnorm,2,4,2,262,1,0,0,
farmer-place,,heldout,5,1.0,from_mention,lens,-1,5,3,257,1,0,0,
farmer-place,,heldout,5,1.0,from_mention,randdir,0,5,2,262,1,0,0,
farmer-place,,heldout,5,1.0,from_mention,randdir,1,5,1,7032,1,0,0,
farmer-place,,heldout,5,1.0,from_mention,randdir,2,5,1,7032,1,0,0,
farmer-place,,heldout,5,1.0,from_mention,randnorm,0,8,1,7032,0,0,0,
farmer-place,,heldout,5,1.0,from_mention,randnorm,1,5,3,262,1,0,0,
farmer-place,,heldout,5,1.0,from_mention,randnorm,2,4,1,7032,1,0,0,
farmer-place,,heldout,5,1.0,answer_only,lens,-1,5,1,7032,1,0,0,
farmer-place,,heldout,5,1.0,answer_only,randdir,0,5,1,7032,1,0,0,
farmer-place,,heldout,5,1.0,answer_only,randdir,1,5,1,7032,1,0,0,
farmer-place,,heldout,5,1.0,answer_only,randdir,2,5,1,7032,1,0,0,
farmer-place,,heldout,5,1.0,answer_only,randnorm,0,5,1,7032,1,0,0,
farmer-place,,heldout,5,1.0,answer_only,randnorm,1,5,1,7032,1,0,0,
farmer-place,,heldout,5,1.0,answer_only,randnorm,2,5,1,7032,1,0,0,
farmer-place,,heldout,5,2.0,all_no_bos,lens,-1,4,3,262,1,0,0,
farmer-place,,heldout,5,2.0,all_no_bos,randdir,0,5,3,257,1,0,0,
farmer-place,,heldout,5,2.0,all_no_bos,randdir,1,7,3,262,0,0,0,
farmer-place,,heldout,5,2.0,all_no_bos,randdir,2,5,1,7032,1,0,0,
farmer-place,,heldout,5,2.0,all_no_bos,randnorm,0,8,3,262,0,0,0,
farmer-place,,heldout,5,2.0,all_no_bos,randnorm,1,8,4,262,0,0,0,
farmer-place,,heldout,5,2.0,all_no_bos,randnorm,2,3,4,262,1,0,1,
farmer-place,,heldout,5,2.0,from_mention,lens,-1,4,19,262,1,0,1,
farmer-place,,heldout,5,2.0,from_mention,randdir,0,7,3,257,0,0,0,
farmer-place,,heldout,5,2.0,from_mention,randdir,1,6,1,7032,0,0,0,
farmer-place,,heldout,5,2.0,from_mention,randdir,2,5,1,7032,1,0,0,
farmer-place,,heldout,5,2.0,from_mention,randnorm,0,9,1,7032,0,0,0,
farmer-place,,heldout,5,2.0,from_mention,randnorm,1,4,3,257,1,0,0,
farmer-place,,heldout,5,2.0,from_mention,randnorm,2,3,4,262,1,0,1,
farmer-place,,heldout,5,2.0,answer_only,lens,-1,6,1,7032,0,0,0,
farmer-place,,heldout,5,2.0,answer_only,randdir,0,5,3,257,1,0,0,
farmer-place,,heldout,5,2.0,answer_only,randdir,1,5,1,7032,1,0,0,
farmer-place,,heldout,5,2.0,answer_only,randdir,2,5,1,7032,1,0,0,
farmer-place,,heldout,5,2.0,answer_only,randnorm,0,5,1,7032,1,0,0,
farmer-place,,heldout,5,2.0,answer_only,randnorm,1,5,1,7032,1,0,0,
farmer-place,,heldout,5,2.0,answer_only,randnorm,2,5,1,7032,1,0,0,
farmer-place,,heldout,6,0.5,all_no_bos,lens,-1,5,1,7032,1,0,0,
farmer-place,,heldout,6,0.5,all_no_bos,randdir,0,5,1,7032,1,0,0,
farmer-place,,heldout,6,0.5,all_no_bos,randdir,1,5,1,7032,1,0,0,
farmer-place,,heldout,6,0.5,all_no_bos,randdir,2,5,1,7032,1,0,0,
farmer-place,,heldout,6,0.5,all_no_bos,randnorm,0,5,2,262,1,0,0,
farmer-place,,heldout,6,0.5,all_no_bos,randnorm,1,5,1,7032,1,0,0,
farmer-place,,heldout,6,0.5,all_no_bos,randnorm,2,5,1,7032,1,0,0,
farmer-place,,heldout,6,0.5,from_mention,lens,-1,5,3,262,1,0,0,
farmer-place,,heldout,6,0.5,from_mention,randdir,0,5,1,7032,1,0,0,
farmer-place,,heldout,6,0.5,from_mention,randdir,1,5,1,7032,1,0,0,
farmer-place,,heldout,6,0.5,from_mention,randdir,2,5,1,7032,1,0,0,
farmer-place,,heldout,6,0.5,from_mention,randnorm,0,5,2,262,1,0,0,
farmer-place,,heldout,6,0.5,from_mention,randnorm,1,5,1,7032,1,0,0,
farmer-place,,heldout,6,0.5,from_mention,randnorm,2,8,1,7032,0,0,0,
farmer-place,,heldout,6,0.5,answer_only,lens,-1,5,1,7032,1,0,0,
farmer-place,,heldout,6,0.5,answer_only,randdir,0,5,1,7032,1,0,0,
farmer-place,,heldout,6,0.5,answer_only,randdir,1,5,1,7032,1,0,0,
farmer-place,,heldout,6,0.5,answer_only,randdir,2,5,1,7032,1,0,0,
farmer-place,,heldout,6,0.5,answer_only,randnorm,0,5,1,7032,1,0,0,
farmer-place,,heldout,6,0.5,answer_only,randnorm,1,5,1,7032,1,0,0,
farmer-place,,heldout,6,0.5,answer_only,randnorm,2,5,1,7032,1,0,0,
farmer-place,,heldout,6,1.0,all_no_bos,lens,-1,5,3,262,1,0,0,
farmer-place,,heldout,6,1.0,all_no_bos,randdir,0,5,1,7032,1,0,0,
farmer-place,,heldout,6,1.0,all_no_bos,randdir,1,5,1,7032,1,0,0,
farmer-place,,heldout,6,1.0,all_no_bos,randdir,2,5,1,7032,1,0,0,
farmer-place,,heldout,6,1.0,all_no_bos,randnorm,0,4,3,262,1,0,0,
farmer-place,,heldout,6,1.0,all_no_bos,randnorm,1,5,1,7032,1,0,0,
farmer-place,,heldout,6,1.0,all_no_bos,randnorm,2,5,1,7032,1,0,0,
farmer-place,,heldout,6,1.0,from_mention,lens,-1,5,3,262,1,0,0,
farmer-place,,heldout,6,1.0,from_mention,randdir,0,5,1,7032,1,0,0,
farmer-place,,heldout,6,1.0,from_mention,randdir,1,5,1,7032,1,0,0,
farmer-place,,heldout,6,1.0,from_mention,randdir,2,6,1,7032,0,0,0,
farmer-place,,heldout,6,1.0,from_mention,randnorm,0,4,3,262,1,0,0,
farmer-place,,heldout,6,1.0,from_mention,randnorm,1,5,1,7032,1,0,0,
farmer-place,,heldout,6,1.0,from_mention,randnorm,2,8,1,7032,0,0,0,
farmer-place,,heldout,6,1.0,answer_only,lens,-1,5,1,7032,1,0,0,
farmer-place,,heldout,6,1.0,answer_only,randdir,0,5,1,7032,1,0,0,
farmer-place,,heldout,6,1.0,answer_only,randdir,1,5,1,7032,1,0,0,
farmer-place,,heldout,6,1.0,answer_only,randdir,2,5,1,7032,1,0,0,
farmer-place,,heldout,6,1.0,answer_only,randnorm,0,5,1,7032,1,0,0,
farmer-place,,heldout,6,1.0,answer_only,randnorm,1,5,1,7032,1,0,0,
farmer-place,,heldout,6,1.0,answer_only,randnorm,2,5,1,7032,1,0,0,
farmer-place,,heldout,6,2.0,all_no_bos,lens,-1,4,3,262,1,0,0,
farmer-place,,heldout,6,2.0,all_no_bos,randdir,0,5,1,7032,1,0,0,
farmer-place,,heldout,6,2.0,all_no_bos,randdir,1,5,1,7032,1,0,0,
farmer-place,,heldout,6,2.0,all_no_bos,randdir,2,6,2,262,0,0,0,
farmer-place,,heldout,6,2.0,all_no_bos,randnorm,0,3,4,262,1,0,1,
farmer-place,,heldout,6,2.0,all_no_bos,randnorm,1,6,1,7032,0,0,0,
farmer-place,,heldout,6,2.0,all_no_bos,randnorm,2,8,3,262,0,0,0,
farmer-place,,heldout,6,2.0,from_mention,lens,-1,4,17,262,1,0,1,
farmer-place,,heldout,6,2.0,from_mention,randdir,0,5,1,7032,1,0,0,
farmer-place,,heldout,6,2.0,from_mention,randdir,1,5,1,7032,1,0,0,
farmer-place,,heldout,6,2.0,from_mention,randdir,2,7,1,7032,0,0,0,
farmer-place,,heldout,6,2.0,from_mention,randnorm,0,3,4,262,1,0,1,
farmer-place,,heldout,6,2.0,from_mention,randnorm,1,4,1,7032,1,0,0,
farmer-place,,heldout,6,2.0,from_mention,randnorm,2,9,2,262,0,0,0,
farmer-place,,heldout,6,2.0,answer_only,lens,-1,5,1,7032,1,0,0,
farmer-place,,heldout,6,2.0,answer_only,randdir,0,5,1,7032,1,0,0,
farmer-place,,heldout,6,2.0,answer_only,randdir,1,5,1,7032,1,0,0,
farmer-place,,heldout,6,2.0,answer_only,randdir,2,5,1,7032,1,0,0,
farmer-place,,heldout,6,2.0,answer_only,randnorm,0,5,1,7032,1,0,0,
farmer-place,,heldout,6,2.0,answer_only,randnorm,1,5,1,7032,1,0,0,
farmer-place,,heldout,6,2.0,answer_only,randnorm,2,5,1,7032,1,0,0,
farmer-place,,heldout,7,0.5,all_no_bos,lens,-1,5,1,7032,1,0,0,
farmer-place,,heldout,7,0.5,all_no_bos,randdir,0,5,1,7032,1,0,0,
farmer-place,,heldout,7,0.5,all_no_bos,randdir,1,5,1,7032,1,0,0,
farmer-place,,heldout,7,0.5,all_no_bos,randdir,2,6,1,7032,0,0,0,
farmer-place,,heldout,7,0.5,all_no_bos,randnorm,0,9,1,7032,0,0,0,
farmer-place,,heldout,7,0.5,all_no_bos,randnorm,1,8,1,7032,0,0,0,
farmer-place,,heldout,7,0.5,all_no_bos,randnorm,2,6,1,7032,0,0,0,
farmer-place,,heldout,7,0.5,from_mention,lens,-1,5,3,262,1,0,0,
farmer-place,,heldout,7,0.5,from_mention,randdir,0,5,1,7032,1,0,0,
farmer-place,,heldout,7,0.5,from_mention,randdir,1,5,1,7032,1,0,0,
farmer-place,,heldout,7,0.5,from_mention,randdir,2,6,1,7032,0,0,0,
farmer-place,,heldout,7,0.5,from_mention,randnorm,0,5,1,7032,1,0,0,
farmer-place,,heldout,7,0.5,from_mention,randnorm,1,6,1,7032,0,0,0,
farmer-place,,heldout,7,0.5,from_mention,randnorm,2,6,1,7032,0,0,0,
farmer-place,,heldout,7,0.5,answer_only,lens,-1,5,1,7032,1,0,0,
farmer-place,,heldout,7,0.5,answer_only,randdir,0,5,1,7032,1,0,0,
farmer-place,,heldout,7,0.5,answer_only,randdir,1,5,1,7032,1,0,0,
farmer-place,,heldout,7,0.5,answer_only,randdir,2,6,1,7032,0,0,0,
farmer-place,,heldout,7,0.5,answer_only,randnorm,0,5,1,7032,1,0,0,
farmer-place,,heldout,7,0.5,answer_only,randnorm,1,5,1,7032,1,0,0,
farmer-place,,heldout,7,0.5,answer_only,randnorm,2,5,1,7032,1,0,0,
farmer-place,,heldout,7,1.0,all_no_bos,lens,-1,4,3,262,1,0,0,
farmer-place,,heldout,7,1.0,all_no_bos,randdir,0,6,1,7032,0,0,0,
farmer-place,,heldout,7,1.0,all_no_bos,randdir,1,5,1,7032,1,0,0,
farmer-place,,heldout,7,1.0,all_no_bos,randdir,2,6,1,7032,0,0,0,
farmer-place,,heldout,7,1.0,all_no_bos,randnorm,0,10,1,7032,0,0,0,
farmer-place,,heldout,7,1.0,all_no_bos,randnorm,1,10,1,7032,0,0,0,
farmer-place,,heldout,7,1.0,all_no_bos,randnorm,2,9,1,7032,0,0,0,
farmer-place,,heldout,7,1.0,from_mention,lens,-1,4,3,262,1,0,0,
farmer-place,,heldout,7,1.0,from_mention,randdir,0,5,1,7032,1,0,0,
farmer-place,,heldout,7,1.0,from_mention,randdir,1,5,1,7032,1,0,0,
farmer-place,,heldout,7,1.0,from_mention,randdir,2,6,1,7032,0,0,0,
farmer-place,,heldout,7,1.0,from_mention,randnorm,0,5,2,262,1,0,0,
farmer-place,,heldout,7,1.0,from_mention,randnorm,1,6,1,7032,0,0,0,
farmer-place,,heldout,7,1.0,from_mention,randnorm,2,6,1,7032,0,0,0,
farmer-place,,heldout,7,1.0,answer_only,lens,-1,5,1,7032,1,0,0,
farmer-place,,heldout,7,1.0,answer_only,randdir,0,5,1,7032,1,0,0,
farmer-place,,heldout,7,1.0,answer_only,randdir,1,5,1,7032,1,0,0,
farmer-place,,heldout,7,1.0,answer_only,randdir,2,6,1,7032,0,0,0,
farmer-place,,heldout,7,1.0,answer_only,randnorm,0,5,1,7032,1,0,0,
farmer-place,,heldout,7,1.0,answer_only,randnorm,1,5,1,7032,1,0,0,
farmer-place,,heldout,7,1.0,answer_only,randnorm,2,6,1,7032,0,0,0,
farmer-place,,heldout,7,2.0,all_no_bos,lens,-1,4,3,262,1,0,0,
farmer-place,,heldout,7,2.0,all_no_bos,randdir,0,9,1,7032,0,0,0,
farmer-place,,heldout,7,2.0,all_no_bos,randdir,1,5,1,7032,1,0,0,
farmer-place,,heldout,7,2.0,all_no_bos,randdir,2,6,1,7032,0,0,0,
farmer-place,,heldout,7,2.0,all_no_bos,randnorm,0,15,3,262,0,0,0,
farmer-place,,heldout,7,2.0,all_no_bos,randnorm,1,11,1,7032,0,0,0,
farmer-place,,heldout,7,2.0,all_no_bos,randnorm,2,15,1,7032,0,0,0,
farmer-place,,heldout,7,2.0,from_mention,lens,-1,3,13,257,1,0,1,
farmer-place,,heldout,7,2.0,from_mention,randdir,0,5,1,7032,1,0,0,
farmer-place,,heldout,7,2.0,from_mention,randdir,1,5,1,7032,1,0,0,
farmer-place,,heldout,7,2.0,from_mention,randdir,2,6,1,7032,0,0,0,
farmer-place,,heldout,7,2.0,from_mention,randnorm,0,5,3,262,1,0,0,
farmer-place,,heldout,7,2.0,from_mention,randnorm,1,5,1,7032,1,0,0,
farmer-place,,heldout,7,2.0,from_mention,randnorm,2,5,1,7032,1,0,0,
farmer-place,,heldout,7,2.0,answer_only,lens,-1,5,1,7032,1,0,0,
farmer-place,,heldout,7,2.0,answer_only,randdir,0,5,1,7032,1,0,0,
farmer-place,,heldout,7,2.0,answer_only,randdir,1,5,1,7032,1,0,0,
farmer-place,,heldout,7,2.0,answer_only,randdir,2,8,1,7032,0,0,0,
farmer-place,,heldout,7,2.0,answer_only,randnorm,0,5,1,7032,1,0,0,
farmer-place,,heldout,7,2.0,answer_only,randnorm,1,5,1,7032,1,0,0,
farmer-place,,heldout,7,2.0,answer_only,randnorm,2,6,1,7032,0,0,0,
farmer-place,,heldout,8,0.5,all_no_bos,lens,-1,5,1,7032,1,0,0,
farmer-place,,heldout,8,0.5,all_no_bos,randdir,0,5,1,7032,1,0,0,
farmer-place,,heldout,8,0.5,all_no_bos,randdir,1,10,1,7032,0,0,0,
farmer-place,,heldout,8,0.5,all_no_bos,randdir,2,7,1,7032,0,0,0,
farmer-place,,heldout,8,0.5,all_no_bos,randnorm,0,5,1,7032,1,0,0,
farmer-place,,heldout,8,0.5,all_no_bos,randnorm,1,5,1,7032,1,0,0,
farmer-place,,heldout,8,0.5,all_no_bos,randnorm,2,7,1,7032,0,0,0,
farmer-place,,heldout,8,0.5,from_mention,lens,-1,5,1,7032,1,0,0,
farmer-place,,heldout,8,0.5,from_mention,randdir,0,6,1,7032,0,0,0,
farmer-place,,heldout,8,0.5,from_mention,randdir,1,5,1,7032,1,0,0,
farmer-place,,heldout,8,0.5,from_mention,randdir,2,10,1,7032,0,0,0,
farmer-place,,heldout,8,0.5,from_mention,randnorm,0,6,1,7032,0,0,0,
farmer-place,,heldout,8,0.5,from_mention,randnorm,1,5,2,262,1,0,0,
farmer-place,,heldout,8,0.5,from_mention,randnorm,2,10,1,7032,0,0,0,
farmer-place,,heldout,8,0.5,answer_only,lens,-1,5,1,7032,1,0,0,
farmer-place,,heldout,8,0.5,answer_only,randdir,0,5,1,7032,1,0,0,
farmer-place,,heldout,8,0.5,answer_only,randdir,1,6,1,7032,0,0,0,
farmer-place,,heldout,8,0.5,answer_only,randdir,2,6,1,7032,0,0,0,
farmer-place,,heldout,8,0.5,answer_only,randnorm,0,5,1,7032,1,0,0,
farmer-place,,heldout,8,0.5,answer_only,randnorm,1,5,1,7032,1,0,0,
farmer-place,,heldout,8,0.5,answer_only,randnorm,2,5,1,7032,1,0,0,
farmer-place,,heldout,8,1.0,all_no_bos,lens,-1,5,3,262,1,0,0,
farmer-place,,heldout,8,1.0,all_no_bos,randdir,0,5,1,7032,1,0,0,
farmer-place,,heldout,8,1.0,all_no_bos,randdir,1,15,1,7032,0,0,0,
farmer-place,,heldout,8,1.0,all_no_bos,randdir,2,9,1,7032,0,0,0,
farmer-place,,heldout,8,1.0,all_no_bos,randnorm,0,6,1,7032,0,0,0,
farmer-place,,heldout,8,1.0,all_no_bos,randnorm,1,9,2,262,0,0,0,
farmer-place,,heldout,8,1.0,all_no_bos,randnorm,2,9,1,7032,0,0,0,
farmer-place,,heldout,8,1.0,from_mention,lens,-1,4,3,262,1,0,0,
farmer-place,,heldout,8,1.0,from_mention,randdir,0,6,1,7032,0,0,0,
farmer-place,,heldout,8,1.0,from_mention,randdir,1,5,3,257,1,0,0,
farmer-place,,heldout,8,1.0,from_mention,randdir,2,12,1,7032,0,0,0,
farmer-place,,heldout,8,1.0,from_mention,randnorm,0,7,1,7032,0,0,0,
farmer-place,,heldout,8,1.0,from_mention,randnorm,1,5,3,262,1,0,0,
farmer-place,,heldout,8,1.0,from_mention,randnorm,2,14,1,7032,0,0,0,
farmer-place,,heldout,8,1.0,answer_only,lens,-1,5,1,7032,1,0,0,
farmer-place,,heldout,8,1.0,answer_only,randdir,0,5,1,7032,1,0,0,
farmer-place,,heldout,8,1.0,answer_only,randdir,1,8,1,7032,0,0,0,
farmer-place,,heldout,8,1.0,answer_only,randdir,2,6,1,7032,0,0,0,
farmer-place,,heldout,8,1.0,answer_only,randnorm,0,5,1,7032,1,0,0,
farmer-place,,heldout,8,1.0,answer_only,randnorm,1,6,1,7032,0,0,0,
farmer-place,,heldout,8,1.0,answer_only,randnorm,2,5,1,7032,1,0,0,
farmer-place,,heldout,8,2.0,all_no_bos,lens,-1,4,3,257,1,0,0,
farmer-place,,heldout,8,2.0,all_no_bos,randdir,0,7,1,7032,0,0,0,
farmer-place,,heldout,8,2.0,all_no_bos,randdir,1,58,3,262,0,0,0,
farmer-place,,heldout,8,2.0,all_no_bos,randdir,2,17,3,262,0,0,0,
farmer-place,,heldout,8,2.0,all_no_bos,randnorm,0,7,1,7032,0,0,0,
farmer-place,,heldout,8,2.0,all_no_bos,randnorm,1,15,3,262,0,0,0,
farmer-place,,heldout,8,2.0,all_no_bos,randnorm,2,11,3,262,0,0,0,
farmer-place,,heldout,8,2.0,from_mention,lens,-1,3,8,257,1,0,1,
farmer-place,,heldout,8,2.0,from_mention,randdir,0,8,1,7032,0,0,0,
farmer-place,,heldout,8,2.0,from_mention,randdir,1,5,3,257,1,0,0,
farmer-place,,heldout,8,2.0,from_mention,randdir,2,28,3,262,0,0,0,
farmer-place,,heldout,8,2.0,from_mention,randnorm,0,6,1,7032,0,0,0,
farmer-place,,heldout,8,2.0,from_mention,randnorm,1,4,3,257,1,0,0,
farmer-place,,heldout,8,2.0,from_mention,randnorm,2,22,1,7032,0,0,0,
farmer-place,,heldout,8,2.0,answer_only,lens,-1,5,1,7032,1,0,0,
farmer-place,,heldout,8,2.0,answer_only,randdir,0,5,1,7032,1,0,0,
farmer-place,,heldout,8,2.0,answer_only,randdir,1,16,1,7032,0,0,0,
farmer-place,,heldout,8,2.0,answer_only,randdir,2,10,3,262,0,0,0,
farmer-place,,heldout,8,2.0,answer_only,randnorm,0,5,1,7032,1,0,0,
farmer-place,,heldout,8,2.0,answer_only,randnorm,1,6,1,7032,0,0,0,
farmer-place,,heldout,8,2.0,answer_only,randnorm,2,6,1,7032,0,0,0,
farmer-place,,heldout,9,0.5,all_no_bos,lens,-1,5,1,7032,1,0,0,
farmer-place,,heldout,9,0.5,all_no_bos,randdir,0,5,1,7032,1,0,0,
farmer-place,,heldout,9,0.5,all_no_bos,randdir,1,5,1,7032,1,0,0,
farmer-place,,heldout,9,0.5,all_no_bos,randdir,2,5,1,7032,1,0,0,
farmer-place,,heldout,9,0.5,all_no_bos,randnorm,0,6,1,7032,0,0,0,
farmer-place,,heldout,9,0.5,all_no_bos,randnorm,1,6,1,7032,0,0,0,
farmer-place,,heldout,9,0.5,all_no_bos,randnorm,2,5,1,7032,1,0,0,
farmer-place,,heldout,9,0.5,from_mention,lens,-1,5,1,7032,1,0,0,
farmer-place,,heldout,9,0.5,from_mention,randdir,0,5,1,7032,1,0,0,
farmer-place,,heldout,9,0.5,from_mention,randdir,1,5,1,7032,1,0,0,
farmer-place,,heldout,9,0.5,from_mention,randdir,2,5,1,7032,1,0,0,
farmer-place,,heldout,9,0.5,from_mention,randnorm,0,5,1,7032,1,0,0,
farmer-place,,heldout,9,0.5,from_mention,randnorm,1,5,1,7032,1,0,0,
farmer-place,,heldout,9,0.5,from_mention,randnorm,2,5,1,7032,1,0,0,
farmer-place,,heldout,9,0.5,answer_only,lens,-1,5,1,7032,1,0,0,
farmer-place,,heldout,9,0.5,answer_only,randdir,0,5,1,7032,1,0,0,
farmer-place,,heldout,9,0.5,answer_only,randdir,1,5,1,7032,1,0,0,
farmer-place,,heldout,9,0.5,answer_only,randdir,2,5,1,7032,1,0,0,
farmer-place,,heldout,9,0.5,answer_only,randnorm,0,5,1,7032,1,0,0,
farmer-place,,heldout,9,0.5,answer_only,randnorm,1,5,1,7032,1,0,0,
farmer-place,,heldout,9,0.5,answer_only,randnorm,2,5,1,7032,1,0,0,
farmer-place,,heldout,9,1.0,all_no_bos,lens,-1,5,2,262,1,0,0,
farmer-place,,heldout,9,1.0,all_no_bos,randdir,0,5,1,7032,1,0,0,
farmer-place,,heldout,9,1.0,all_no_bos,randdir,1,7,1,7032,0,0,0,
farmer-place,,heldout,9,1.0,all_no_bos,randdir,2,5,2,262,1,0,0,
farmer-place,,heldout,9,1.0,all_no_bos,randnorm,0,9,1,7032,0,0,0,
farmer-place,,heldout,9,1.0,all_no_bos,randnorm,1,8,1,7032,0,0,0,
farmer-place,,heldout,9,1.0,all_no_bos,randnorm,2,6,2,262,0,0,0,
farmer-place,,heldout,9,1.0,from_mention,lens,-1,5,3,262,1,0,0,
farmer-place,,heldout,9,1.0,from_mention,randdir,0,5,1,7032,1,0,0,
farmer-place,,heldout,9,1.0,from_mention,randdir,1,6,1,7032,0,0,0,
farmer-place,,heldout,9,1.0,from_mention,randdir,2,5,1,7032,1,0,0,
farmer-place,,heldout,9,1.0,from_mention,randnorm,0,5,3,262,1,0,0,
farmer-place,,heldout,9,1.0,from_mention,randnorm,1,6,1,7032,0,0,0,
farmer-place,,heldout,9,1.0,from_mention,randnorm,2,5,1,7032,1,0,0,
farmer-place,,heldout,9,1.0,answer_only,lens,-1,5,2,262,1,0,0,
farmer-place,,heldout,9,1.0,answer_only,randdir,0,5,1,7032,1,0,0,
farmer-place,,heldout,9,1.0,answer_only,randdir,1,6,1,7032,0,0,0,
farmer-place,,heldout,9,1.0,answer_only,randdir,2,5,1,7032,1,0,0,
farmer-place,,heldout,9,1.0,answer_only,randnorm,0,6,1,7032,0,0,0,
farmer-place,,heldout,9,1.0,answer_only,randnorm,1,7,1,7032,0,0,0,
farmer-place,,heldout,9,1.0,answer_only,randnorm,2,5,1,7032,1,0,0,
farmer-place,,heldout,9,2.0,all_no_bos,lens,-1,5,3,262,1,0,0,
farmer-place,,heldout,9,2.0,all_no_bos,randdir,0,5,1,7032,1,0,0,
farmer-place,,heldout,9,2.0,all_no_bos,randdir,1,11,1,7032,0,0,0,
farmer-place,,heldout,9,2.0,all_no_bos,randdir,2,6,3,262,0,0,0,
farmer-place,,heldout,9,2.0,all_no_bos,randnorm,0,16,3,257,0,0,0,
farmer-place,,heldout,9,2.0,all_no_bos,randnorm,1,15,1,7032,0,0,0,
farmer-place,,heldout,9,2.0,all_no_bos,randnorm,2,9,3,262,0,0,0,
farmer-place,,heldout,9,2.0,from_mention,lens,-1,5,6,262,1,0,1,
farmer-place,,heldout,9,2.0,from_mention,randdir,0,5,2,262,1,0,0,
farmer-place,,heldout,9,2.0,from_mention,randdir,1,7,1,7032,0,0,0,
farmer-place,,heldout,9,2.0,from_mention,randdir,2,6,3,262,0,0,0,
farmer-place,,heldout,9,2.0,from_mention,randnorm,0,5,3,257,1,0,0,
farmer-place,,heldout,9,2.0,from_mention,randnorm,1,9,2,262,0,0,0,
farmer-place,,heldout,9,2.0,from_mention,randnorm,2,5,3,262,1,0,0,
farmer-place,,heldout,9,2.0,answer_only,lens,-1,5,3,262,1,0,0,
farmer-place,,heldout,9,2.0,answer_only,randdir,0,6,1,7032,0,0,0,
farmer-place,,heldout,9,2.0,answer_only,randdir,1,9,1,7032,0,0,0,
farmer-place,,heldout,9,2.0,answer_only,randdir,2,6,2,262,0,0,0,
farmer-place,,heldout,9,2.0,answer_only,randnorm,0,9,1,7032,0,0,0,
farmer-place,,heldout,9,2.0,answer_only,randnorm,1,11,1,7032,0,0,0,
farmer-place,,heldout,9,2.0,answer_only,randnorm,2,6,1,7032,0,0,0,
farmer-place,,heldout,10,0.5,all_no_bos,lens,-1,5,1,7032,1,0,0,
farmer-place,,heldout,10,0.5,all_no_bos,randdir,0,5,1,7032,1,0,0,
farmer-place,,heldout,10,0.5,all_no_bos,randdir,1,5,1,7032,1,0,0,
farmer-place,,heldout,10,0.5,all_no_bos,randdir,2,6,1,7032,0,0,0,
farmer-place,,heldout,10,0.5,all_no_bos,randnorm,0,8,2,262,0,0,0,
farmer-place,,heldout,10,0.5,all_no_bos,randnorm,1,5,1,7032,1,0,0,
farmer-place,,heldout,10,0.5,all_no_bos,randnorm,2,7,1,7032,0,0,0,
farmer-place,,heldout,10,0.5,from_mention,lens,-1,5,1,7032,1,0,0,
farmer-place,,heldout,10,0.5,from_mention,randdir,0,5,1,7032,1,0,0,
farmer-place,,heldout,10,0.5,from_mention,randdir,1,5,1,7032,1,0,0,
farmer-place,,heldout,10,0.5,from_mention,randdir,2,6,1,7032,0,0,0,
farmer-place,,heldout,10,0.5,from_mention,randnorm,0,5,2,262,1,0,0,
farmer-place,,heldout,10,0.5,from_mention,randnorm,1,5,1,7032,1,0,0,
farmer-place,,heldout,10,0.5,from_mention,randnorm,2,7,1,7032,0,0,0,
farmer-place,,heldout,10,0.5,answer_only,lens,-1,5,1,7032,1,0,0,
farmer-place,,heldout,10,0.5,answer_only,randdir,0,5,1,7032,1,0,0,
farmer-place,,heldout,10,0.5,answer_only,randdir,1,5,1,7032,1,0,0,
farmer-place,,heldout,10,0.5,answer_only,randdir,2,6,1,7032,0,0,0,
farmer-place,,heldout,10,0.5,answer_only,randnorm,0,5,1,7032,1,0,0,
farmer-place,,heldout,10,0.5,answer_only,randnorm,1,5,1,7032,1,0,0,
farmer-place,,heldout,10,0.5,answer_only,randnorm,2,6,1,7032,0,0,0,
farmer-place,,heldout,10,1.0,all_no_bos,lens,-1,4,3,262,1,0,0,
farmer-place,,heldout,10,1.0,all_no_bos,randdir,0,6,2,262,0,0,0,
farmer-place,,heldout,10,1.0,all_no_bos,randdir,1,5,1,7032,1,0,0,
farmer-place,,heldout,10,1.0,all_no_bos,randdir,2,7,1,7032,0,0,0,
farmer-place,,heldout,10,1.0,all_no_bos,randnorm,0,9,3,262,0,0,0,
farmer-place,,heldout,10,1.0,all_no_bos,randnorm,1,7,2,262,0,0,0,
farmer-place,,heldout,10,1.0,all_no_bos,randnorm,2,10,1,7032,0,0,0,
farmer-place,,heldout,10,1.0,from_mention,lens,-1,4,3,262,1,0,0,
farmer-place,,heldout,10,1.0,from_mention,randdir,0,5,2,262,1,0,0,
farmer-place,,heldout,10,1.0,from_mention,randdir,1,5,1,7032,1,0,0,
farmer-place,,heldout,10,1.0,from_mention,randdir,2,7,1,7032,0,0,0,
farmer-place,,heldout,10,1.0,from_mention,randnorm,0,7,3,262,0,0,0,
farmer-place,,heldout,10,1.0,from_mention,randnorm,1,6,2,262,0,0,0,
farmer-place,,heldout,10,1.0,from_mention,randnorm,2,10,1,7032,0,0,0,
farmer-place,,heldout,10,1.0,answer_only,lens,-1,5,3,262,1,0,0,
farmer-place,,heldout,10,1.0,answer_only,randdir,0,5,1,7032,1,0,0,
farmer-place,,heldout,10,1.0,answer_only,randdir,1,5,1,7032,1,0,0,
farmer-place,,heldout,10,1.0,answer_only,randdir,2,7,1,7032,0,0,0,
farmer-place,,heldout,10,1.0,answer_only,randnorm,0,7,2,262,0,0,0,
farmer-place,,heldout,10,1.0,answer_only,randnorm,1,6,2,262,0,0,0,
farmer-place,,heldout,10,1.0,answer_only,randnorm,2,10,1,7032,0,0,0,
farmer-place,,heldout,10,2.0,all_no_bos,lens,-1,4,3,262,1,0,0,
farmer-place,,heldout,10,2.0,all_no_bos,randdir,0,9,3,262,0,0,0,
farmer-place,,heldout,10,2.0,all_no_bos,randdir,1,5,1,7032,1,0,0,
farmer-place,,heldout,10,2.0,all_no_bos,randdir,2,10,1,7032,0,0,0,
farmer-place,,heldout,10,2.0,all_no_bos,randnorm,0,16,3,262,0,0,0,
farmer-place,,heldout,10,2.0,all_no_bos,randnorm,1,9,3,262,0,0,0,
farmer-place,,heldout,10,2.0,all_no_bos,randnorm,2,14,1,7032,0,0,0,
farmer-place,,heldout,10,2.0,from_mention,lens,-1,4,3,262,1,0,0,
farmer-place,,heldout,10,2.0,from_mention,randdir,0,6,3,262,0,0,0,
farmer-place,,heldout,10,2.0,from_mention,randdir,1,5,1,7032,1,0,0,
farmer-place,,heldout,10,2.0,from_mention,randdir,2,10,1,7032,0,0,0,
farmer-place,,heldout,10,2.0,from_mention,randnorm,0,8,3,262,0,0,0,
farmer-place,,heldout,10,2.0,from_mention,randnorm,1,8,3,262,0,0,0,
farmer-place,,heldout,10,2.0,from_mention,randnorm,2,14,1,7032,0,0,0,
farmer-place,,heldout,10,2.0,answer_only,lens,-1,4,3,262,1,0,0,
farmer-place,,heldout,10,2.0,answer_only,randdir,0,7,2,262,0,0,0,
farmer-place,,heldout,10,2.0,answer_only,randdir,1,5,1,7032,1,0,0,
farmer-place,,heldout,10,2.0,answer_only,randdir,2,10,1,7032,0,0,0,
farmer-place,,heldout,10,2.0,answer_only,randnorm,0,8,3,262,0,0,0,
farmer-place,,heldout,10,2.0,answer_only,randnorm,1,8,3,262,0,0,0,
farmer-place,,heldout,10,2.0,answer_only,randnorm,2,11,1,7032,0,0,0,
farmer-place,,heldout,5-6,0.5,all_no_bos,lens,-1,5,1,7032,1,0,0,
farmer-place,,heldout,5-6,0.5,all_no_bos,randdir,0,5,1,7032,1,0,0,
farmer-place,,heldout,5-6,0.5,all_no_bos,randdir,1,5,1,7032,1,0,0,
farmer-place,,heldout,5-6,0.5,all_no_bos,randdir,2,5,1,7032,1,0,0,
farmer-place,,heldout,5-6,0.5,all_no_bos,randnorm,0,4,2,262,1,0,0,
farmer-place,,heldout,5-6,0.5,all_no_bos,randnorm,1,5,1,7032,1,0,0,
farmer-place,,heldout,5-6,0.5,all_no_bos,randnorm,2,4,1,7032,1,0,0,
farmer-place,,heldout,5-6,0.5,from_mention,lens,-1,5,3,262,1,0,0,
farmer-place,,heldout,5-6,0.5,from_mention,randdir,0,5,1,7032,1,0,0,
farmer-place,,heldout,5-6,0.5,from_mention,randdir,1,5,1,7032,1,0,0,
farmer-place,,heldout,5-6,0.5,from_mention,randdir,2,5,1,7032,1,0,0,
farmer-place,,heldout,5-6,0.5,from_mention,randnorm,0,5,1,7032,1,0,0,
farmer-place,,heldout,5-6,0.5,from_mention,randnorm,1,5,2,262,1,0,0,
farmer-place,,heldout,5-6,0.5,from_mention,randnorm,2,5,1,7032,1,0,0,
farmer-place,,heldout,5-6,0.5,answer_only,lens,-1,5,1,7032,1,0,0,
farmer-place,,heldout,5-6,0.5,answer_only,randdir,0,5,1,7032,1,0,0,
farmer-place,,heldout,5-6,0.5,answer_only,randdir,1,5,1,7032,1,0,0,
farmer-place,,heldout,5-6,0.5,answer_only,randdir,2,5,1,7032,1,0,0,
farmer-place,,heldout,5-6,0.5,answer_only,randnorm,0,5,1,7032,1,0,0,
farmer-place,,heldout,5-6,0.5,answer_only,randnorm,1,5,1,7032,1,0,0,
farmer-place,,heldout,5-6,0.5,answer_only,randnorm,2,5,1,7032,1,0,0,
farmer-place,,heldout,5-6,1.0,all_no_bos,lens,-1,5,2,262,1,0,0,
farmer-place,,heldout,5-6,1.0,all_no_bos,randdir,0,5,3,262,1,0,0,
farmer-place,,heldout,5-6,1.0,all_no_bos,randdir,1,5,1,7032,1,0,0,
farmer-place,,heldout,5-6,1.0,all_no_bos,randdir,2,5,1,7032,1,0,0,
farmer-place,,heldout,5-6,1.0,all_no_bos,randnorm,0,4,3,262,1,0,0,
farmer-place,,heldout,5-6,1.0,all_no_bos,randnorm,1,5,3,262,1,0,0,
farmer-place,,heldout,5-6,1.0,all_no_bos,randnorm,2,4,3,262,1,0,0,
farmer-place,,heldout,5-6,1.0,from_mention,lens,-1,5,3,262,1,0,0,
farmer-place,,heldout,5-6,1.0,from_mention,randdir,0,5,3,262,1,0,0,
farmer-place,,heldout,5-6,1.0,from_mention,randdir,1,5,1,7032,1,0,0,
farmer-place,,heldout,5-6,1.0,from_mention,randdir,2,5,1,7032,1,0,0,
farmer-place,,heldout,5-6,1.0,from_mention,randnorm,0,4,3,262,1,0,0,
farmer-place,,heldout,5-6,1.0,from_mention,randnorm,1,5,3,262,1,0,0,
farmer-place,,heldout,5-6,1.0,from_mention,randnorm,2,4,2,262,1,0,0,
farmer-place,,heldout,5-6,1.0,answer_only,lens,-1,5,1,7032,1,0,0,
farmer-place,,heldout,5-6,1.0,answer_only,randdir,0,5,1,7032,1,0,0,
farmer-place,,heldout,5-6,1.0,answer_only,randdir,1,5,1,7032,1,0,0,
farmer-place,,heldout,5-6,1.0,answer_only,randdir,2,5,1,7032,1,0,0,
farmer-place,,heldout,5-6,1.0,answer_only,randnorm,0,5,1,7032,1,0,0,
farmer-place,,heldout,5-6,1.0,answer_only,randnorm,1,5,1,7032,1,0,0,
farmer-place,,heldout,5-6,1.0,answer_only,randnorm,2,5,1,7032,1,0,0,
farmer-place,,heldout,5-6,2.0,all_no_bos,lens,-1,7,3,262,0,0,0,
farmer-place,,heldout,5-6,2.0,all_no_bos,randdir,0,5,3,257,1,0,0,
farmer-place,,heldout,5-6,2.0,all_no_bos,randdir,1,8,3,262,0,0,0,
farmer-place,,heldout,5-6,2.0,all_no_bos,randdir,2,5,2,262,1,0,0,
farmer-place,,heldout,5-6,2.0,all_no_bos,randnorm,0,2,7,262,1,0,1,
farmer-place,,heldout,5-6,2.0,all_no_bos,randnorm,1,9,11,262,0,0,1,
farmer-place,,heldout,5-6,2.0,all_no_bos,randnorm,2,5,9,262,1,0,1,
farmer-place,,heldout,5-6,2.0,from_mention,lens,-1,4,6,257,1,0,1,
farmer-place,,heldout,5-6,2.0,from_mention,randdir,0,5,3,257,1,0,0,
farmer-place,,heldout,5-6,2.0,from_mention,randdir,1,6,1,7032,0,0,0,
farmer-place,,heldout,5-6,2.0,from_mention,randdir,2,7,1,7032,0,0,0,
farmer-place,,heldout,5-6,2.0,from_mention,randnorm,0,1,4,11301,1,1,1,
farmer-place,,heldout,5-6,2.0,from_mention,randnorm,1,3,6,257,1,0,1,
farmer-place,,heldout,5-6,2.0,from_mention,randnorm,2,3,5,262,1,0,1,
farmer-place,,heldout,5-6,2.0,answer_only,lens,-1,5,2,262,1,0,0,
farmer-place,,heldout,5-6,2.0,answer_only,randdir,0,5,3,257,1,0,0,
farmer-place,,heldout,5-6,2.0,answer_only,randdir,1,5,1,7032,1,0,0,
farmer-place,,heldout,5-6,2.0,answer_only,randdir,2,5,1,7032,1,0,0,
farmer-place,,heldout,5-6,2.0,answer_only,randnorm,0,5,1,7032,1,0,0,
farmer-place,,heldout,5-6,2.0,answer_only,randnorm,1,5,1,7032,1,0,0,
farmer-place,,heldout,5-6,2.0,answer_only,randnorm,2,5,1,7032,1,0,0,
farmer-place,,heldout,6-7,0.5,all_no_bos,lens,-1,5,1,7032,1,0,0,
farmer-place,,heldout,6-7,0.5,all_no_bos,randdir,0,5,1,7032,1,0,0,
farmer-place,,heldout,6-7,0.5,all_no_bos,randdir,1,5,1,7032,1,0,0,
farmer-place,,heldout,6-7,0.5,all_no_bos,randdir,2,5,1,7032,1,0,0,
farmer-place,,heldout,6-7,0.5,all_no_bos,randnorm,0,5,2,262,1,0,0,
farmer-place,,heldout,6-7,0.5,all_no_bos,randnorm,1,7,1,7032,0,0,0,
farmer-place,,heldout,6-7,0.5,all_no_bos,randnorm,2,6,1,7032,0,0,0,
farmer-place,,heldout,6-7,0.5,from_mention,lens,-1,5,3,262,1,0,0,
farmer-place,,heldout,6-7,0.5,from_mention,randdir,0,5,1,7032,1,0,0,
farmer-place,,heldout,6-7,0.5,from_mention,randdir,1,5,1,7032,1,0,0,
farmer-place,,heldout,6-7,0.5,from_mention,randdir,2,6,1,7032,0,0,0,
farmer-place,,heldout,6-7,0.5,from_mention,randnorm,0,5,2,262,1,0,0,
farmer-place,,heldout,6-7,0.5,from_mention,randnorm,1,5,1,7032,1,0,0,
farmer-place,,heldout,6-7,0.5,from_mention,randnorm,2,9,1,7032,0,0,0,
farmer-place,,heldout,6-7,0.5,answer_only,lens,-1,5,1,7032,1,0,0,
farmer-place,,heldout,6-7,0.5,answer_only,randdir,0,5,1,7032,1,0,0,
farmer-place,,heldout,6-7,0.5,answer_only,randdir,1,5,1,7032,1,0,0,
farmer-place,,heldout,6-7,0.5,answer_only,randdir,2,5,1,7032,1,0,0,
farmer-place,,heldout,6-7,0.5,answer_only,randnorm,0,5,1,7032,1,0,0,
farmer-place,,heldout,6-7,0.5,answer_only,randnorm,1,5,1,7032,1,0,0,
farmer-place,,heldout,6-7,0.5,answer_only,randnorm,2,5,1,7032,1,0,0,
farmer-place,,heldout,6-7,1.0,all_no_bos,lens,-1,8,1,7032,0,0,0,
farmer-place,,heldout,6-7,1.0,all_no_bos,randdir,0,7,1,7032,0,0,0,
farmer-place,,heldout,6-7,1.0,all_no_bos,randdir,1,5,1,7032,1,0,0,
farmer-place,,heldout,6-7,1.0,all_no_bos,randdir,2,5,1,7032,1,0,0,
farmer-place,,heldout,6-7,1.0,all_no_bos,randnorm,0,5,3,262,1,0,0,
farmer-place,,heldout,6-7,1.0,all_no_bos,randnorm,1,7,1,7032,0,0,0,
farmer-place,,heldout,6-7,1.0,all_no_bos,randnorm,2,7,1,7032,0,0,0,
farmer-place,,heldout,6-7,1.0,from_mention,lens,-1,8,1,7032,0,0,0,
farmer-place,,heldout,6-7,1.0,from_mention,randdir,0,5,1,7032,1,0,0,
farmer-place,,heldout,6-7,1.0,from_mention,randdir,1,5,1,7032,1,0,0,
farmer-place,,heldout,6-7,1.0,from_mention,randdir,2,7,1,7032,0,0,0,
farmer-place,,heldout,6-7,1.0,from_mention,randnorm,0,4,2,262,1,0,0,
farmer-place,,heldout,6-7,1.0,from_mention,randnorm,1,5,1,7032,1,0,0,
farmer-place,,heldout,6-7,1.0,from_mention,randnorm,2,8,1,7032,0,0,0,
farmer-place,,heldout,6-7,1.0,answer_only,lens,-1,5,1,7032,1,0,0,
farmer-place,,heldout,6-7,1.0,answer_only,randdir,0,5,1,7032,1,0,0,
farmer-place,,heldout,6-7,1.0,answer_only,randdir,1,5,1,7032,1,0,0,
farmer-place,,heldout,6-7,1.0,answer_only,randdir,2,5,1,7032,1,0,0,
farmer-place,,heldout,6-7,1.0,answer_only,randnorm,0,5,1,7032,1,0,0,
farmer-place,,heldout,6-7,1.0,answer_only,randnorm,1,5,1,7032,1,0,0,
farmer-place,,heldout,6-7,1.0,answer_only,randnorm,2,5,1,7032,1,0,0,
farmer-place,,heldout,6-7,2.0,all_no_bos,lens,-1,32,3,262,0,0,0,
farmer-place,,heldout,6-7,2.0,all_no_bos,randdir,0,8,1,7032,0,0,0,
farmer-place,,heldout,6-7,2.0,all_no_bos,randdir,1,5,1,7032,1,0,0,
farmer-place,,heldout,6-7,2.0,all_no_bos,randdir,2,5,1,7032,1,0,0,
farmer-place,,heldout,6-7,2.0,all_no_bos,randnorm,0,4,3,262,1,0,0,
farmer-place,,heldout,6-7,2.0,all_no_bos,randnorm,1,6,1,7032,0,0,0,
farmer-place,,heldout,6-7,2.0,all_no_bos,randnorm,2,14,3,262,0,0,0,
farmer-place,,heldout,6-7,2.0,from_mention,lens,-1,10,3,262,0,0,0,
farmer-place,,heldout,6-7,2.0,from_mention,randdir,0,5,1,7032,1,0,0,
farmer-place,,heldout,6-7,2.0,from_mention,randdir,1,6,1,7032,0,0,0,
farmer-place,,heldout,6-7,2.0,from_mention,randdir,2,7,1,7032,0,0,0,
farmer-place,,heldout,6-7,2.0,from_mention,randnorm,0,3,4,262,1,0,1,
farmer-place,,heldout,6-7,2.0,from_mention,randnorm,1,4,3,262,1,0,0,
farmer-place,,heldout,6-7,2.0,from_mention,randnorm,2,7,3,262,0,0,0,
farmer-place,,heldout,6-7,2.0,answer_only,lens,-1,9,1,7032,0,0,0,
farmer-place,,heldout,6-7,2.0,answer_only,randdir,0,6,1,7032,0,0,0,
farmer-place,,heldout,6-7,2.0,answer_only,randdir,1,5,1,7032,1,0,0,
farmer-place,,heldout,6-7,2.0,answer_only,randdir,2,5,1,7032,1,0,0,
farmer-place,,heldout,6-7,2.0,answer_only,randnorm,0,5,1,7032,1,0,0,
farmer-place,,heldout,6-7,2.0,answer_only,randnorm,1,5,1,7032,1,0,0,
farmer-place,,heldout,6-7,2.0,answer_only,randnorm,2,5,1,7032,1,0,0,
farmer-place,,heldout,7-8,0.5,all_no_bos,lens,-1,5,1,7032,1,0,0,
farmer-place,,heldout,7-8,0.5,all_no_bos,randdir,0,6,1,7032,0,0,0,
farmer-place,,heldout,7-8,0.5,all_no_bos,randdir,1,8,1,7032,0,0,0,
farmer-place,,heldout,7-8,0.5,all_no_bos,randdir,2,8,1,7032,0,0,0,
farmer-place,,heldout,7-8,0.5,all_no_bos,randnorm,0,7,1,7032,0,0,0,
farmer-place,,heldout,7-8,0.5,all_no_bos,randnorm,1,10,1,7032,0,0,0,
farmer-place,,heldout,7-8,0.5,all_no_bos,randnorm,2,8,1,7032,0,0,0,
farmer-place,,heldout,7-8,0.5,from_mention,lens,-1,5,3,262,1,0,0,
farmer-place,,heldout,7-8,0.5,from_mention,randdir,0,6,1,7032,0,0,0,
farmer-place,,heldout,7-8,0.5,from_mention,randdir,1,5,1,7032,1,0,0,
farmer-place,,heldout,7-8,0.5,from_mention,randdir,2,9,1,7032,0,0,0,
farmer-place,,heldout,7-8,0.5,from_mention,randnorm,0,6,1,7032,0,0,0,
farmer-place,,heldout,7-8,0.5,from_mention,randnorm,1,5,1,7032,1,0,0,
farmer-place,,heldout,7-8,0.5,from_mention,randnorm,2,11,1,7032,0,0,0,
farmer-place,,heldout,7-8,0.5,answer_only,lens,-1,5,1,7032,1,0,0,
farmer-place,,heldout,7-8,0.5,answer_only,randdir,0,5,1,7032,1,0,0,
farmer-place,,heldout,7-8,0.5,answer_only,randdir,1,6,1,7032,0,0,0,
farmer-place,,heldout,7-8,0.5,answer_only,randdir,2,7,1,7032,0,0,0,
farmer-place,,heldout,7-8,0.5,answer_only,randnorm,0,5,1,7032,1,0,0,
farmer-place,,heldout,7-8,0.5,answer_only,randnorm,1,5,1,7032,1,0,0,
farmer-place,,heldout,7-8,0.5,answer_only,randnorm,2,5,1,7032,1,0,0,
farmer-place,,heldout,7-8,1.0,all_no_bos,lens,-1,5,1,7032,1,0,0,
farmer-place,,heldout,7-8,1.0,all_no_bos,randdir,0,7,1,7032,0,0,0,
farmer-place,,heldout,7-8,1.0,all_no_bos,randdir,1,14,1,7032,0,0,0,
farmer-place,,heldout,7-8,1.0,all_no_bos,randdir,2,10,1,7032,0,0,0,
farmer-place,,heldout,7-8,1.0,all_no_bos,randnorm,0,9,1,7032,0,0,0,
farmer-place,,heldout,7-8,1.0,all_no_bos,randnorm,1,12,1,7032,0,0,0,
farmer-place,,heldout,7-8,1.0,all_no_bos,randnorm,2,12,1,7032,0,0,0,
farmer-place,,heldout,7-8,1.0,from_mention,lens,-1,5,1,7032,1,0,0,
farmer-place,,heldout,7-8,1.0,from_mention,randdir,0,6,1,7032,0,0,0,
farmer-place,,heldout,7-8,1.0,from_mention,randdir,1,5,1,7032,1,0,0,
farmer-place,,heldout,7-8,1.0,from_mention,randdir,2,14,1,7032,0,0,0,
farmer-place,,heldout,7-8,1.0,from_mention,randnorm,0,7,1,7032,0,0,0,
farmer-place,,heldout,7-8,1.0,from_mention,randnorm,1,5,3,257,1,0,0,
farmer-place,,heldout,7-8,1.0,from_mention,randnorm,2,16,1,7032,0,0,0,
farmer-place,,heldout,7-8,1.0,answer_only,lens,-1,5,1,7032,1,0,0,
farmer-place,,heldout,7-8,1.0,answer_only,randdir,0,5,1,7032,1,0,0,
farmer-place,,heldout,7-8,1.0,answer_only,randdir,1,8,1,7032,0,0,0,
farmer-place,,heldout,7-8,1.0,answer_only,randdir,2,11,1,7032,0,0,0,
farmer-place,,heldout,7-8,1.0,answer_only,randnorm,0,5,1,7032,1,0,0,
farmer-place,,heldout,7-8,1.0,answer_only,randnorm,1,5,1,7032,1,0,0,
farmer-place,,heldout,7-8,1.0,answer_only,randnorm,2,6,1,7032,0,0,0,
farmer-place,,heldout,7-8,2.0,all_no_bos,lens,-1,4,3,262,1,0,0,
farmer-place,,heldout,7-8,2.0,all_no_bos,randdir,0,8,1,7032,0,0,0,
farmer-place,,heldout,7-8,2.0,all_no_bos,randdir,1,57,3,262,0,0,0,
farmer-place,,heldout,7-8,2.0,all_no_bos,randdir,2,22,2,262,0,0,0,
farmer-place,,heldout,7-8,2.0,all_no_bos,randnorm,0,11,2,262,0,0,0,
farmer-place,,heldout,7-8,2.0,all_no_bos,randnorm,1,23,3,262,0,0,0,
farmer-place,,heldout,7-8,2.0,all_no_bos,randnorm,2,28,3,262,0,0,0,
farmer-place,,heldout,7-8,2.0,from_mention,lens,-1,8,3,262,0,0,0,
farmer-place,,heldout,7-8,2.0,from_mention,randdir,0,8,1,7032,0,0,0,
farmer-place,,heldout,7-8,2.0,from_mention,randdir,1,5,3,257,1,0,0,
farmer-place,,heldout,7-8,2.0,from_mention,randdir,2,33,2,262,0,0,0,
farmer-place,,heldout,7-8,2.0,from_mention,randnorm,0,5,1,7032,1,0,0,
farmer-place,,heldout,7-8,2.0,from_mention,randnorm,1,4,3,257,1,0,0,
farmer-place,,heldout,7-8,2.0,from_mention,randnorm,2,32,3,262,0,0,0,
farmer-place,,heldout,7-8,2.0,answer_only,lens,-1,6,1,7032,0,0,0,
farmer-place,,heldout,7-8,2.0,answer_only,randdir,0,5,1,7032,1,0,0,
farmer-place,,heldout,7-8,2.0,answer_only,randdir,1,16,1,7032,0,0,0,
farmer-place,,heldout,7-8,2.0,answer_only,randdir,2,14,2,262,0,0,0,
farmer-place,,heldout,7-8,2.0,answer_only,randnorm,0,5,1,7032,1,0,0,
farmer-place,,heldout,7-8,2.0,answer_only,randnorm,1,6,1,7032,0,0,0,
farmer-place,,heldout,7-8,2.0,answer_only,randnorm,2,7,1,7032,0,0,0,
farmer-place,,heldout,8-9,0.5,all_no_bos,lens,-1,5,1,7032,1,0,0,
farmer-place,,heldout,8-9,0.5,all_no_bos,randdir,0,5,1,7032,1,0,0,
farmer-place,,heldout,8-9,0.5,all_no_bos,randdir,1,10,1,7032,0,0,0,
farmer-place,,heldout,8-9,0.5,all_no_bos,randdir,2,7,1,7032,0,0,0,
farmer-place,,heldout,8-9,0.5,all_no_bos,randnorm,0,6,1,7032,0,0,0,
farmer-place,,heldout,8-9,0.5,all_no_bos,randnorm,1,8,1,7032,0,0,0,
farmer-place,,heldout,8-9,0.5,all_no_bos,randnorm,2,7,1,7032,0,0,0,
farmer-place,,heldout,8-9,0.5,from_mention,lens,-1,5,2,262,1,0,0,
farmer-place,,heldout,8-9,0.5,from_mention,randdir,0,5,1,7032,1,0,0,
farmer-place,,heldout,8-9,0.5,from_mention,randdir,1,5,1,7032,1,0,0,
farmer-place,,heldout,8-9,0.5,from_mention,randdir,2,9,1,7032,0,0,0,
farmer-place,,heldout,8-9,0.5,from_mention,randnorm,0,5,1,7032,1,0,0,
farmer-place,,heldout,8-9,0.5,from_mention,randnorm,1,5,1,7032,1,0,0,
farmer-place,,heldout,8-9,0.5,from_mention,randnorm,2,9,1,7032,0,0,0,
farmer-place,,heldout,8-9,0.5,answer_only,lens,-1,5,1,7032,1,0,0,
farmer-place,,heldout,8-9,0.5,answer_only,randdir,0,5,1,7032,1,0,0,
farmer-place,,heldout,8-9,0.5,answer_only,randdir,1,7,1,7032,0,0,0,
farmer-place,,heldout,8-9,0.5,answer_only,randdir,2,5,1,7032,1,0,0,
farmer-place,,heldout,8-9,0.5,answer_only,randnorm,0,5,1,7032,1,0,0,
farmer-place,,heldout,8-9,0.5,answer_only,randnorm,1,5,1,7032,1,0,0,
farmer-place,,heldout,8-9,0.5,answer_only,randnorm,2,5,1,7032,1,0,0,
farmer-place,,heldout,8-9,1.0,all_no_bos,lens,-1,5,3,262,1,0,0,
farmer-place,,heldout,8-9,1.0,all_no_bos,randdir,0,5,1,7032,1,0,0,
farmer-place,,heldout,8-9,1.0,all_no_bos,randdir,1,16,1,7032,0,0,0,
farmer-place,,heldout,8-9,1.0,all_no_bos,randdir,2,10,2,262,0,0,0,
farmer-place,,heldout,8-9,1.0,all_no_bos,randnorm,0,7,1,7032,0,0,0,
farmer-place,,heldout,8-9,1.0,all_no_bos,randnorm,1,14,2,262,0,0,0,
farmer-place,,heldout,8-9,1.0,all_no_bos,randnorm,2,10,2,262,0,0,0,
farmer-place,,heldout,8-9,1.0,from_mention,lens,-1,5,3,262,1,0,0,
farmer-place,,heldout,8-9,1.0,from_mention,randdir,0,5,1,7032,1,0,0,
farmer-place,,heldout,8-9,1.0,from_mention,randdir,1,6,1,7032,0,0,0,
farmer-place,,heldout,8-9,1.0,from_mention,randdir,2,11,1,7032,0,0,0,
farmer-place,,heldout,8-9,1.0,from_mention,randnorm,0,5,1,7032,1,0,0,
farmer-place,,heldout,8-9,1.0,from_mention,randnorm,1,5,3,257,1,0,0,
farmer-place,,heldout,8-9,1.0,from_mention,randnorm,2,11,1,7032,0,0,0,
farmer-place,,heldout,8-9,1.0,answer_only,lens,-1,5,2,262,1,0,0,
farmer-place,,heldout,8-9,1.0,answer_only,randdir,0,5,1,7032,1,0,0,
farmer-place,,heldout,8-9,1.0,answer_only,randdir,1,11,1,7032,0,0,0,
farmer-place,,heldout,8-9,1.0,answer_only,randdir,2,6,1,7032,0,0,0,
farmer-place,,heldout,8-9,1.0,answer_only,randnorm,0,6,1,7032,0,0,0,
farmer-place,,heldout,8-9,1.0,answer_only,randnorm,1,8,1,7032,0,0,0,
farmer-place,,heldout,8-9,1.0,answer_only,randnorm,2,5,1,7032,1,0,0,
farmer-place,,heldout,8-9,2.0,all_no_bos,lens,-1,3,5,257,1,0,1,
farmer-place,,heldout,8-9,2.0,all_no_bos,randdir,0,6,1,7032,0,0,0,
farmer-place,,heldout,8-9,2.0,all_no_bos,randdir,1,102,3,262,0,0,0,
farmer-place,,heldout,8-9,2.0,all_no_bos,randdir,2,22,3,262,0,0,0,
farmer-place,,heldout,8-9,2.0,all_no_bos,randnorm,0,5,3,262,1,0,0,
farmer-place,,heldout,8-9,2.0,all_no_bos,randnorm,1,38,3,262,0,0,0,
farmer-place,,heldout,8-9,2.0,all_no_bos,randnorm,2,31,3,262,0,0,0,
farmer-place,,heldout,8-9,2.0,from_mention,lens,-1,4,3,262,1,0,0,
farmer-place,,heldout,8-9,2.0,from_mention,randdir,0,6,1,7032,0,0,0,
farmer-place,,heldout,8-9,2.0,from_mention,randdir,1,10,3,257,0,0,0,
farmer-place,,heldout,8-9,2.0,from_mention,randdir,2,30,3,262,0,0,0,
farmer-place,,heldout,8-9,2.0,from_mention,randnorm,0,7,3,257,0,0,0,
farmer-place,,heldout,8-9,2.0,from_mention,randnorm,1,5,3,257,1,0,0,
farmer-place,,heldout,8-9,2.0,from_mention,randnorm,2,27,3,262,0,0,0,
farmer-place,,heldout,8-9,2.0,answer_only,lens,-1,5,2,262,1,0,0,
farmer-place,,heldout,8-9,2.0,answer_only,randdir,0,5,1,7032,1,0,0,
farmer-place,,heldout,8-9,2.0,answer_only,randdir,1,23,1,7032,0,0,0,
farmer-place,,heldout,8-9,2.0,answer_only,randdir,2,9,3,262,0,0,0,
farmer-place,,heldout,8-9,2.0,answer_only,randnorm,0,8,1,7032,0,0,0,
farmer-place,,heldout,8-9,2.0,answer_only,randnorm,1,12,1,7032,0,0,0,
farmer-place,,heldout,8-9,2.0,answer_only,randnorm,2,6,2,262,0,0,0,
farmer-place,,heldout,6-7-8,0.5,all_no_bos,lens,-1,5,1,7032,1,0,0,
farmer-place,,heldout,6-7-8,0.5,all_no_bos,randdir,0,6,1,7032,0,0,0,
farmer-place,,heldout,6-7-8,0.5,all_no_bos,randdir,1,8,1,7032,0,0,0,
farmer-place,,heldout,6-7-8,0.5,all_no_bos,randdir,2,8,1,7032,0,0,0,
farmer-place,,heldout,6-7-8,0.5,all_no_bos,randnorm,0,5,1,7032,1,0,0,
farmer-place,,heldout,6-7-8,0.5,all_no_bos,randnorm,1,6,1,7032,0,0,0,
farmer-place,,heldout,6-7-8,0.5,all_no_bos,randnorm,2,9,1,7032,0,0,0,
farmer-place,,heldout,6-7-8,0.5,from_mention,lens,-1,5,3,262,1,0,0,
farmer-place,,heldout,6-7-8,0.5,from_mention,randdir,0,6,1,7032,0,0,0,
farmer-place,,heldout,6-7-8,0.5,from_mention,randdir,1,5,1,7032,1,0,0,
farmer-place,,heldout,6-7-8,0.5,from_mention,randdir,2,9,1,7032,0,0,0,
farmer-place,,heldout,6-7-8,0.5,from_mention,randnorm,0,5,1,7032,1,0,0,
farmer-place,,heldout,6-7-8,0.5,from_mention,randnorm,1,5,2,262,1,0,0,
farmer-place,,heldout,6-7-8,0.5,from_mention,randnorm,2,12,1,7032,0,0,0,
farmer-place,,heldout,6-7-8,0.5,answer_only,lens,-1,5,1,7032,1,0,0,
farmer-place,,heldout,6-7-8,0.5,answer_only,randdir,0,5,1,7032,1,0,0,
farmer-place,,heldout,6-7-8,0.5,answer_only,randdir,1,6,1,7032,0,0,0,
farmer-place,,heldout,6-7-8,0.5,answer_only,randdir,2,6,1,7032,0,0,0,
farmer-place,,heldout,6-7-8,0.5,answer_only,randnorm,0,5,1,7032,1,0,0,
farmer-place,,heldout,6-7-8,0.5,answer_only,randnorm,1,5,1,7032,1,0,0,
farmer-place,,heldout,6-7-8,0.5,answer_only,randnorm,2,5,1,7032,1,0,0,
farmer-place,,heldout,6-7-8,1.0,all_no_bos,lens,-1,5,3,262,1,0,0,
farmer-place,,heldout,6-7-8,1.0,all_no_bos,randdir,0,7,1,7032,0,0,0,
farmer-place,,heldout,6-7-8,1.0,all_no_bos,randdir,1,12,1,7032,0,0,0,
farmer-place,,heldout,6-7-8,1.0,all_no_bos,randdir,2,8,1,7032,0,0,0,
farmer-place,,heldout,6-7-8,1.0,all_no_bos,randnorm,0,4,2,262,1,0,0,
farmer-place,,heldout,6-7-8,1.0,all_no_bos,randnorm,1,7,1,7032,0,0,0,
farmer-place,,heldout,6-7-8,1.0,all_no_bos,randnorm,2,11,1,7032,0,0,0,
farmer-place,,heldout,6-7-8,1.0,from_mention,lens,-1,5,3,262,1,0,0,
farmer-place,,heldout,6-7-8,1.0,from_mention,randdir,0,6,1,7032,0,0,0,
farmer-place,,heldout,6-7-8,1.0,from_mention,randdir,1,6,1,7032,0,0,0,
farmer-place,,heldout,6-7-8,1.0,from_mention,randdir,2,15,1,7032,0,0,0,
farmer-place,,heldout,6-7-8,1.0,from_mention,randnorm,0,4,1,7032,1,0,0,
farmer-place,,heldout,6-7-8,1.0,from_mention,randnorm,1,4,3,262,1,0,0,
farmer-place,,heldout,6-7-8,1.0,from_mention,randnorm,2,24,1,7032,0,0,0,
farmer-place,,heldout,6-7-8,1.0,answer_only,lens,-1,5,1,7032,1,0,0,
farmer-place,,heldout,6-7-8,1.0,answer_only,randdir,0,5,1,7032,1,0,0,
farmer-place,,heldout,6-7-8,1.0,answer_only,randdir,1,8,1,7032,0,0,0,
farmer-place,,heldout,6-7-8,1.0,answer_only,randdir,2,7,1,7032,0,0,0,
farmer-place,,heldout,6-7-8,1.0,answer_only,randnorm,0,5,1,7032,1,0,0,
farmer-place,,heldout,6-7-8,1.0,answer_only,randnorm,1,5,1,7032,1,0,0,
farmer-place,,heldout,6-7-8,1.0,answer_only,randnorm,2,5,1,7032,1,0,0,
farmer-place,,heldout,6-7-8,2.0,all_no_bos,lens,-1,12147,31,262,0,0,0,
farmer-place,,heldout,6-7-8,2.0,all_no_bos,randdir,0,8,1,7032,0,0,0,
farmer-place,,heldout,6-7-8,2.0,all_no_bos,randdir,1,50,3,262,0,0,0,
farmer-place,,heldout,6-7-8,2.0,all_no_bos,randdir,2,17,2,262,0,0,0,
farmer-place,,heldout,6-7-8,2.0,all_no_bos,randnorm,0,4,3,262,1,0,0,
farmer-place,,heldout,6-7-8,2.0,all_no_bos,randnorm,1,17,2,262,0,0,0,
farmer-place,,heldout,6-7-8,2.0,all_no_bos,randnorm,2,25,3,262,0,0,0,
farmer-place,,heldout,6-7-8,2.0,from_mention,lens,-1,43,4440,262,0,0,1,
farmer-place,,heldout,6-7-8,2.0,from_mention,randdir,0,8,1,7032,0,0,0,
farmer-place,,heldout,6-7-8,2.0,from_mention,randdir,1,5,3,257,1,0,0,
farmer-place,,heldout,6-7-8,2.0,from_mention,randdir,2,37,2,262,0,0,0,
farmer-place,,heldout,6-7-8,2.0,from_mention,randnorm,0,3,4,262,1,0,1,
farmer-place,,heldout,6-7-8,2.0,from_mention,randnorm,1,3,4,262,1,0,1,
farmer-place,,heldout,6-7-8,2.0,from_mention,randnorm,2,37,3,262,0,0,0,
farmer-place,,heldout,6-7-8,2.0,answer_only,lens,-1,5,3,262,1,0,0,
farmer-place,,heldout,6-7-8,2.0,answer_only,randdir,0,5,1,7032,1,0,0,
farmer-place,,heldout,6-7-8,2.0,answer_only,randdir,1,14,1,7032,0,0,0,
farmer-place,,heldout,6-7-8,2.0,answer_only,randdir,2,10,3,262,0,0,0,
farmer-place,,heldout,6-7-8,2.0,answer_only,randnorm,0,5,1,7032,1,0,0,
farmer-place,,heldout,6-7-8,2.0,answer_only,randnorm,1,6,1,7032,0,0,0,
farmer-place,,heldout,6-7-8,2.0,answer_only,randnorm,2,7,1,7032,0,0,0,
farmer-place,,heldout,7-8-9,0.5,all_no_bos,lens,-1,5,1,7032,1,0,0,
farmer-place,,heldout,7-8-9,0.5,all_no_bos,randdir,0,5,1,7032,1,0,0,
farmer-place,,heldout,7-8-9,0.5,all_no_bos,randdir,1,11,1,7032,0,0,0,
farmer-place,,heldout,7-8-9,0.5,all_no_bos,randdir,2,7,1,7032,0,0,0,
farmer-place,,heldout,7-8-9,0.5,all_no_bos,randnorm,0,7,1,7032,0,0,0,
farmer-place,,heldout,7-8-9,0.5,all_no_bos,randnorm,1,11,1,7032,0,0,0,
farmer-place,,heldout,7-8-9,0.5,all_no_bos,randnorm,2,9,1,7032,0,0,0,
farmer-place,,heldout,7-8-9,0.5,from_mention,lens,-1,5,3,262,1,0,0,
farmer-place,,heldout,7-8-9,0.5,from_mention,randdir,0,5,1,7032,1,0,0,
farmer-place,,heldout,7-8-9,0.5,from_mention,randdir,1,5,1,7032,1,0,0,
farmer-place,,heldout,7-8-9,0.5,from_mention,randdir,2,9,1,7032,0,0,0,
farmer-place,,heldout,7-8-9,0.5,from_mention,randnorm,0,5,1,7032,1,0,0,
farmer-place,,heldout,7-8-9,0.5,from_mention,randnorm,1,5,1,7032,1,0,0,
farmer-place,,heldout,7-8-9,0.5,from_mention,randnorm,2,10,1,7032,0,0,0,
farmer-place,,heldout,7-8-9,0.5,answer_only,lens,-1,5,1,7032,1,0,0,
farmer-place,,heldout,7-8-9,0.5,answer_only,randdir,0,5,1,7032,1,0,0,
farmer-place,,heldout,7-8-9,0.5,answer_only,randdir,1,7,1,7032,0,0,0,
farmer-place,,heldout,7-8-9,0.5,answer_only,randdir,2,6,1,7032,0,0,0,
farmer-place,,heldout,7-8-9,0.5,answer_only,randnorm,0,5,1,7032,1,0,0,
farmer-place,,heldout,7-8-9,0.5,answer_only,randnorm,1,5,1,7032,1,0,0,
farmer-place,,heldout,7-8-9,0.5,answer_only,randnorm,2,5,1,7032,1,0,0,
farmer-place,,heldout,7-8-9,1.0,all_no_bos,lens,-1,5,3,262,1,0,0,
farmer-place,,heldout,7-8-9,1.0,all_no_bos,randdir,0,7,1,7032,0,0,0,
farmer-place,,heldout,7-8-9,1.0,all_no_bos,randdir,1,16,1,7032,0,0,0,
farmer-place,,heldout,7-8-9,1.0,all_no_bos,randdir,2,10,1,7032,0,0,0,
farmer-place,,heldout,7-8-9,1.0,all_no_bos,randnorm,0,9,1,7032,0,0,0,
farmer-place,,heldout,7-8-9,1.0,all_no_bos,randnorm,1,15,1,7032,0,0,0,
farmer-place,,heldout,7-8-9,1.0,all_no_bos,randnorm,2,12,1,7032,0,0,0,
farmer-place,,heldout,7-8-9,1.0,from_mention,lens,-1,5,3,262,1,0,0,
farmer-place,,heldout,7-8-9,1.0,from_mention,randdir,0,5,1,7032,1,0,0,
farmer-place,,heldout,7-8-9,1.0,from_mention,randdir,1,6,1,7032,0,0,0,
farmer-place,,heldout,7-8-9,1.0,from_mention,randdir,2,12,1,7032,0,0,0,
farmer-place,,heldout,7-8-9,1.0,from_mention,randnorm,0,5,1,7032,1,0,0,
farmer-place,,heldout,7-8-9,1.0,from_mention,randnorm,1,5,2,257,1,0,0,
farmer-place,,heldout,7-8-9,1.0,from_mention,randnorm,2,15,1,7032,0,0,0,
farmer-place,,heldout,7-8-9,1.0,answer_only,lens,-1,5,2,262,1,0,0,
farmer-place,,heldout,7-8-9,1.0,answer_only,randdir,0,5,1,7032,1,0,0,
farmer-place,,heldout,7-8-9,1.0,answer_only,randdir,1,11,1,7032,0,0,0,
farmer-place,,heldout,7-8-9,1.0,answer_only,randdir,2,8,1,7032,0,0,0,
farmer-place,,heldout,7-8-9,1.0,answer_only,randnorm,0,6,1,7032,0,0,0,
farmer-place,,heldout,7-8-9,1.0,answer_only,randnorm,1,8,1,7032,0,0,0,
farmer-place,,heldout,7-8-9,1.0,answer_only,randnorm,2,6,1,7032,0,0,0,
farmer-place,,heldout,7-8-9,2.0,all_no_bos,lens,-1,68,64,262,0,0,0,
farmer-place,,heldout,7-8-9,2.0,all_no_bos,randdir,0,8,1,7032,0,0,0,
farmer-place,,heldout,7-8-9,2.0,all_no_bos,randdir,1,98,3,262,0,0,0,
farmer-place,,heldout,7-8-9,2.0,all_no_bos,randdir,2,32,3,262,0,0,0,
farmer-place,,heldout,7-8-9,2.0,all_no_bos,randnorm,0,9,3,262,0,0,0,
farmer-place,,heldout,7-8-9,2.0,all_no_bos,randnorm,1,60,3,262,0,0,0,
farmer-place,,heldout,7-8-9,2.0,all_no_bos,randnorm,2,44,3,262,0,0,0,
farmer-place,,heldout,7-8-9,2.0,from_mention,lens,-1,18,803,15849,0,0,1,
farmer-place,,heldout,7-8-9,2.0,from_mention,randdir,0,6,1,7032,0,0,0,
farmer-place,,heldout,7-8-9,2.0,from_mention,randdir,1,8,3,257,0,0,0,
farmer-place,,heldout,7-8-9,2.0,from_mention,randdir,2,38,2,262,0,0,0,
farmer-place,,heldout,7-8-9,2.0,from_mention,randnorm,0,6,3,257,0,0,0,
farmer-place,,heldout,7-8-9,2.0,from_mention,randnorm,1,5,3,257,1,0,0,
farmer-place,,heldout,7-8-9,2.0,from_mention,randnorm,2,22,3,262,0,0,0,
farmer-place,,heldout,7-8-9,2.0,answer_only,lens,-1,5,3,262,1,0,0,
farmer-place,,heldout,7-8-9,2.0,answer_only,randdir,0,6,1,7032,0,0,0,
farmer-place,,heldout,7-8-9,2.0,answer_only,randdir,1,22,1,7032,0,0,0,
farmer-place,,heldout,7-8-9,2.0,answer_only,randdir,2,14,3,262,0,0,0,
farmer-place,,heldout,7-8-9,2.0,answer_only,randnorm,0,8,1,7032,0,0,0,
farmer-place,,heldout,7-8-9,2.0,answer_only,randnorm,1,11,1,7032,0,0,0,
farmer-place,,heldout,7-8-9,2.0,answer_only,randnorm,2,7,2,262,0,0,0,
guitar-part,,tuning,3,0.5,all_no_bos,lens,-1,51,2,257,0,0,0,
guitar-part,,tuning,3,0.5,all_no_bos,randdir,0,33,2,257,0,0,0,
guitar-part,,tuning,3,0.5,all_no_bos,randdir,1,49,2,257,0,0,0,
guitar-part,,tuning,3,0.5,all_no_bos,randdir,2,53,2,257,0,0,0,
guitar-part,,tuning,3,0.5,all_no_bos,randnorm,0,39,2,257,0,0,0,
guitar-part,,tuning,3,0.5,all_no_bos,randnorm,1,46,2,257,0,0,0,
guitar-part,,tuning,3,0.5,all_no_bos,randnorm,2,44,2,257,0,0,0,
guitar-part,,tuning,3,0.5,from_mention,lens,-1,51,2,257,0,0,0,
guitar-part,,tuning,3,0.5,from_mention,randdir,0,33,2,257,0,0,0,
guitar-part,,tuning,3,0.5,from_mention,randdir,1,49,2,257,0,0,0,
guitar-part,,tuning,3,0.5,from_mention,randdir,2,53,2,257,0,0,0,
guitar-part,,tuning,3,0.5,from_mention,randnorm,0,39,2,257,0,0,0,
guitar-part,,tuning,3,0.5,from_mention,randnorm,1,46,2,257,0,0,0,
guitar-part,,tuning,3,0.5,from_mention,randnorm,2,44,2,257,0,0,0,
guitar-part,,tuning,3,0.5,answer_only,lens,-1,48,2,257,0,0,0,
guitar-part,,tuning,3,0.5,answer_only,randdir,0,48,2,257,0,0,0,
guitar-part,,tuning,3,0.5,answer_only,randdir,1,49,2,257,0,0,0,
guitar-part,,tuning,3,0.5,answer_only,randdir,2,48,2,257,0,0,0,
guitar-part,,tuning,3,0.5,answer_only,randnorm,0,49,2,257,0,0,0,
guitar-part,,tuning,3,0.5,answer_only,randnorm,1,49,2,257,0,0,0,
guitar-part,,tuning,3,0.5,answer_only,randnorm,2,48,2,257,0,0,0,
guitar-part,,tuning,3,1.0,all_no_bos,lens,-1,49,2,257,0,0,0,
guitar-part,,tuning,3,1.0,all_no_bos,randdir,0,24,2,257,0,0,0,
guitar-part,,tuning,3,1.0,all_no_bos,randdir,1,51,2,257,0,0,0,
guitar-part,,tuning,3,1.0,all_no_bos,randdir,2,55,2,257,0,0,0,
guitar-part,,tuning,3,1.0,all_no_bos,randnorm,0,27,2,257,0,0,0,
guitar-part,,tuning,3,1.0,all_no_bos,randnorm,1,36,2,257,0,0,0,
guitar-part,,tuning,3,1.0,all_no_bos,randnorm,2,38,2,257,0,0,0,
guitar-part,,tuning,3,1.0,from_mention,lens,-1,49,2,257,0,0,0,
guitar-part,,tuning,3,1.0,from_mention,randdir,0,24,2,257,0,0,0,
guitar-part,,tuning,3,1.0,from_mention,randdir,1,51,2,257,0,0,0,
guitar-part,,tuning,3,1.0,from_mention,randdir,2,55,2,257,0,0,0,
guitar-part,,tuning,3,1.0,from_mention,randnorm,0,27,2,257,0,0,0,
guitar-part,,tuning,3,1.0,from_mention,randnorm,1,36,2,257,0,0,0,
guitar-part,,tuning,3,1.0,from_mention,randnorm,2,38,2,257,0,0,0,
guitar-part,,tuning,3,1.0,answer_only,lens,-1,48,2,257,0,0,0,
guitar-part,,tuning,3,1.0,answer_only,randdir,0,47,2,257,0,0,0,
guitar-part,,tuning,3,1.0,answer_only,randdir,1,49,2,257,0,0,0,
guitar-part,,tuning,3,1.0,answer_only,randdir,2,46,2,257,0,0,0,
guitar-part,,tuning,3,1.0,answer_only,randnorm,0,49,2,257,0,0,0,
guitar-part,,tuning,3,1.0,answer_only,randnorm,1,49,2,257,0,0,0,
guitar-part,,tuning,3,1.0,answer_only,randnorm,2,48,2,257,0,0,0,
guitar-part,,tuning,3,2.0,all_no_bos,lens,-1,45,4,257,0,0,0,
guitar-part,,tuning,3,2.0,all_no_bos,randdir,0,13,1,13042,0,0,0,
guitar-part,,tuning,3,2.0,all_no_bos,randdir,1,55,2,257,0,0,0,
guitar-part,,tuning,3,2.0,all_no_bos,randdir,2,73,2,257,0,0,0,
guitar-part,,tuning,3,2.0,all_no_bos,randnorm,0,12,2,257,0,0,0,
guitar-part,,tuning,3,2.0,all_no_bos,randnorm,1,24,2,257,0,0,0,
guitar-part,,tuning,3,2.0,all_no_bos,randnorm,2,22,3,257,0,0,0,
guitar-part,,tuning,3,2.0,from_mention,lens,-1,45,4,257,0,0,0,
guitar-part,,tuning,3,2.0,from_mention,randdir,0,13,1,13042,0,0,0,
guitar-part,,tuning,3,2.0,from_mention,randdir,1,55,2,257,0,0,0,
guitar-part,,tuning,3,2.0,from_mention,randdir,2,73,2,257,0,0,0,
guitar-part,,tuning,3,2.0,from_mention,randnorm,0,12,2,257,0,0,0,
guitar-part,,tuning,3,2.0,from_mention,randnorm,1,24,2,257,0,0,0,
guitar-part,,tuning,3,2.0,from_mention,randnorm,2,22,3,257,0,0,0,
guitar-part,,tuning,3,2.0,answer_only,lens,-1,48,2,257,0,0,0,
guitar-part,,tuning,3,2.0,answer_only,randdir,0,44,2,257,0,0,0,
guitar-part,,tuning,3,2.0,answer_only,randdir,1,50,2,257,0,0,0,
guitar-part,,tuning,3,2.0,answer_only,randdir,2,41,2,257,0,0,0,
guitar-part,,tuning,3,2.0,answer_only,randnorm,0,49,2,257,0,0,0,
guitar-part,,tuning,3,2.0,answer_only,randnorm,1,49,2,257,0,0,0,
guitar-part,,tuning,3,2.0,answer_only,randnorm,2,48,2,257,0,0,0,
guitar-part,,tuning,4,0.5,all_no_bos,lens,-1,44,2,257,0,0,0,
guitar-part,,tuning,4,0.5,all_no_bos,randdir,0,51,2,257,0,0,0,
guitar-part,,tuning,4,0.5,all_no_bos,randdir,1,48,2,257,0,0,0,
guitar-part,,tuning,4,0.5,all_no_bos,randdir,2,44,2,257,0,0,0,
guitar-part,,tuning,4,0.5,all_no_bos,randnorm,0,55,2,257,0,0,0,
guitar-part,,tuning,4,0.5,all_no_bos,randnorm,1,42,2,257,0,0,0,
guitar-part,,tuning,4,0.5,all_no_bos,randnorm,2,55,2,257,0,0,0,
guitar-part,,tuning,4,0.5,from_mention,lens,-1,44,2,257,0,0,0,
guitar-part,,tuning,4,0.5,from_mention,randdir,0,51,2,257,0,0,0,
guitar-part,,tuning,4,0.5,from_mention,randdir,1,48,2,257,0,0,0,
guitar-part,,tuning,4,0.5,from_mention,randdir,2,44,2,257,0,0,0,
guitar-part,,tuning,4,0.5,from_mention,randnorm,0,55,2,257,0,0,0,
guitar-part,,tuning,4,0.5,from_mention,randnorm,1,42,2,257,0,0,0,
guitar-part,,tuning,4,0.5,from_mention,randnorm,2,55,2,257,0,0,0,
guitar-part,,tuning,4,0.5,answer_only,lens,-1,48,2,257,0,0,0,
guitar-part,,tuning,4,0.5,answer_only,randdir,0,48,2,257,0,0,0,
guitar-part,,tuning,4,0.5,answer_only,randdir,1,49,2,257,0,0,0,
guitar-part,,tuning,4,0.5,answer_only,randdir,2,46,2,257,0,0,0,
guitar-part,,tuning,4,0.5,answer_only,randnorm,0,48,2,257,0,0,0,
guitar-part,,tuning,4,0.5,answer_only,randnorm,1,49,2,257,0,0,0,
guitar-part,,tuning,4,0.5,answer_only,randnorm,2,49,2,257,0,0,0,
guitar-part,,tuning,4,1.0,all_no_bos,lens,-1,37,4,257,0,0,0,
guitar-part,,tuning,4,1.0,all_no_bos,randdir,0,51,2,257,0,0,0,
guitar-part,,tuning,4,1.0,all_no_bos,randdir,1,47,2,257,0,0,0,
guitar-part,,tuning,4,1.0,all_no_bos,randdir,2,40,2,257,0,0,0,
guitar-part,,tuning,4,1.0,all_no_bos,randnorm,0,58,2,257,0,0,0,
guitar-part,,tuning,4,1.0,all_no_bos,randnorm,1,34,2,257,0,0,0,
guitar-part,,tuning,4,1.0,all_no_bos,randnorm,2,57,3,257,0,0,0,
guitar-part,,tuning,4,1.0,from_mention,lens,-1,37,4,257,0,0,0,
guitar-part,,tuning,4,1.0,from_mention,randdir,0,51,2,257,0,0,0,
guitar-part,,tuning,4,1.0,from_mention,randdir,1,47,2,257,0,0,0,
guitar-part,,tuning,4,1.0,from_mention,randdir,2,40,2,257,0,0,0,
guitar-part,,tuning,4,1.0,from_mention,randnorm,0,58,2,257,0,0,0,
guitar-part,,tuning,4,1.0,from_mention,randnorm,1,34,2,257,0,0,0,
guitar-part,,tuning,4,1.0,from_mention,randnorm,2,57,3,257,0,0,0,
guitar-part,,tuning,4,1.0,answer_only,lens,-1,48,2,257,0,0,0,
guitar-part,,tuning,4,1.0,answer_only,randdir,0,48,2,257,0,0,0,
guitar-part,,tuning,4,1.0,answer_only,randdir,1,49,2,257,0,0,0,
guitar-part,,tuning,4,1.0,answer_only,randdir,2,45,2,257,0,0,0,
guitar-part,,tuning,4,1.0,answer_only,randnorm,0,48,2,257,0,0,0,
guitar-part,,tuning,4,1.0,answer_only,randnorm,1,49,2,257,0,0,0,
guitar-part,,tuning,4,1.0,answer_only,randnorm,2,49,2,257,0,0,0,
guitar-part,,tuning,4,2.0,all_no_bos,lens,-1,30,4,257,0,0,0,
guitar-part,,tuning,4,2.0,all_no_bos,randdir,0,50,2,257,0,0,0,
guitar-part,,tuning,4,2.0,all_no_bos,randdir,1,48,2,257,0,0,0,
guitar-part,,tuning,4,2.0,all_no_bos,randdir,2,28,1,13042,0,0,0,
guitar-part,,tuning,4,2.0,all_no_bos,randnorm,0,47,2,257,0,0,0,
guitar-part,,tuning,4,2.0,all_no_bos,randnorm,1,26,3,257,0,0,0,
guitar-part,,tuning,4,2.0,all_no_bos,randnorm,2,43,2,257,0,0,0,
guitar-part,,tuning,4,2.0,from_mention,lens,-1,30,4,257,0,0,0,
guitar-part,,tuning,4,2.0,from_mention,randdir,0,50,2,257,0,0,0,
guitar-part,,tuning,4,2.0,from_mention,randdir,1,48,2,257,0,0,0,
guitar-part,,tuning,4,2.0,from_mention,randdir,2,28,1,13042,0,0,0,
guitar-part,,tuning,4,2.0,from_mention,randnorm,0,47,2,257,0,0,0,
guitar-part,,tuning,4,2.0,from_mention,randnorm,1,26,3,257,0,0,0,
guitar-part,,tuning,4,2.0,from_mention,randnorm,2,43,2,257,0,0,0,
guitar-part,,tuning,4,2.0,answer_only,lens,-1,48,2,257,0,0,0,
guitar-part,,tuning,4,2.0,answer_only,randdir,0,42,2,257,0,0,0,
guitar-part,,tuning,4,2.0,answer_only,randdir,1,48,2,257,0,0,0,
guitar-part,,tuning,4,2.0,answer_only,randdir,2,42,2,257,0,0,0,
guitar-part,,tuning,4,2.0,answer_only,randnorm,0,47,2,257,0,0,0,
guitar-part,,tuning,4,2.0,answer_only,randnorm,1,48,2,257,0,0,0,
guitar-part,,tuning,4,2.0,answer_only,randnorm,2,48,2,257,0,0,0,
guitar-part,,tuning,5,0.5,all_no_bos,lens,-1,52,2,257,0,0,0,
guitar-part,,tuning,5,0.5,all_no_bos,randdir,0,51,2,257,0,0,0,
guitar-part,,tuning,5,0.5,all_no_bos,randdir,1,50,2,257,0,0,0,
guitar-part,,tuning,5,0.5,all_no_bos,randdir,2,47,2,257,0,0,0,
guitar-part,,tuning,5,0.5,all_no_bos,randnorm,0,51,2,257,0,0,0,
guitar-part,,tuning,5,0.5,all_no_bos,randnorm,1,44,2,257,0,0,0,
guitar-part,,tuning,5,0.5,all_no_bos,randnorm,2,39,2,257,0,0,0,
guitar-part,,tuning,5,0.5,from_mention,lens,-1,52,2,257,0,0,0,
guitar-part,,tuning,5,0.5,from_mention,randdir,0,51,2,257,0,0,0,
guitar-part,,tuning,5,0.5,from_mention,randdir,1,50,2,257,0,0,0,
guitar-part,,tuning,5,0.5,from_mention,randdir,2,47,2,257,0,0,0,
guitar-part,,tuning,5,0.5,from_mention,randnorm,0,51,2,257,0,0,0,
guitar-part,,tuning,5,0.5,from_mention,randnorm,1,44,2,257,0,0,0,
guitar-part,,tuning,5,0.5,from_mention,randnorm,2,39,2,257,0,0,0,
guitar-part,,tuning,5,0.5,answer_only,lens,-1,48,2,257,0,0,0,
guitar-part,,tuning,5,0.5,answer_only,randdir,0,47,2,257,0,0,0,
guitar-part,,tuning,5,0.5,answer_only,randdir,1,49,2,257,0,0,0,
guitar-part,,tuning,5,0.5,answer_only,randdir,2,48,2,257,0,0,0,
guitar-part,,tuning,5,0.5,answer_only,randnorm,0,48,2,257,0,0,0,
guitar-part,,tuning,5,0.5,answer_only,randnorm,1,49,2,257,0,0,0,
guitar-part,,tuning,5,0.5,answer_only,randnorm,2,48,2,257,0,0,0,
guitar-part,,tuning,5,1.0,all_no_bos,lens,-1,55,4,257,0,0,0,
guitar-part,,tuning,5,1.0,all_no_bos,randdir,0,54,2,257,0,0,0,
guitar-part,,tuning,5,1.0,all_no_bos,randdir,1,51,2,257,0,0,0,
guitar-part,,tuning,5,1.0,all_no_bos,randdir,2,46,3,257,0,0,0,
guitar-part,,tuning,5,1.0,all_no_bos,randnorm,0,54,2,257,0,0,0,
guitar-part,,tuning,5,1.0,all_no_bos,randnorm,1,42,2,257,0,0,0,
guitar-part,,tuning,5,1.0,all_no_bos,randnorm,2,35,4,257,0,0,0,
guitar-part,,tuning,5,1.0,from_mention,lens,-1,55,4,257,0,0,0,
guitar-part,,tuning,5,1.0,from_mention,randdir,0,54,2,257,0,0,0,
guitar-part,,tuning,5,1.0,from_mention,randdir,1,51,2,257,0,0,0,
guitar-part,,tuning,5,1.0,from_mention,randdir,2,46,3,257,0,0,0,
guitar-part,,tuning,5,1.0,from_mention,randnorm,0,54,2,257,0,0,0,
guitar-part,,tuning,5,1.0,from_mention,randnorm,1,42,2,257,0,0,0,
guitar-part,,tuning,5,1.0,from_mention,randnorm,2,35,4,257,0,0,0,
guitar-part,,tuning,5,1.0,answer_only,lens,-1,48,2,257,0,0,0,
guitar-part,,tuning,5,1.0,answer_only,randdir,0,45,2,257,0,0,0,
guitar-part,,tuning,5,1.0,answer_only,randdir,1,49,2,257,0,0,0,
guitar-part,,tuning,5,1.0,answer_only,randdir,2,49,2,257,0,0,0,
guitar-part,,tuning,5,1.0,answer_only,randnorm,0,48,2,257,0,0,0,
guitar-part,,tuning,5,1.0,answer_only,randnorm,1,49,2,257,0,0,0,
guitar-part,,tuning,5,1.0,answer_only,randnorm,2,48,2,257,0,0,0,
guitar-part,,tuning,5,2.0,all_no_bos,lens,-1,59,4,257,0,0,0,
guitar-part,,tuning,5,2.0,all_no_bos,randdir,0,60,2,257,0,0,0,
guitar-part,,tuning,5,2.0,all_no_bos,randdir,1,53,2,257,0,0,0,
guitar-part,,tuning,5,2.0,all_no_bos,randdir,2,49,3,257,0,0,0,
guitar-part,,tuning,5,2.0,all_no_bos,randnorm,0,54,3,257,0,0,0,
guitar-part,,tuning,5,2.0,all_no_bos,randnorm,1,34,2,257,0,0,0,
guitar-part,,tuning,5,2.0,all_no_bos,randnorm,2,27,4,257,0,0,0,
guitar-part,,tuning,5,2.0,from_mention,lens,-1,59,4,257,0,0,0,
guitar-part,,tuning,5,2.0,from_mention,randdir,0,60,2,257,0,0,0,
guitar-part,,tuning,5,2.0,from_mention,randdir,1,53,2,257,0,0,0,
guitar-part,,tuning,5,2.0,from_mention,randdir,2,49,3,257,0,0,0,
guitar-part,,tuning,5,2.0,from_mention,randnorm,0,54,3,257,0,0,0,
guitar-part,,tuning,5,2.0,from_mention,randnorm,1,34,2,257,0,0,0,
guitar-part,,tuning,5,2.0,from_mention,randnorm,2,27,4,257,0,0,0,
guitar-part,,tuning,5,2.0,answer_only,lens,-1,48,2,257,0,0,0,
guitar-part,,tuning,5,2.0,answer_only,randdir,0,45,2,257,0,0,0,
guitar-part,,tuning,5,2.0,answer_only,randdir,1,50,2,257,0,0,0,
guitar-part,,tuning,5,2.0,answer_only,randdir,2,54,3,257,0,0,0,
guitar-part,,tuning,5,2.0,answer_only,randnorm,0,48,2,257,0,0,0,
guitar-part,,tuning,5,2.0,answer_only,randnorm,1,49,2,257,0,0,0,
guitar-part,,tuning,5,2.0,answer_only,randnorm,2,48,2,257,0,0,0,
guitar-part,,tuning,6,0.5,all_no_bos,lens,-1,50,2,257,0,0,0,
guitar-part,,tuning,6,0.5,all_no_bos,randdir,0,37,2,257,0,0,0,
guitar-part,,tuning,6,0.5,all_no_bos,randdir,1,46,2,257,0,0,0,
guitar-part,,tuning,6,0.5,all_no_bos,randdir,2,50,2,257,0,0,0,
guitar-part,,tuning,6,0.5,all_no_bos,randnorm,0,35,2,257,0,0,0,
guitar-part,,tuning,6,0.5,all_no_bos,randnorm,1,44,2,257,0,0,0,
guitar-part,,tuning,6,0.5,all_no_bos,randnorm,2,46,2,257,0,0,0,
guitar-part,,tuning,6,0.5,from_mention,lens,-1,50,2,257,0,0,0,
guitar-part,,tuning,6,0.5,from_mention,randdir,0,37,2,257,0,0,0,
guitar-part,,tuning,6,0.5,from_mention,randdir,1,46,2,257,0,0,0,
guitar-part,,tuning,6,0.5,from_mention,randdir,2,50,2,257,0,0,0,
guitar-part,,tuning,6,0.5,from_mention,randnorm,0,35,2,257,0,0,0,
guitar-part,,tuning,6,0.5,from_mention,randnorm,1,44,2,257,0,0,0,
guitar-part,,tuning,6,0.5,from_mention,randnorm,2,46,2,257,0,0,0,
guitar-part,,tuning,6,0.5,answer_only,lens,-1,48,2,257,0,0,0,
guitar-part,,tuning,6,0.5,answer_only,randdir,0,47,2,257,0,0,0,
guitar-part,,tuning,6,0.5,answer_only,randdir,1,49,2,257,0,0,0,
guitar-part,,tuning,6,0.5,answer_only,randdir,2,48,2,257,0,0,0,
guitar-part,,tuning,6,0.5,answer_only,randnorm,0,48,2,257,0,0,0,
guitar-part,,tuning,6,0.5,answer_only,randnorm,1,49,2,257,0,0,0,
guitar-part,,tuning,6,0.5,answer_only,randnorm,2,48,2,257,0,0,0,
guitar-part,,tuning,6,1.0,all_no_bos,lens,-1,50,2,257,0,0,0,
guitar-part,,tuning,6,1.0,all_no_bos,randdir,0,25,2,257,0,0,0,
guitar-part,,tuning,6,1.0,all_no_bos,randdir,1,48,2,257,0,0,0,
guitar-part,,tuning,6,1.0,all_no_bos,randdir,2,53,2,257,0,0,0,
guitar-part,,tuning,6,1.0,all_no_bos,randnorm,0,25,2,257,0,0,0,
guitar-part,,tuning,6,1.0,all_no_bos,randnorm,1,39,2,257,0,0,0,
guitar-part,,tuning,6,1.0,all_no_bos,randnorm,2,40,2,257,0,0,0,
guitar-part,,tuning,6,1.0,from_mention,lens,-1,50,2,257,0,0,0,
guitar-part,,tuning,6,1.0,from_mention,randdir,0,25,2,257,0,0,0,
guitar-part,,tuning,6,1.0,from_mention,randdir,1,48,2,257,0,0,0,
guitar-part,,tuning,6,1.0,from_mention,randdir,2,53,2,257,0,0,0,
guitar-part,,tuning,6,1.0,from_mention,randnorm,0,25,2,257,0,0,0,
guitar-part,,tuning,6,1.0,from_mention,randnorm,1,39,2,257,0,0,0,
guitar-part,,tuning,6,1.0,from_mention,randnorm,2,40,2,257,0,0,0,
guitar-part,,tuning,6,1.0,answer_only,lens,-1,48,2,257,0,0,0,
guitar-part,,tuning,6,1.0,answer_only,randdir,0,47,2,257,0,0,0,
guitar-part,,tuning,6,1.0,answer_only,randdir,1,53,2,257,0,0,0,
guitar-part,,tuning,6,1.0,answer_only,randdir,2,50,2,257,0,0,0,
guitar-part,,tuning,6,1.0,answer_only,randnorm,0,47,2,257,0,0,0,
guitar-part,,tuning,6,1.0,answer_only,randnorm,1,49,2,257,0,0,0,
guitar-part,,tuning,6,1.0,answer_only,randnorm,2,48,2,257,0,0,0,
guitar-part,,tuning,6,2.0,all_no_bos,lens,-1,49,4,257,0,0,0,
guitar-part,,tuning,6,2.0,all_no_bos,randdir,0,20,2,257,0,0,0,
guitar-part,,tuning,6,2.0,all_no_bos,randdir,1,57,2,257,0,0,0,
guitar-part,,tuning,6,2.0,all_no_bos,randdir,2,58,4,257,0,0,0,
guitar-part,,tuning,6,2.0,all_no_bos,randnorm,0,16,4,257,0,0,0,
guitar-part,,tuning,6,2.0,all_no_bos,randnorm,1,29,2,257,0,0,0,
guitar-part,,tuning,6,2.0,all_no_bos,randnorm,2,23,2,257,0,0,0,
guitar-part,,tuning,6,2.0,from_mention,lens,-1,49,4,257,0,0,0,
guitar-part,,tuning,6,2.0,from_mention,randdir,0,20,2,257,0,0,0,
guitar-part,,tuning,6,2.0,from_mention,randdir,1,57,2,257,0,0,0,
guitar-part,,tuning,6,2.0,from_mention,randdir,2,58,4,257,0,0,0,
guitar-part,,tuning,6,2.0,from_mention,randnorm,0,16,4,257,0,0,0,
guitar-part,,tuning,6,2.0,from_mention,randnorm,1,29,2,257,0,0,0,
guitar-part,,tuning,6,2.0,from_mention,randnorm,2,23,2,257,0,0,0,
guitar-part,,tuning,6,2.0,answer_only,lens,-1,48,2,257,0,0,0,
guitar-part,,tuning,6,2.0,answer_only,randdir,0,46,2,257,0,0,0,
guitar-part,,tuning,6,2.0,answer_only,randdir,1,62,2,257,0,0,0,
guitar-part,,tuning,6,2.0,answer_only,randdir,2,51,4,257,0,0,0,
guitar-part,,tuning,6,2.0,answer_only,randnorm,0,47,2,257,0,0,0,
guitar-part,,tuning,6,2.0,answer_only,randnorm,1,49,2,257,0,0,0,
guitar-part,,tuning,6,2.0,answer_only,randnorm,2,48,2,257,0,0,0,
guitar-part,,tuning,7,0.5,all_no_bos,lens,-1,50,2,257,0,0,0,
guitar-part,,tuning,7,0.5,all_no_bos,randdir,0,52,2,257,0,0,0,
guitar-part,,tuning,7,0.5,all_no_bos,randdir,1,40,2,257,0,0,0,
guitar-part,,tuning,7,0.5,all_no_bos,randdir,2,48,2,257,0,0,0,
guitar-part,,tuning,7,0.5,all_no_bos,randnorm,0,51,2,257,0,0,0,
guitar-part,,tuning,7,0.5,all_no_bos,randnorm,1,41,2,257,0,0,0,
guitar-part,,tuning,7,0.5,all_no_bos,randnorm,2,48,2,257,0,0,0,
guitar-part,,tuning,7,0.5,from_mention,lens,-1,50,2,257,0,0,0,
guitar-part,,tuning,7,0.5,from_mention,randdir,0,52,2,257,0,0,0,
guitar-part,,tuning,7,0.5,from_mention,randdir,1,40,2,257,0,0,0,
guitar-part,,tuning,7,0.5,from_mention,randdir,2,48,2,257,0,0,0,
guitar-part,,tuning,7,0.5,from_mention,randnorm,0,51,2,257,0,0,0,
guitar-part,,tuning,7,0.5,from_mention,randnorm,1,41,2,257,0,0,0,
guitar-part,,tuning,7,0.5,from_mention,randnorm,2,48,2,257,0,0,0,
guitar-part,,tuning,7,0.5,answer_only,lens,-1,50,2,257,0,0,0,
guitar-part,,tuning,7,0.5,answer_only,randdir,0,47,2,257,0,0,0,
guitar-part,,tuning,7,0.5,answer_only,randdir,1,49,2,257,0,0,0,
guitar-part,,tuning,7,0.5,answer_only,randdir,2,49,2,257,0,0,0,
guitar-part,,tuning,7,0.5,answer_only,randnorm,0,49,2,257,0,0,0,
guitar-part,,tuning,7,0.5,answer_only,randnorm,1,49,2,257,0,0,0,
guitar-part,,tuning,7,0.5,answer_only,randnorm,2,49,2,257,0,0,0,
guitar-part,,tuning,7,1.0,all_no_bos,lens,-1,50,4,257,0,0,0,
guitar-part,,tuning,7,1.0,all_no_bos,randdir,0,56,2,257,0,0,0,
guitar-part,,tuning,7,1.0,all_no_bos,randdir,1,33,2,257,0,0,0,
guitar-part,,tuning,7,1.0,all_no_bos,randdir,2,48,2,257,0,0,0,
guitar-part,,tuning,7,1.0,all_no_bos,randnorm,0,50,2,257,0,0,0,
guitar-part,,tuning,7,1.0,all_no_bos,randnorm,1,33,2,257,0,0,0,
guitar-part,,tuning,7,1.0,all_no_bos,randnorm,2,47,2,257,0,0,0,
guitar-part,,tuning,7,1.0,from_mention,lens,-1,50,4,257,0,0,0,
guitar-part,,tuning,7,1.0,from_mention,randdir,0,56,2,257,0,0,0,
guitar-part,,tuning,7,1.0,from_mention,randdir,1,33,2,257,0,0,0,
guitar-part,,tuning,7,1.0,from_mention,randdir,2,48,2,257,0,0,0,
guitar-part,,tuning,7,1.0,from_mention,randnorm,0,50,2,257,0,0,0,
guitar-part,,tuning,7,1.0,from_mention,randnorm,1,33,2,257,0,0,0,
guitar-part,,tuning,7,1.0,from_mention,randnorm,2,47,2,257,0,0,0,
guitar-part,,tuning,7,1.0,answer_only,lens,-1,49,2,257,0,0,0,
guitar-part,,tuning,7,1.0,answer_only,randdir,0,47,2,257,0,0,0,
guitar-part,,tuning,7,1.0,answer_only,randdir,1,46,2,257,0,0,0,
guitar-part,,tuning,7,1.0,answer_only,randdir,2,49,2,257,0,0,0,
guitar-part,,tuning,7,1.0,answer_only,randnorm,0,47,2,257,0,0,0,
guitar-part,,tuning,7,1.0,answer_only,randnorm,1,50,2,257,0,0,0,
guitar-part,,tuning,7,1.0,answer_only,randnorm,2,50,2,257,0,0,0,
guitar-part,,tuning,7,2.0,all_no_bos,lens,-1,46,5,257,0,0,0,
guitar-part,,tuning,7,2.0,all_no_bos,randdir,0,60,2,257,0,0,0,
guitar-part,,tuning,7,2.0,all_no_bos,randdir,1,24,3,257,0,0,0,
guitar-part,,tuning,7,2.0,all_no_bos,randdir,2,47,2,257,0,0,0,
guitar-part,,tuning,7,2.0,all_no_bos,randnorm,0,40,2,257,0,0,0,
guitar-part,,tuning,7,2.0,all_no_bos,randnorm,1,22,4,257,0,0,0,
guitar-part,,tuning,7,2.0,all_no_bos,randnorm,2,44,2,257,0,0,0,
guitar-part,,tuning,7,2.0,from_mention,lens,-1,46,5,257,0,0,0,
guitar-part,,tuning,7,2.0,from_mention,randdir,0,60,2,257,0,0,0,
guitar-part,,tuning,7,2.0,from_mention,randdir,1,24,3,257,0,0,0,
guitar-part,,tuning,7,2.0,from_mention,randdir,2,47,2,257,0,0,0,
guitar-part,,tuning,7,2.0,from_mention,randnorm,0,40,2,257,0,0,0,
guitar-part,,tuning,7,2.0,from_mention,randnorm,1,22,4,257,0,0,0,
guitar-part,,tuning,7,2.0,from_mention,randnorm,2,44,2,257,0,0,0,
guitar-part,,tuning,7,2.0,answer_only,lens,-1,45,2,257,0,0,0,
guitar-part,,tuning,7,2.0,answer_only,randdir,0,45,2,257,0,0,0,
guitar-part,,tuning,7,2.0,answer_only,randdir,1,43,2,257,0,0,0,
guitar-part,,tuning,7,2.0,answer_only,randdir,2,49,2,257,0,0,0,
guitar-part,,tuning,7,2.0,answer_only,randnorm,0,47,2,257,0,0,0,
guitar-part,,tuning,7,2.0,answer_only,randnorm,1,46,2,257,0,0,0,
guitar-part,,tuning,7,2.0,answer_only,randnorm,2,51,2,257,0,0,0,
guitar-part,,tuning,8,0.5,all_no_bos,lens,-1,48,2,257,0,0,0,
guitar-part,,tuning,8,0.5,all_no_bos,randdir,0,48,2,257,0,0,0,
guitar-part,,tuning,8,0.5,all_no_bos,randdir,1,49,2,257,0,0,0,
guitar-part,,tuning,8,0.5,all_no_bos,randdir,2,48,2,257,0,0,0,
guitar-part,,tuning,8,0.5,all_no_bos,randnorm,0,47,2,257,0,0,0,
guitar-part,,tuning,8,0.5,all_no_bos,randnorm,1,40,3,257,0,0,0,
guitar-part,,tuning,8,0.5,all_no_bos,randnorm,2,51,2,257,0,0,0,
guitar-part,,tuning,8,0.5,from_mention,lens,-1,48,2,257,0,0,0,
guitar-part,,tuning,8,0.5,from_mention,randdir,0,48,2,257,0,0,0,
guitar-part,,tuning,8,0.5,from_mention,randdir,1,49,2,257,0,0,0,
guitar-part,,tuning,8,0.5,from_mention,randdir,2,48,2,257,0,0,0,
guitar-part,,tuning,8,0.5,from_mention,randnorm,0,47,2,257,0,0,0,
guitar-part,,tuning,8,0.5,from_mention,randnorm,1,40,3,257,0,0,0,
guitar-part,,tuning,8,0.5,from_mention,randnorm,2,51,2,257,0,0,0,
guitar-part,,tuning,8,0.5,answer_only,lens,-1,49,2,257,0,0,0,
guitar-part,,tuning,8,0.5,answer_only,randdir,0,49,2,257,0,0,0,
guitar-part,,tuning,8,0.5,answer_only,randdir,1,49,2,257,0,0,0,
guitar-part,,tuning,8,0.5,answer_only,randdir,2,48,2,257,0,0,0,
guitar-part,,tuning,8,0.5,answer_only,randnorm,0,49,2,257,0,0,0,
guitar-part,,tuning,8,0.5,answer_only,randnorm,1,49,2,257,0,0,0,
guitar-part,,tuning,8,0.5,answer_only,randnorm,2,48,2,257,0,0,0,
guitar-part,,tuning,8,1.0,all_no_bos,lens,-1,48,3,257,0,0,0,
guitar-part,,tuning,8,1.0,all_no_bos,randdir,0,48,2,257,0,0,0,
guitar-part,,tuning,8,1.0,all_no_bos,randdir,1,49,4,257,0,0,0,
guitar-part,,tuning,8,1.0,all_no_bos,randdir,2,47,2,257,0,0,0,
guitar-part,,tuning,8,1.0,all_no_bos,randnorm,0,44,2,257,0,0,0,
guitar-part,,tuning,8,1.0,all_no_bos,randnorm,1,33,4,257,0,0,0,
guitar-part,,tuning,8,1.0,all_no_bos,randnorm,2,51,2,257,0,0,0,
guitar-part,,tuning,8,1.0,from_mention,lens,-1,48,3,257,0,0,0,
guitar-part,,tuning,8,1.0,from_mention,randdir,0,48,2,257,0,0,0,
guitar-part,,tuning,8,1.0,from_mention,randdir,1,49,4,257,0,0,0,
guitar-part,,tuning,8,1.0,from_mention,randdir,2,47,2,257,0,0,0,
guitar-part,,tuning,8,1.0,from_mention,randnorm,0,44,2,257,0,0,0,
guitar-part,,tuning,8,1.0,from_mention,randnorm,1,33,4,257,0,0,0,
guitar-part,,tuning,8,1.0,from_mention,randnorm,2,51,2,257,0,0,0,
guitar-part,,tuning,8,1.0,answer_only,lens,-1,47,2,257,0,0,0,
guitar-part,,tuning,8,1.0,answer_only,randdir,0,50,2,257,0,0,0,
guitar-part,,tuning,8,1.0,answer_only,randdir,1,49,2,257,0,0,0,
guitar-part,,tuning,8,1.0,answer_only,randdir,2,48,2,257,0,0,0,
guitar-part,,tuning,8,1.0,answer_only,randnorm,0,50,2,257,0,0,0,
guitar-part,,tuning,8,1.0,answer_only,randnorm,1,49,2,257,0,0,0,
guitar-part,,tuning,8,1.0,answer_only,randnorm,2,48,2,257,0,0,0,
guitar-part,,tuning,8,2.0,all_no_bos,lens,-1,47,4,257,0,0,0,
guitar-part,,tuning,8,2.0,all_no_bos,randdir,0,47,3,257,0,0,0,
guitar-part,,tuning,8,2.0,all_no_bos,randdir,1,52,4,257,0,0,0,
guitar-part,,tuning,8,2.0,all_no_bos,randdir,2,51,3,257,0,0,0,
guitar-part,,tuning,8,2.0,all_no_bos,randnorm,0,44,4,257,0,0,0,
guitar-part,,tuning,8,2.0,all_no_bos,randnorm,1,26,4,257,0,0,0,
guitar-part,,tuning,8,2.0,all_no_bos,randnorm,2,54,2,257,0,0,0,
guitar-part,,tuning,8,2.0,from_mention,lens,-1,47,4,257,0,0,0,
guitar-part,,tuning,8,2.0,from_mention,randdir,0,47,3,257,0,0,0,
guitar-part,,tuning,8,2.0,from_mention,randdir,1,52,4,257,0,0,0,
guitar-part,,tuning,8,2.0,from_mention,randdir,2,51,3,257,0,0,0,
guitar-part,,tuning,8,2.0,from_mention,randnorm,0,44,4,257,0,0,0,
guitar-part,,tuning,8,2.0,from_mention,randnorm,1,26,4,257,0,0,0,
guitar-part,,tuning,8,2.0,from_mention,randnorm,2,54,2,257,0,0,0,
guitar-part,,tuning,8,2.0,answer_only,lens,-1,45,2,257,0,0,0,
guitar-part,,tuning,8,2.0,answer_only,randdir,0,52,2,257,0,0,0,
guitar-part,,tuning,8,2.0,answer_only,randdir,1,49,2,257,0,0,0,
guitar-part,,tuning,8,2.0,answer_only,randdir,2,50,2,257,0,0,0,
guitar-part,,tuning,8,2.0,answer_only,randnorm,0,50,2,257,0,0,0,
guitar-part,,tuning,8,2.0,answer_only,randnorm,1,50,2,257,0,0,0,
guitar-part,,tuning,8,2.0,answer_only,randnorm,2,48,2,257,0,0,0,
guitar-part,,tuning,9,0.5,all_no_bos,lens,-1,46,2,257,0,0,0,
guitar-part,,tuning,9,0.5,all_no_bos,randdir,0,48,2,257,0,0,0,
guitar-part,,tuning,9,0.5,all_no_bos,randdir,1,48,2,257,0,0,0,
guitar-part,,tuning,9,0.5,all_no_bos,randdir,2,47,2,257,0,0,0,
guitar-part,,tuning,9,0.5,all_no_bos,randnorm,0,48,2,257,0,0,0,
guitar-part,,tuning,9,0.5,all_no_bos,randnorm,1,46,2,257,0,0,0,
guitar-part,,tuning,9,0.5,all_no_bos,randnorm,2,46,2,257,0,0,0,
guitar-part,,tuning,9,0.5,from_mention,lens,-1,46,2,257,0,0,0,
guitar-part,,tuning,9,0.5,from_mention,randdir,0,48,2,257,0,0,0,
guitar-part,,tuning,9,0.5,from_mention,randdir,1,48,2,257,0,0,0,
guitar-part,,tuning,9,0.5,from_mention,randdir,2,47,2,257,0,0,0,
guitar-part,,tuning,9,0.5,from_mention,randnorm,0,48,2,257,0,0,0,
guitar-part,,tuning,9,0.5,from_mention,randnorm,1,46,2,257,0,0,0,
guitar-part,,tuning,9,0.5,from_mention,randnorm,2,46,2,257,0,0,0,
guitar-part,,tuning,9,0.5,answer_only,lens,-1,48,2,257,0,0,0,
guitar-part,,tuning,9,0.5,answer_only,randdir,0,49,2,257,0,0,0,
guitar-part,,tuning,9,0.5,answer_only,randdir,1,48,2,257,0,0,0,
guitar-part,,tuning,9,0.5,answer_only,randdir,2,50,2,257,0,0,0,
guitar-part,,tuning,9,0.5,answer_only,randnorm,0,49,2,257,0,0,0,
guitar-part,,tuning,9,0.5,answer_only,randnorm,1,47,2,257,0,0,0,
guitar-part,,tuning,9,0.5,answer_only,randnorm,2,49,2,257,0,0,0,
guitar-part,,tuning,9,1.0,all_no_bos,lens,-1,42,4,257,0,0,0,
guitar-part,,tuning,9,1.0,all_no_bos,randdir,0,47,2,257,0,0,0,
guitar-part,,tuning,9,1.0,all_no_bos,randdir,1,49,2,257,0,0,0,
guitar-part,,tuning,9,1.0,all_no_bos,randdir,2,48,2,257,0,0,0,
guitar-part,,tuning,9,1.0,all_no_bos,randnorm,0,48,2,257,0,0,0,
guitar-part,,tuning,9,1.0,all_no_bos,randnorm,1,45,2,257,0,0,0,
guitar-part,,tuning,9,1.0,all_no_bos,randnorm,2,41,4,257,0,0,0,
guitar-part,,tuning,9,1.0,from_mention,lens,-1,42,4,257,0,0,0,
guitar-part,,tuning,9,1.0,from_mention,randdir,0,47,2,257,0,0,0,
guitar-part,,tuning,9,1.0,from_mention,randdir,1,49,2,257,0,0,0,
guitar-part,,tuning,9,1.0,from_mention,randdir,2,48,2,257,0,0,0,
guitar-part,,tuning,9,1.0,from_mention,randnorm,0,48,2,257,0,0,0,
guitar-part,,tuning,9,1.0,from_mention,randnorm,1,45,2,257,0,0,0,
guitar-part,,tuning,9,1.0,from_mention,randnorm,2,41,4,257,0,0,0,
guitar-part,,tuning,9,1.0,answer_only,lens,-1,46,2,257,0,0,0,
guitar-part,,tuning,9,1.0,answer_only,randdir,0,49,2,257,0,0,0,
guitar-part,,tuning,9,1.0,answer_only,randdir,1,45,2,257,0,0,0,
guitar-part,,tuning,9,1.0,answer_only,randdir,2,52,2,257,0,0,0,
guitar-part,,tuning,9,1.0,answer_only,randnorm,0,49,2,257,0,0,0,
guitar-part,,tuning,9,1.0,answer_only,randnorm,1,45,2,257,0,0,0,
guitar-part,,tuning,9,1.0,answer_only,randnorm,2,50,2,257,0,0,0,
guitar-part,,tuning,9,2.0,all_no_bos,lens,-1,38,4,257,0,0,0,
guitar-part,,tuning,9,2.0,all_no_bos,randdir,0,46,3,257,0,0,0,
guitar-part,,tuning,9,2.0,all_no_bos,randdir,1,47,2,257,0,0,0,
guitar-part,,tuning,9,2.0,all_no_bos,randdir,2,48,4,257,0,0,0,
guitar-part,,tuning,9,2.0,all_no_bos,randnorm,0,42,4,257,0,0,0,
guitar-part,,tuning,9,2.0,all_no_bos,randnorm,1,41,2,257,0,0,0,
guitar-part,,tuning,9,2.0,all_no_bos,randnorm,2,35,4,257,0,0,0,
guitar-part,,tuning,9,2.0,from_mention,lens,-1,38,4,257,0,0,0,
guitar-part,,tuning,9,2.0,from_mention,randdir,0,46,3,257,0,0,0,
guitar-part,,tuning,9,2.0,from_mention,randdir,1,47,2,257,0,0,0,
guitar-part,,tuning,9,2.0,from_mention,randdir,2,48,4,257,0,0,0,
guitar-part,,tuning,9,2.0,from_mention,randnorm,0,42,4,257,0,0,0,
guitar-part,,tuning,9,2.0,from_mention,randnorm,1,41,2,257,0,0,0,
guitar-part,,tuning,9,2.0,from_mention,randnorm,2,35,4,257,0,0,0,
guitar-part,,tuning,9,2.0,answer_only,lens,-1,42,2,257,0,0,0,
guitar-part,,tuning,9,2.0,answer_only,randdir,0,51,2,257,0,0,0,
guitar-part,,tuning,9,2.0,answer_only,randdir,1,45,2,257,0,0,0,
guitar-part,,tuning,9,2.0,answer_only,randdir,2,54,2,257,0,0,0,
guitar-part,,tuning,9,2.0,answer_only,randnorm,0,53,2,257,0,0,0,
guitar-part,,tuning,9,2.0,answer_only,randnorm,1,44,2,257,0,0,0,
guitar-part,,tuning,9,2.0,answer_only,randnorm,2,52,2,257,0,0,0,
guitar-part,,tuning,10,0.5,all_no_bos,lens,-1,43,2,257,0,0,0,
guitar-part,,tuning,10,0.5,all_no_bos,randdir,0,49,2,257,0,0,0,
guitar-part,,tuning,10,0.5,all_no_bos,randdir,1,55,2,257,0,0,0,
guitar-part,,tuning,10,0.5,all_no_bos,randdir,2,48,2,257,0,0,0,
guitar-part,,tuning,10,0.5,all_no_bos,randnorm,0,48,2,257,0,0,0,
guitar-part,,tuning,10,0.5,all_no_bos,randnorm,1,49,2,257,0,0,0,
guitar-part,,tuning,10,0.5,all_no_bos,randnorm,2,48,2,257,0,0,0,
guitar-part,,tuning,10,0.5,from_mention,lens,-1,43,2,257,0,0,0,
guitar-part,,tuning,10,0.5,from_mention,randdir,0,49,2,257,0,0,0,
guitar-part,,tuning,10,0.5,from_mention,randdir,1,55,2,257,0,0,0,
guitar-part,,tuning,10,0.5,from_mention,randdir,2,48,2,257,0,0,0,
guitar-part,,tuning,10,0.5,from_mention,randnorm,0,48,2,257,0,0,0,
guitar-part,,tuning,10,0.5,from_mention,randnorm,1,49,2,257,0,0,0,
guitar-part,,tuning,10,0.5,from_mention,randnorm,2,48,2,257,0,0,0,
guitar-part,,tuning,10,0.5,answer_only,lens,-1,46,2,257,0,0,0,
guitar-part,,tuning,10,0.5,answer_only,randdir,0,47,2,257,0,0,0,
guitar-part,,tuning,10,0.5,answer_only,randdir,1,50,2,257,0,0,0,
guitar-part,,tuning,10,0.5,answer_only,randdir,2,48,2,257,0,0,0,
guitar-part,,tuning,10,0.5,answer_only,randnorm,0,48,2,257,0,0,0,
guitar-part,,tuning,10,0.5,answer_only,randnorm,1,48,2,257,0,0,0,
guitar-part,,tuning,10,0.5,answer_only,randnorm,2,48,2,257,0,0,0,
guitar-part,,tuning,10,1.0,all_no_bos,lens,-1,38,4,257,0,0,0,
guitar-part,,tuning,10,1.0,all_no_bos,randdir,0,49,2,257,0,0,0,
guitar-part,,tuning,10,1.0,all_no_bos,randdir,1,59,4,257,0,0,0,
guitar-part,,tuning,10,1.0,all_no_bos,randdir,2,48,2,257,0,0,0,
guitar-part,,tuning,10,1.0,all_no_bos,randnorm,0,48,2,257,0,0,0,
guitar-part,,tuning,10,1.0,all_no_bos,randnorm,1,51,2,257,0,0,0,
guitar-part,,tuning,10,1.0,all_no_bos,randnorm,2,48,2,257,0,0,0,
guitar-part,,tuning,10,1.0,from_mention,lens,-1,38,4,257,0,0,0,
guitar-part,,tuning,10,1.0,from_mention,randdir,0,49,2,257,0,0,0,
guitar-part,,tuning,10,1.0,from_mention,randdir,1,59,4,257,0,0,0,
guitar-part,,tuning,10,1.0,from_mention,randdir,2,48,2,257,0,0,0,
guitar-part,,tuning,10,1.0,from_mention,randnorm,0,48,2,257,0,0,0,
guitar-part,,tuning,10,1.0,from_mention,randnorm,1,51,2,257,0,0,0,
guitar-part,,tuning,10,1.0,from_mention,randnorm,2,48,2,257,0,0,0,
guitar-part,,tuning,10,1.0,answer_only,lens,-1,43,2,257,0,0,0,
guitar-part,,tuning,10,1.0,answer_only,randdir,0,43,2,257,0,0,0,
guitar-part,,tuning,10,1.0,answer_only,randdir,1,49,2,257,0,0,0,
guitar-part,,tuning,10,1.0,answer_only,randdir,2,48,2,257,0,0,0,
guitar-part,,tuning,10,1.0,answer_only,randnorm,0,45,2,257,0,0,0,
guitar-part,,tuning,10,1.0,answer_only,randnorm,1,49,2,257,0,0,0,
guitar-part,,tuning,10,1.0,answer_only,randnorm,2,48,2,257,0,0,0,
guitar-part,,tuning,10,2.0,all_no_bos,lens,-1,34,4,257,0,0,0,
guitar-part,,tuning,10,2.0,all_no_bos,randdir,0,46,2,257,0,0,0,
guitar-part,,tuning,10,2.0,all_no_bos,randdir,1,85,4,257,0,0,0,
guitar-part,,tuning,10,2.0,all_no_bos,randdir,2,49,2,257,0,0,0,
guitar-part,,tuning,10,2.0,all_no_bos,randnorm,0,46,2,257,0,0,0,
guitar-part,,tuning,10,2.0,all_no_bos,randnorm,1,55,4,257,0,0,0,
guitar-part,,tuning,10,2.0,all_no_bos,randnorm,2,50,2,257,0,0,0,
guitar-part,,tuning,10,2.0,from_mention,lens,-1,34,4,257,0,0,0,
guitar-part,,tuning,10,2.0,from_mention,randdir,0,46,2,257,0,0,0,
guitar-part,,tuning,10,2.0,from_mention,randdir,1,85,4,257,0,0,0,
guitar-part,,tuning,10,2.0,from_mention,randdir,2,49,2,257,0,0,0,
guitar-part,,tuning,10,2.0,from_mention,randnorm,0,46,2,257,0,0,0,
guitar-part,,tuning,10,2.0,from_mention,randnorm,1,55,4,257,0,0,0,
guitar-part,,tuning,10,2.0,from_mention,randnorm,2,50,2,257,0,0,0,
guitar-part,,tuning,10,2.0,answer_only,lens,-1,38,3,257,0,0,0,
guitar-part,,tuning,10,2.0,answer_only,randdir,0,40,2,257,0,0,0,
guitar-part,,tuning,10,2.0,answer_only,randdir,1,53,4,257,0,0,0,
guitar-part,,tuning,10,2.0,answer_only,randdir,2,46,2,257,0,0,0,
guitar-part,,tuning,10,2.0,answer_only,randnorm,0,43,2,257,0,0,0,
guitar-part,,tuning,10,2.0,answer_only,randnorm,1,50,2,257,0,0,0,
guitar-part,,tuning,10,2.0,answer_only,randnorm,2,46,2,257,0,0,0,
guitar-part,,tuning,5-6,0.5,all_no_bos,lens,-1,51,2,257,0,0,0,
guitar-part,,tuning,5-6,0.5,all_no_bos,randdir,0,39,2,257,0,0,0,
guitar-part,,tuning,5-6,0.5,all_no_bos,randdir,1,48,2,257,0,0,0,
guitar-part,,tuning,5-6,0.5,all_no_bos,randdir,2,48,2,257,0,0,0,
guitar-part,,tuning,5-6,0.5,all_no_bos,randnorm,0,38,2,257,0,0,0,
guitar-part,,tuning,5-6,0.5,all_no_bos,randnorm,1,41,2,257,0,0,0,
guitar-part,,tuning,5-6,0.5,all_no_bos,randnorm,2,37,2,257,0,0,0,
guitar-part,,tuning,5-6,0.5,from_mention,lens,-1,51,2,257,0,0,0,
guitar-part,,tuning,5-6,0.5,from_mention,randdir,0,39,2,257,0,0,0,
guitar-part,,tuning,5-6,0.5,from_mention,randdir,1,48,2,257,0,0,0,
guitar-part,,tuning,5-6,0.5,from_mention,randdir,2,48,2,257,0,0,0,
guitar-part,,tuning,5-6,0.5,from_mention,randnorm,0,38,2,257,0,0,0,
guitar-part,,tuning,5-6,0.5,from_mention,randnorm,1,41,2,257,0,0,0,
guitar-part,,tuning,5-6,0.5,from_mention,randnorm,2,37,2,257,0,0,0,
guitar-part,,tuning,5-6,0.5,answer_only,lens,-1,48,2,257,0,0,0,
guitar-part,,tuning,5-6,0.5,answer_only,randdir,0,46,2,257,0,0,0,
guitar-part,,tuning,5-6,0.5,answer_only,randdir,1,49,2,257,0,0,0,
guitar-part,,tuning,5-6,0.5,answer_only,randdir,2,48,2,257,0,0,0,
guitar-part,,tuning,5-6,0.5,answer_only,randnorm,0,48,2,257,0,0,0,
guitar-part,,tuning,5-6,0.5,answer_only,randnorm,1,49,2,257,0,0,0,
guitar-part,,tuning,5-6,0.5,answer_only,randnorm,2,48,2,257,0,0,0,
guitar-part,,tuning,5-6,1.0,all_no_bos,lens,-1,52,2,257,0,0,0,
guitar-part,,tuning,5-6,1.0,all_no_bos,randdir,0,29,2,257,0,0,0,
guitar-part,,tuning,5-6,1.0,all_no_bos,randdir,1,51,2,257,0,0,0,
guitar-part,,tuning,5-6,1.0,all_no_bos,randdir,2,53,3,257,0,0,0,
guitar-part,,tuning,5-6,1.0,all_no_bos,randnorm,0,26,2,257,0,0,0,
guitar-part,,tuning,5-6,1.0,all_no_bos,randnorm,1,31,2,257,0,0,0,
guitar-part,,tuning,5-6,1.0,all_no_bos,randnorm,2,44,4,257,0,0,0,
guitar-part,,tuning,5-6,1.0,from_mention,lens,-1,52,2,257,0,0,0,
guitar-part,,tuning,5-6,1.0,from_mention,randdir,0,29,2,257,0,0,0,
guitar-part,,tuning,5-6,1.0,from_mention,randdir,1,51,2,257,0,0,0,
guitar-part,,tuning,5-6,1.0,from_mention,randdir,2,53,3,257,0,0,0,
guitar-part,,tuning,5-6,1.0,from_mention,randnorm,0,26,2,257,0,0,0,
guitar-part,,tuning,5-6,1.0,from_mention,randnorm,1,31,2,257,0,0,0,
guitar-part,,tuning,5-6,1.0,from_mention,randnorm,2,44,4,257,0,0,0,
guitar-part,,tuning,5-6,1.0,answer_only,lens,-1,48,2,257,0,0,0,
guitar-part,,tuning,5-6,1.0,answer_only,randdir,0,45,2,257,0,0,0,
guitar-part,,tuning,5-6,1.0,answer_only,randdir,1,55,2,257,0,0,0,
guitar-part,,tuning,5-6,1.0,answer_only,randdir,2,51,3,257,0,0,0,
guitar-part,,tuning,5-6,1.0,answer_only,randnorm,0,47,2,257,0,0,0,
guitar-part,,tuning,5-6,1.0,answer_only,randnorm,1,49,2,257,0,0,0,
guitar-part,,tuning,5-6,1.0,answer_only,randnorm,2,48,2,257,0,0,0,
guitar-part,,tuning,5-6,2.0,all_no_bos,lens,-1,38,12,257,0,0,0,
guitar-part,,tuning,5-6,2.0,all_no_bos,randdir,0,24,2,257,0,0,0,
guitar-part,,tuning,5-6,2.0,all_no_bos,randdir,1,55,2,257,0,0,0,
guitar-part,,tuning,5-6,2.0,all_no_bos,randdir,2,69,3,257,0,0,0,
guitar-part,,tuning,5-6,2.0,all_no_bos,randnorm,0,16,4,257,0,0,0,
guitar-part,,tuning,5-6,2.0,all_no_bos,randnorm,1,23,2,257,0,0,0,
guitar-part,,tuning,5-6,2.0,all_no_bos,randnorm,2,41,6,257,0,0,0,
guitar-part,,tuning,5-6,2.0,from_mention,lens,-1,38,12,257,0,0,0,
guitar-part,,tuning,5-6,2.0,from_mention,randdir,0,24,2,257,0,0,0,
guitar-part,,tuning,5-6,2.0,from_mention,randdir,1,55,2,257,0,0,0,
guitar-part,,tuning,5-6,2.0,from_mention,randdir,2,69,3,257,0,0,0,
guitar-part,,tuning,5-6,2.0,from_mention,randnorm,0,16,4,257,0,0,0,
guitar-part,,tuning,5-6,2.0,from_mention,randnorm,1,23,2,257,0,0,0,
guitar-part,,tuning,5-6,2.0,from_mention,randnorm,2,41,6,257,0,0,0,
guitar-part,,tuning,5-6,2.0,answer_only,lens,-1,48,2,257,0,0,0,
guitar-part,,tuning,5-6,2.0,answer_only,randdir,0,40,2,257,0,0,0,
guitar-part,,tuning,5-6,2.0,answer_only,randdir,1,61,2,257,0,0,0,
guitar-part,,tuning,5-6,2.0,answer_only,randdir,2,57,3,257,0,0,0,
guitar-part,,tuning,5-6,2.0,answer_only,randnorm,0,47,2,257,0,0,0,
guitar-part,,tuning,5-6,2.0,answer_only,randnorm,1,49,2,257,0,0,0,
guitar-part,,tuning,5-6,2.0,answer_only,randnorm,2,48,2,257,0,0,0,
guitar-part,,tuning,6-7,0.5,all_no_bos,lens,-1,50,2,257,0,0,0,
guitar-part,,tuning,6-7,0.5,all_no_bos,randdir,0,39,2,257,0,0,0,
guitar-part,,tuning,6-7,0.5,all_no_bos,randdir,1,40,2,257,0,0,0,
guitar-part,,tuning,6-7,0.5,all_no_bos,randdir,2,49,2,257,0,0,0,
guitar-part,,tuning,6-7,0.5,all_no_bos,randnorm,0,37,2,257,0,0,0,
guitar-part,,tuning,6-7,0.5,all_no_bos,randnorm,1,39,2,257,0,0,0,
guitar-part,,tuning,6-7,0.5,all_no_bos,randnorm,2,42,2,257,0,0,0,
guitar-part,,tuning,6-7,0.5,from_mention,lens,-1,50,2,257,0,0,0,
guitar-part,,tuning,6-7,0.5,from_mention,randdir,0,39,2,257,0,0,0,
guitar-part,,tuning,6-7,0.5,from_mention,randdir,1,40,2,257,0,0,0,
guitar-part,,tuning,6-7,0.5,from_mention,randdir,2,49,2,257,0,0,0,
guitar-part,,tuning,6-7,0.5,from_mention,randnorm,0,37,2,257,0,0,0,
guitar-part,,tuning,6-7,0.5,from_mention,randnorm,1,39,2,257,0,0,0,
guitar-part,,tuning,6-7,0.5,from_mention,randnorm,2,42,2,257,0,0,0,
guitar-part,,tuning,6-7,0.5,answer_only,lens,-1,50,2,257,0,0,0,
guitar-part,,tuning,6-7,0.5,answer_only,randdir,0,46,2,257,0,0,0,
guitar-part,,tuning,6-7,0.5,answer_only,randdir,1,49,2,257,0,0,0,
guitar-part,,tuning,6-7,0.5,answer_only,randdir,2,48,2,257,0,0,0,
guitar-part,,tuning,6-7,0.5,answer_only,randnorm,0,47,2,257,0,0,0,
guitar-part,,tuning,6-7,0.5,answer_only,randnorm,1,49,2,257,0,0,0,
guitar-part,,tuning,6-7,0.5,answer_only,randnorm,2,49,2,257,0,0,0,
guitar-part,,tuning,6-7,1.0,all_no_bos,lens,-1,48,2,257,0,0,0,
guitar-part,,tuning,6-7,1.0,all_no_bos,randdir,0,34,2,257,0,0,0,
guitar-part,,tuning,6-7,1.0,all_no_bos,randdir,1,32,2,257,0,0,0,
guitar-part,,tuning,6-7,1.0,all_no_bos,randdir,2,52,2,257,0,0,0,
guitar-part,,tuning,6-7,1.0,all_no_bos,randnorm,0,25,2,257,0,0,0,
guitar-part,,tuning,6-7,1.0,all_no_bos,randnorm,1,28,2,257,0,0,0,
guitar-part,,tuning,6-7,1.0,all_no_bos,randnorm,2,30,2,257,0,0,0,
guitar-part,,tuning,6-7,1.0,from_mention,lens,-1,48,2,257,0,0,0,
guitar-part,,tuning,6-7,1.0,from_mention,randdir,0,34,2,257,0,0,0,
guitar-part,,tuning,6-7,1.0,from_mention,randdir,1,32,2,257,0,0,0,
guitar-part,,tuning,6-7,1.0,from_mention,randdir,2,52,2,257,0,0,0,
guitar-part,,tuning,6-7,1.0,from_mention,randnorm,0,25,2,257,0,0,0,
guitar-part,,tuning,6-7,1.0,from_mention,randnorm,1,28,2,257,0,0,0,
guitar-part,,tuning,6-7,1.0,from_mention,randnorm,2,30,2,257,0,0,0,
guitar-part,,tuning,6-7,1.0,answer_only,lens,-1,47,2,257,0,0,0,
guitar-part,,tuning,6-7,1.0,answer_only,randdir,0,43,2,257,0,0,0,
guitar-part,,tuning,6-7,1.0,answer_only,randdir,1,52,2,257,0,0,0,
guitar-part,,tuning,6-7,1.0,answer_only,randdir,2,50,2,257,0,0,0,
guitar-part,,tuning,6-7,1.0,answer_only,randnorm,0,46,2,257,0,0,0,
guitar-part,,tuning,6-7,1.0,answer_only,randnorm,1,50,2,257,0,0,0,
guitar-part,,tuning,6-7,1.0,answer_only,randnorm,2,50,2,257,0,0,0,
guitar-part,,tuning,6-7,2.0,all_no_bos,lens,-1,18,5,257,0,0,0,
guitar-part,,tuning,6-7,2.0,all_no_bos,randdir,0,28,2,257,0,0,0,
guitar-part,,tuning,6-7,2.0,all_no_bos,randdir,1,29,2,257,0,0,0,
guitar-part,,tuning,6-7,2.0,all_no_bos,randdir,2,55,2,257,0,0,0,
guitar-part,,tuning,6-7,2.0,all_no_bos,randnorm,0,18,4,257,0,0,0,
guitar-part,,tuning,6-7,2.0,all_no_bos,randnorm,1,15,2,257,0,0,0,
guitar-part,,tuning,6-7,2.0,all_no_bos,randnorm,2,18,2,257,0,0,0,
guitar-part,,tuning,6-7,2.0,from_mention,lens,-1,18,5,257,0,0,0,
guitar-part,,tuning,6-7,2.0,from_mention,randdir,0,28,2,257,0,0,0,
guitar-part,,tuning,6-7,2.0,from_mention,randdir,1,29,2,257,0,0,0,
guitar-part,,tuning,6-7,2.0,from_mention,randdir,2,55,2,257,0,0,0,
guitar-part,,tuning,6-7,2.0,from_mention,randnorm,0,18,4,257,0,0,0,
guitar-part,,tuning,6-7,2.0,from_mention,randnorm,1,15,2,257,0,0,0,
guitar-part,,tuning,6-7,2.0,from_mention,randnorm,2,18,2,257,0,0,0,
guitar-part,,tuning,6-7,2.0,answer_only,lens,-1,45,2,257,0,0,0,
guitar-part,,tuning,6-7,2.0,answer_only,randdir,0,39,2,257,0,0,0,
guitar-part,,tuning,6-7,2.0,answer_only,randdir,1,58,2,257,0,0,0,
guitar-part,,tuning,6-7,2.0,answer_only,randdir,2,51,4,257,0,0,0,
guitar-part,,tuning,6-7,2.0,answer_only,randnorm,0,43,2,257,0,0,0,
guitar-part,,tuning,6-7,2.0,answer_only,randnorm,1,49,2,257,0,0,0,
guitar-part,,tuning,6-7,2.0,answer_only,randnorm,2,54,2,257,0,0,0,
guitar-part,,tuning,7-8,0.5,all_no_bos,lens,-1,50,2,257,0,0,0,
guitar-part,,tuning,7-8,0.5,all_no_bos,randdir,0,51,2,257,0,0,0,
guitar-part,,tuning,7-8,0.5,all_no_bos,randdir,1,41,2,257,0,0,0,
guitar-part,,tuning,7-8,0.5,all_no_bos,randdir,2,45,2,257,0,0,0,
guitar-part,,tuning,7-8,0.5,all_no_bos,randnorm,0,48,2,257,0,0,0,
guitar-part,,tuning,7-8,0.5,all_no_bos,randnorm,1,33,4,257,0,0,0,
guitar-part,,tuning,7-8,0.5,all_no_bos,randnorm,2,49,2,257,0,0,0,
guitar-part,,tuning,7-8,0.5,from_mention,lens,-1,50,2,257,0,0,0,
guitar-part,,tuning,7-8,0.5,from_mention,randdir,0,51,2,257,0,0,0,
guitar-part,,tuning,7-8,0.5,from_mention,randdir,1,41,2,257,0,0,0,
guitar-part,,tuning,7-8,0.5,from_mention,randdir,2,45,2,257,0,0,0,
guitar-part,,tuning,7-8,0.5,from_mention,randnorm,0,48,2,257,0,0,0,
guitar-part,,tuning,7-8,0.5,from_mention,randnorm,1,33,4,257,0,0,0,
guitar-part,,tuning,7-8,0.5,from_mention,randnorm,2,49,2,257,0,0,0,
guitar-part,,tuning,7-8,0.5,answer_only,lens,-1,50,2,257,0,0,0,
guitar-part,,tuning,7-8,0.5,answer_only,randdir,0,49,2,257,0,0,0,
guitar-part,,tuning,7-8,0.5,answer_only,randdir,1,50,2,257,0,0,0,
guitar-part,,tuning,7-8,0.5,answer_only,randdir,2,48,2,257,0,0,0,
guitar-part,,tuning,7-8,0.5,answer_only,randnorm,0,49,2,257,0,0,0,
guitar-part,,tuning,7-8,0.5,answer_only,randnorm,1,49,2,257,0,0,0,
guitar-part,,tuning,7-8,0.5,answer_only,randnorm,2,49,2,257,0,0,0,
guitar-part,,tuning,7-8,1.0,all_no_bos,lens,-1,49,2,257,0,0,0,
guitar-part,,tuning,7-8,1.0,all_no_bos,randdir,0,53,2,257,0,0,0,
guitar-part,,tuning,7-8,1.0,all_no_bos,randdir,1,36,3,257,0,0,0,
guitar-part,,tuning,7-8,1.0,all_no_bos,randdir,2,43,2,257,0,0,0,
guitar-part,,tuning,7-8,1.0,all_no_bos,randnorm,0,44,2,257,0,0,0,
guitar-part,,tuning,7-8,1.0,all_no_bos,randnorm,1,26,4,257,0,0,0,
guitar-part,,tuning,7-8,1.0,all_no_bos,randnorm,2,51,2,257,0,0,0,
guitar-part,,tuning,7-8,1.0,from_mention,lens,-1,49,2,257,0,0,0,
guitar-part,,tuning,7-8,1.0,from_mention,randdir,0,53,2,257,0,0,0,
guitar-part,,tuning,7-8,1.0,from_mention,randdir,1,36,3,257,0,0,0,
guitar-part,,tuning,7-8,1.0,from_mention,randdir,2,43,2,257,0,0,0,
guitar-part,,tuning,7-8,1.0,from_mention,randnorm,0,44,2,257,0,0,0,
guitar-part,,tuning,7-8,1.0,from_mention,randnorm,1,26,4,257,0,0,0,
guitar-part,,tuning,7-8,1.0,from_mention,randnorm,2,51,2,257,0,0,0,
guitar-part,,tuning,7-8,1.0,answer_only,lens,-1,49,2,257,0,0,0,
guitar-part,,tuning,7-8,1.0,answer_only,randdir,0,48,2,257,0,0,0,
guitar-part,,tuning,7-8,1.0,answer_only,randdir,1,46,2,257,0,0,0,
guitar-part,,tuning,7-8,1.0,answer_only,randdir,2,49,2,257,0,0,0,
guitar-part,,tuning,7-8,1.0,answer_only,randnorm,0,49,2,257,0,0,0,
guitar-part,,tuning,7-8,1.0,answer_only,randnorm,1,48,2,257,0,0,0,
guitar-part,,tuning,7-8,1.0,answer_only,randnorm,2,50,2,257,0,0,0,
guitar-part,,tuning,7-8,2.0,all_no_bos,lens,-1,47,10,257,0,0,0,
guitar-part,,tuning,7-8,2.0,all_no_bos,randdir,0,60,2,257,0,0,0,
guitar-part,,tuning,7-8,2.0,all_no_bos,randdir,1,28,4,257,0,0,0,
guitar-part,,tuning,7-8,2.0,all_no_bos,randdir,2,46,3,257,0,0,0,
guitar-part,,tuning,7-8,2.0,all_no_bos,randnorm,0,33,3,257,0,0,0,
guitar-part,,tuning,7-8,2.0,all_no_bos,randnorm,1,15,5,257,0,0,0,
guitar-part,,tuning,7-8,2.0,all_no_bos,randnorm,2,46,2,257,0,0,0,
guitar-part,,tuning,7-8,2.0,from_mention,lens,-1,47,10,257,0,0,0,
guitar-part,,tuning,7-8,2.0,from_mention,randdir,0,60,2,257,0,0,0,
guitar-part,,tuning,7-8,2.0,from_mention,randdir,1,28,4,257,0,0,0,
guitar-part,,tuning,7-8,2.0,from_mention,randdir,2,46,3,257,0,0,0,
guitar-part,,tuning,7-8,2.0,from_mention,randnorm,0,33,3,257,0,0,0,
guitar-part,,tuning,7-8,2.0,from_mention,randnorm,1,15,5,257,0,0,0,
guitar-part,,tuning,7-8,2.0,from_mention,randnorm,2,46,2,257,0,0,0,
guitar-part,,tuning,7-8,2.0,answer_only,lens,-1,54,2,257,0,0,0,
guitar-part,,tuning,7-8,2.0,answer_only,randdir,0,47,3,257,0,0,0,
guitar-part,,tuning,7-8,2.0,answer_only,randdir,1,44,2,257,0,0,0,
guitar-part,,tuning,7-8,2.0,answer_only,randdir,2,50,2,257,0,0,0,
guitar-part,,tuning,7-8,2.0,answer_only,randnorm,0,48,2,257,0,0,0,
guitar-part,,tuning,7-8,2.0,answer_only,randnorm,1,46,2,257,0,0,0,
guitar-part,,tuning,7-8,2.0,answer_only,randnorm,2,52,2,257,0,0,0,
guitar-part,,tuning,8-9,0.5,all_no_bos,lens,-1,49,2,257,0,0,0,
guitar-part,,tuning,8-9,0.5,all_no_bos,randdir,0,48,2,257,0,0,0,
guitar-part,,tuning,8-9,0.5,all_no_bos,randdir,1,50,2,257,0,0,0,
guitar-part,,tuning,8-9,0.5,all_no_bos,randdir,2,48,2,257,0,0,0,
guitar-part,,tuning,8-9,0.5,all_no_bos,randnorm,0,47,2,257,0,0,0,
guitar-part,,tuning,8-9,0.5,all_no_bos,randnorm,1,39,2,257,0,0,0,
guitar-part,,tuning,8-9,0.5,all_no_bos,randnorm,2,51,2,257,0,0,0,
guitar-part,,tuning,8-9,0.5,from_mention,lens,-1,49,2,257,0,0,0,
guitar-part,,tuning,8-9,0.5,from_mention,randdir,0,48,2,257,0,0,0,
guitar-part,,tuning,8-9,0.5,from_mention,randdir,1,50,2,257,0,0,0,
guitar-part,,tuning,8-9,0.5,from_mention,randdir,2,48,2,257,0,0,0,
guitar-part,,tuning,8-9,0.5,from_mention,randnorm,0,47,2,257,0,0,0,
guitar-part,,tuning,8-9,0.5,from_mention,randnorm,1,39,2,257,0,0,0,
guitar-part,,tuning,8-9,0.5,from_mention,randnorm,2,51,2,257,0,0,0,
guitar-part,,tuning,8-9,0.5,answer_only,lens,-1,47,2,257,0,0,0,
guitar-part,,tuning,8-9,0.5,answer_only,randdir,0,50,2,257,0,0,0,
guitar-part,,tuning,8-9,0.5,answer_only,randdir,1,48,2,257,0,0,0,
guitar-part,,tuning,8-9,0.5,answer_only,randdir,2,51,2,257,0,0,0,
guitar-part,,tuning,8-9,0.5,answer_only,randnorm,0,49,2,257,0,0,0,
guitar-part,,tuning,8-9,0.5,answer_only,randnorm,1,47,2,257,0,0,0,
guitar-part,,tuning,8-9,0.5,answer_only,randnorm,2,49,2,257,0,0,0,
guitar-part,,tuning,8-9,1.0,all_no_bos,lens,-1,52,2,257,0,0,0,
guitar-part,,tuning,8-9,1.0,all_no_bos,randdir,0,46,2,257,0,0,0,
guitar-part,,tuning,8-9,1.0,all_no_bos,randdir,1,50,2,257,0,0,0,
guitar-part,,tuning,8-9,1.0,all_no_bos,randdir,2,49,3,257,0,0,0,
guitar-part,,tuning,8-9,1.0,all_no_bos,randnorm,0,42,4,257,0,0,0,
guitar-part,,tuning,8-9,1.0,all_no_bos,randnorm,1,32,4,257,0,0,0,
guitar-part,,tuning,8-9,1.0,all_no_bos,randnorm,2,51,2,257,0,0,0,
guitar-part,,tuning,8-9,1.0,from_mention,lens,-1,52,2,257,0,0,0,
guitar-part,,tuning,8-9,1.0,from_mention,randdir,0,46,2,257,0,0,0,
guitar-part,,tuning,8-9,1.0,from_mention,randdir,1,50,2,257,0,0,0,
guitar-part,,tuning,8-9,1.0,from_mention,randdir,2,49,3,257,0,0,0,
guitar-part,,tuning,8-9,1.0,from_mention,randnorm,0,42,4,257,0,0,0,
guitar-part,,tuning,8-9,1.0,from_mention,randnorm,1,32,4,257,0,0,0,
guitar-part,,tuning,8-9,1.0,from_mention,randnorm,2,51,2,257,0,0,0,
guitar-part,,tuning,8-9,1.0,answer_only,lens,-1,48,2,257,0,0,0,
guitar-part,,tuning,8-9,1.0,answer_only,randdir,0,50,2,257,0,0,0,
guitar-part,,tuning,8-9,1.0,answer_only,randdir,1,45,2,257,0,0,0,
guitar-part,,tuning,8-9,1.0,answer_only,randdir,2,50,2,257,0,0,0,
guitar-part,,tuning,8-9,1.0,answer_only,randnorm,0,50,2,257,0,0,0,
guitar-part,,tuning,8-9,1.0,answer_only,randnorm,1,46,2,257,0,0,0,
guitar-part,,tuning,8-9,1.0,answer_only,randnorm,2,50,2,257,0,0,0,
guitar-part,,tuning,8-9,2.0,all_no_bos,lens,-1,66,5,257,0,0,0,
guitar-part,,tuning,8-9,2.0,all_no_bos,randdir,0,43,4,257,0,0,0,
guitar-part,,tuning,8-9,2.0,all_no_bos,randdir,1,54,4,257,0,0,0,
guitar-part,,tuning,8-9,2.0,all_no_bos,randdir,2,72,5,257,0,0,0,
guitar-part,,tuning,8-9,2.0,all_no_bos,randnorm,0,43,4,257,0,0,0,
guitar-part,,tuning,8-9,2.0,all_no_bos,randnorm,1,20,6,257,0,0,0,
guitar-part,,tuning,8-9,2.0,all_no_bos,randnorm,2,48,4,257,0,0,0,
guitar-part,,tuning,8-9,2.0,from_mention,lens,-1,66,5,257,0,0,0,
guitar-part,,tuning,8-9,2.0,from_mention,randdir,0,43,4,257,0,0,0,
guitar-part,,tuning,8-9,2.0,from_mention,randdir,1,54,4,257,0,0,0,
guitar-part,,tuning,8-9,2.0,from_mention,randdir,2,72,5,257,0,0,0,
guitar-part,,tuning,8-9,2.0,from_mention,randnorm,0,43,4,257,0,0,0,
guitar-part,,tuning,8-9,2.0,from_mention,randnorm,1,20,6,257,0,0,0,
guitar-part,,tuning,8-9,2.0,from_mention,randnorm,2,48,4,257,0,0,0,
guitar-part,,tuning,8-9,2.0,answer_only,lens,-1,52,2,257,0,0,0,
guitar-part,,tuning,8-9,2.0,answer_only,randdir,0,54,3,257,0,0,0,
guitar-part,,tuning,8-9,2.0,answer_only,randdir,1,45,2,257,0,0,0,
guitar-part,,tuning,8-9,2.0,answer_only,randdir,2,57,2,257,0,0,0,
guitar-part,,tuning,8-9,2.0,answer_only,randnorm,0,53,3,257,0,0,0,
guitar-part,,tuning,8-9,2.0,answer_only,randnorm,1,43,2,257,0,0,0,
guitar-part,,tuning,8-9,2.0,answer_only,randnorm,2,51,2,257,0,0,0,
guitar-part,,tuning,6-7-8,0.5,all_no_bos,lens,-1,50,2,257,0,0,0,
guitar-part,,tuning,6-7-8,0.5,all_no_bos,randdir,0,39,2,257,0,0,0,
guitar-part,,tuning,6-7-8,0.5,all_no_bos,randdir,1,40,2,257,0,0,0,
guitar-part,,tuning,6-7-8,0.5,all_no_bos,randdir,2,49,2,257,0,0,0,
guitar-part,,tuning,6-7-8,0.5,all_no_bos,randnorm,0,35,2,257,0,0,0,
guitar-part,,tuning,6-7-8,0.5,all_no_bos,randnorm,1,31,2,257,0,0,0,
guitar-part,,tuning,6-7-8,0.5,all_no_bos,randnorm,2,46,2,257,0,0,0,
guitar-part,,tuning,6-7-8,0.5,from_mention,lens,-1,50,2,257,0,0,0,
guitar-part,,tuning,6-7-8,0.5,from_mention,randdir,0,39,2,257,0,0,0,
guitar-part,,tuning,6-7-8,0.5,from_mention,randdir,1,40,2,257,0,0,0,
guitar-part,,tuning,6-7-8,0.5,from_mention,randdir,2,49,2,257,0,0,0,
guitar-part,,tuning,6-7-8,0.5,from_mention,randnorm,0,35,2,257,0,0,0,
guitar-part,,tuning,6-7-8,0.5,from_mention,randnorm,1,31,2,257,0,0,0,
guitar-part,,tuning,6-7-8,0.5,from_mention,randnorm,2,46,2,257,0,0,0,
guitar-part,,tuning,6-7-8,0.5,answer_only,lens,-1,50,2,257,0,0,0,
guitar-part,,tuning,6-7-8,0.5,answer_only,randdir,0,47,2,257,0,0,0,
guitar-part,,tuning,6-7-8,0.5,answer_only,randdir,1,50,2,257,0,0,0,
guitar-part,,tuning,6-7-8,0.5,answer_only,randdir,2,49,2,257,0,0,0,
guitar-part,,tuning,6-7-8,0.5,answer_only,randnorm,0,47,2,257,0,0,0,
guitar-part,,tuning,6-7-8,0.5,answer_only,randnorm,1,49,2,257,0,0,0,
guitar-part,,tuning,6-7-8,0.5,answer_only,randnorm,2,49,2,257,0,0,0,
guitar-part,,tuning,6-7-8,1.0,all_no_bos,lens,-1,50,2,257,0,0,0,
guitar-part,,tuning,6-7-8,1.0,all_no_bos,randdir,0,31,2,257,0,0,0,
guitar-part,,tuning,6-7-8,1.0,all_no_bos,randdir,1,34,2,257,0,0,0,
guitar-part,,tuning,6-7-8,1.0,all_no_bos,randdir,2,52,2,257,0,0,0,
guitar-part,,tuning,6-7-8,1.0,all_no_bos,randnorm,0,25,2,257,0,0,0,
guitar-part,,tuning,6-7-8,1.0,all_no_bos,randnorm,1,19,2,257,0,0,0,
guitar-part,,tuning,6-7-8,1.0,all_no_bos,randnorm,2,34,2,257,0,0,0,
guitar-part,,tuning,6-7-8,1.0,from_mention,lens,-1,50,2,257,0,0,0,
guitar-part,,tuning,6-7-8,1.0,from_mention,randdir,0,31,2,257,0,0,0,
guitar-part,,tuning,6-7-8,1.0,from_mention,randdir,1,34,2,257,0,0,0,
guitar-part,,tuning,6-7-8,1.0,from_mention,randdir,2,52,2,257,0,0,0,
guitar-part,,tuning,6-7-8,1.0,from_mention,randnorm,0,25,2,257,0,0,0,
guitar-part,,tuning,6-7-8,1.0,from_mention,randnorm,1,19,2,257,0,0,0,
guitar-part,,tuning,6-7-8,1.0,from_mention,randnorm,2,34,2,257,0,0,0,
guitar-part,,tuning,6-7-8,1.0,answer_only,lens,-1,49,2,257,0,0,0,
guitar-part,,tuning,6-7-8,1.0,answer_only,randdir,0,46,2,257,0,0,0,
guitar-part,,tuning,6-7-8,1.0,answer_only,randdir,1,52,2,257,0,0,0,
guitar-part,,tuning,6-7-8,1.0,answer_only,randdir,2,50,2,257,0,0,0,
guitar-part,,tuning,6-7-8,1.0,answer_only,randnorm,0,46,2,257,0,0,0,
guitar-part,,tuning,6-7-8,1.0,answer_only,randnorm,1,50,2,257,0,0,0,
guitar-part,,tuning,6-7-8,1.0,answer_only,randnorm,2,50,2,257,0,0,0,
guitar-part,,tuning,6-7-8,2.0,all_no_bos,lens,-1,42,37,257,0,0,0,
guitar-part,,tuning,6-7-8,2.0,all_no_bos,randdir,0,28,2,257,0,0,0,
guitar-part,,tuning,6-7-8,2.0,all_no_bos,randdir,1,34,2,257,0,0,0,
guitar-part,,tuning,6-7-8,2.0,all_no_bos,randdir,2,64,3,257,0,0,0,
guitar-part,,tuning,6-7-8,2.0,all_no_bos,randnorm,0,19,5,257,0,0,0,
guitar-part,,tuning,6-7-8,2.0,all_no_bos,randnorm,1,15,4,257,0,0,0,
guitar-part,,tuning,6-7-8,2.0,all_no_bos,randnorm,2,19,2,257,0,0,0,
guitar-part,,tuning,6-7-8,2.0,from_mention,lens,-1,42,37,257,0,0,0,
guitar-part,,tuning,6-7-8,2.0,from_mention,randdir,0,28,2,257,0,0,0,
guitar-part,,tuning,6-7-8,2.0,from_mention,randdir,1,34,2,257,0,0,0,
guitar-part,,tuning,6-7-8,2.0,from_mention,randdir,2,64,3,257,0,0,0,
guitar-part,,tuning,6-7-8,2.0,from_mention,randnorm,0,19,5,257,0,0,0,
guitar-part,,tuning,6-7-8,2.0,from_mention,randnorm,1,15,4,257,0,0,0,
guitar-part,,tuning,6-7-8,2.0,from_mention,randnorm,2,19,2,257,0,0,0,
guitar-part,,tuning,6-7-8,2.0,answer_only,lens,-1,78,4,257,0,0,0,
guitar-part,,tuning,6-7-8,2.0,answer_only,randdir,0,43,3,257,0,0,0,
guitar-part,,tuning,6-7-8,2.0,answer_only,randdir,1,59,2,257,0,0,0,
guitar-part,,tuning,6-7-8,2.0,answer_only,randdir,2,51,3,257,0,0,0,
guitar-part,,tuning,6-7-8,2.0,answer_only,randnorm,0,45,2,257,0,0,0,
guitar-part,,tuning,6-7-8,2.0,answer_only,randnorm,1,49,2,257,0,0,0,
guitar-part,,tuning,6-7-8,2.0,answer_only,randnorm,2,53,2,257,0,0,0,
guitar-part,,tuning,7-8-9,0.5,all_no_bos,lens,-1,50,2,257,0,0,0,
guitar-part,,tuning,7-8-9,0.5,all_no_bos,randdir,0,50,2,257,0,0,0,
guitar-part,,tuning,7-8-9,0.5,all_no_bos,randdir,1,41,2,257,0,0,0,
guitar-part,,tuning,7-8-9,0.5,all_no_bos,randdir,2,47,2,257,0,0,0,
guitar-part,,tuning,7-8-9,0.5,all_no_bos,randnorm,0,47,2,257,0,0,0,
guitar-part,,tuning,7-8-9,0.5,all_no_bos,randnorm,1,33,3,257,0,0,0,
guitar-part,,tuning,7-8-9,0.5,all_no_bos,randnorm,2,48,2,257,0,0,0,
guitar-part,,tuning,7-8-9,0.5,from_mention,lens,-1,50,2,257,0,0,0,
guitar-part,,tuning,7-8-9,0.5,from_mention,randdir,0,50,2,257,0,0,0,
guitar-part,,tuning,7-8-9,0.5,from_mention,randdir,1,41,2,257,0,0,0,
guitar-part,,tuning,7-8-9,0.5,from_mention,randdir,2,47,2,257,0,0,0,
guitar-part,,tuning,7-8-9,0.5,from_mention,randnorm,0,47,2,257,0,0,0,
guitar-part,,tuning,7-8-9,0.5,from_mention,randnorm,1,33,3,257,0,0,0,
guitar-part,,tuning,7-8-9,0.5,from_mention,randnorm,2,48,2,257,0,0,0,
guitar-part,,tuning,7-8-9,0.5,answer_only,lens,-1,49,2,257,0,0,0,
guitar-part,,tuning,7-8-9,0.5,answer_only,randdir,0,50,2,257,0,0,0,
guitar-part,,tuning,7-8-9,0.5,answer_only,randdir,1,47,2,257,0,0,0,
guitar-part,,tuning,7-8-9,0.5,answer_only,randdir,2,51,2,257,0,0,0,
guitar-part,,tuning,7-8-9,0.5,answer_only,randnorm,0,49,2,257,0,0,0,
guitar-part,,tuning,7-8-9,0.5,answer_only,randnorm,1,47,2,257,0,0,0,
guitar-part,,tuning,7-8-9,0.5,answer_only,randnorm,2,50,2,257,0,0,0,
guitar-part,,tuning,7-8-9,1.0,all_no_bos,lens,-1,45,4,257,0,0,0,
guitar-part,,tuning,7-8-9,1.0,all_no_bos,randdir,0,51,2,257,0,0,0,
guitar-part,,tuning,7-8-9,1.0,all_no_bos,randdir,1,35,3,257,0,0,0,
guitar-part,,tuning,7-8-9,1.0,all_no_bos,randdir,2,48,3,257,0,0,0,
guitar-part,,tuning,7-8-9,1.0,all_no_bos,randnorm,0,40,2,257,0,0,0,
guitar-part,,tuning,7-8-9,1.0,all_no_bos,randnorm,1,23,4,257,0,0,0,
guitar-part,,tuning,7-8-9,1.0,all_no_bos,randnorm,2,47,2,257,0,0,0,
guitar-part,,tuning,7-8-9,1.0,from_mention,lens,-1,45,4,257,0,0,0,
guitar-part,,tuning,7-8-9,1.0,from_mention,randdir,0,51,2,257,0,0,0,
guitar-part,,tuning,7-8-9,1.0,from_mention,randdir,1,35,3,257,0,0,0,
guitar-part,,tuning,7-8-9,1.0,from_mention,randdir,2,48,3,257,0,0,0,
guitar-part,,tuning,7-8-9,1.0,from_mention,randnorm,0,40,2,257,0,0,0,
guitar-part,,tuning,7-8-9,1.0,from_mention,randnorm,1,23,4,257,0,0,0,
guitar-part,,tuning,7-8-9,1.0,from_mention,randnorm,2,47,2,257,0,0,0,
guitar-part,,tuning,7-8-9,1.0,answer_only,lens,-1,46,2,257,0,0,0,
guitar-part,,tuning,7-8-9,1.0,answer_only,randdir,0,50,2,257,0,0,0,
guitar-part,,tuning,7-8-9,1.0,answer_only,randdir,1,43,2,257,0,0,0,
guitar-part,,tuning,7-8-9,1.0,answer_only,randdir,2,50,2,257,0,0,0,
guitar-part,,tuning,7-8-9,1.0,answer_only,randnorm,0,50,2,257,0,0,0,
guitar-part,,tuning,7-8-9,1.0,answer_only,randnorm,1,45,2,257,0,0,0,
guitar-part,,tuning,7-8-9,1.0,answer_only,randnorm,2,51,2,257,0,0,0,
guitar-part,,tuning,7-8-9,2.0,all_no_bos,lens,-1,20,40,257,0,0,1,
guitar-part,,tuning,7-8-9,2.0,all_no_bos,randdir,0,59,3,257,0,0,0,
guitar-part,,tuning,7-8-9,2.0,all_no_bos,randdir,1,29,4,257,0,0,0,
guitar-part,,tuning,7-8-9,2.0,all_no_bos,randdir,2,69,5,257,0,0,0,
guitar-part,,tuning,7-8-9,2.0,all_no_bos,randnorm,0,32,3,257,0,0,0,
guitar-part,,tuning,7-8-9,2.0,all_no_bos,randnorm,1,15,5,257,0,0,0,
guitar-part,,tuning,7-8-9,2.0,all_no_bos,randnorm,2,36,3,257,0,0,0,
guitar-part,,tuning,7-8-9,2.0,from_mention,lens,-1,20,40,257,0,0,1,
guitar-part,,tuning,7-8-9,2.0,from_mention,randdir,0,59,3,257,0,0,0,
guitar-part,,tuning,7-8-9,2.0,from_mention,randdir,1,29,4,257,0,0,0,
guitar-part,,tuning,7-8-9,2.0,from_mention,randdir,2,69,5,257,0,0,0,
guitar-part,,tuning,7-8-9,2.0,from_mention,randnorm,0,32,3,257,0,0,0,
guitar-part,,tuning,7-8-9,2.0,from_mention,randnorm,1,15,5,257,0,0,0,
guitar-part,,tuning,7-8-9,2.0,from_mention,randnorm,2,36,3,257,0,0,0,
guitar-part,,tuning,7-8-9,2.0,answer_only,lens,-1,34,2,257,0,0,0,
guitar-part,,tuning,7-8-9,2.0,answer_only,randdir,0,53,3,257,0,0,0,
guitar-part,,tuning,7-8-9,2.0,answer_only,randdir,1,39,2,257,0,0,0,
guitar-part,,tuning,7-8-9,2.0,answer_only,randdir,2,57,2,257,0,0,0,
guitar-part,,tuning,7-8-9,2.0,answer_only,randnorm,0,52,2,257,0,0,0,
guitar-part,,tuning,7-8-9,2.0,answer_only,randnorm,1,40,2,257,0,0,0,
guitar-part,,tuning,7-8-9,2.0,answer_only,randnorm,2,52,2,257,0,0,0,
milk-colour,,heldout,3,0.5,all_no_bos,lens,-1,9,3,7545,0,0,0,
milk-colour,,heldout,3,0.5,all_no_bos,randdir,0,9,3,7545,0,0,0,
milk-colour,,heldout,3,0.5,all_no_bos,randdir,1,9,3,7545,0,0,0,
milk-colour,,heldout,3,0.5,all_no_bos,randdir,2,8,3,7545,0,0,0,
milk-colour,,heldout,3,0.5,all_no_bos,randnorm,0,7,2,7545,0,0,0,
milk-colour,,heldout,3,0.5,all_no_bos,randnorm,1,8,3,7545,0,0,0,
milk-colour,,heldout,3,0.5,all_no_bos,randnorm,2,8,3,7545,0,0,0,
milk-colour,,heldout,3,0.5,from_mention,lens,-1,9,3,7545,0,0,0,
milk-colour,,heldout,3,0.5,from_mention,randdir,0,9,3,7545,0,0,0,
milk-colour,,heldout,3,0.5,from_mention,randdir,1,9,3,7545,0,0,0,
milk-colour,,heldout,3,0.5,from_mention,randdir,2,8,3,7545,0,0,0,
milk-colour,,heldout,3,0.5,from_mention,randnorm,0,7,2,7545,0,0,0,
milk-colour,,heldout,3,0.5,from_mention,randnorm,1,8,3,7545,0,0,0,
milk-colour,,heldout,3,0.5,from_mention,randnorm,2,8,3,7545,0,0,0,
milk-colour,,heldout,3,0.5,answer_only,lens,-1,8,3,7545,0,0,0,
milk-colour,,heldout,3,0.5,answer_only,randdir,0,9,3,7545,0,0,0,
milk-colour,,heldout,3,0.5,answer_only,randdir,1,8,3,7545,0,0,0,
milk-colour,,heldout,3,0.5,answer_only,randdir,2,8,3,7545,0,0,0,
milk-colour,,heldout,3,0.5,answer_only,randnorm,0,8,3,7545,0,0,0,
milk-colour,,heldout,3,0.5,answer_only,randnorm,1,8,3,7545,0,0,0,
milk-colour,,heldout,3,0.5,answer_only,randnorm,2,8,3,7545,0,0,0,
milk-colour,,heldout,3,1.0,all_no_bos,lens,-1,10,3,7545,0,0,0,
milk-colour,,heldout,3,1.0,all_no_bos,randdir,0,8,3,7545,0,0,0,
milk-colour,,heldout,3,1.0,all_no_bos,randdir,1,9,3,7545,0,0,0,
milk-colour,,heldout,3,1.0,all_no_bos,randdir,2,6,2,7545,0,0,0,
milk-colour,,heldout,3,1.0,all_no_bos,randnorm,0,7,2,7545,0,0,0,
milk-colour,,heldout,3,1.0,all_no_bos,randnorm,1,7,2,7545,0,0,0,
milk-colour,,heldout,3,1.0,all_no_bos,randnorm,2,7,2,7545,0,0,0,
milk-colour,,heldout,3,1.0,from_mention,lens,-1,10,3,7545,0,0,0,
milk-colour,,heldout,3,1.0,from_mention,randdir,0,8,3,7545,0,0,0,
milk-colour,,heldout,3,1.0,from_mention,randdir,1,9,3,7545,0,0,0,
milk-colour,,heldout,3,1.0,from_mention,randdir,2,6,2,7545,0,0,0,
milk-colour,,heldout,3,1.0,from_mention,randnorm,0,7,2,7545,0,0,0,
milk-colour,,heldout,3,1.0,from_mention,randnorm,1,7,2,7545,0,0,0,
milk-colour,,heldout,3,1.0,from_mention,randnorm,2,7,2,7545,0,0,0,
milk-colour,,heldout,3,1.0,answer_only,lens,-1,8,3,7545,0,0,0,
milk-colour,,heldout,3,1.0,answer_only,randdir,0,9,3,7545,0,0,0,
milk-colour,,heldout,3,1.0,answer_only,randdir,1,8,3,7545,0,0,0,
milk-colour,,heldout,3,1.0,answer_only,randdir,2,9,3,7545,0,0,0,
milk-colour,,heldout,3,1.0,answer_only,randnorm,0,9,3,7545,0,0,0,
milk-colour,,heldout,3,1.0,answer_only,randnorm,1,8,3,7545,0,0,0,
milk-colour,,heldout,3,1.0,answer_only,randnorm,2,8,3,7545,0,0,0,
milk-colour,,heldout,3,2.0,all_no_bos,lens,-1,9,2,1444,0,0,0,
milk-colour,,heldout,3,2.0,all_no_bos,randdir,0,9,3,7545,0,0,0,
milk-colour,,heldout,3,2.0,all_no_bos,randdir,1,9,3,7545,0,0,0,
milk-colour,,heldout,3,2.0,all_no_bos,randdir,2,6,2,7545,0,0,0,
milk-colour,,heldout,3,2.0,all_no_bos,randnorm,0,8,2,7545,0,0,0,
milk-colour,,heldout,3,2.0,all_no_bos,randnorm,1,6,2,7545,0,0,0,
milk-colour,,heldout,3,2.0,all_no_bos,randnorm,2,9,2,7545,0,0,0,
milk-colour,,heldout,3,2.0,from_mention,lens,-1,9,2,1444,0,0,0,
milk-colour,,heldout,3,2.0,from_mention,randdir,0,9,3,7545,0,0,0,
milk-colour,,heldout,3,2.0,from_mention,randdir,1,9,3,7545,0,0,0,
milk-colour,,heldout,3,2.0,from_mention,randdir,2,6,2,7545,0,0,0,
milk-colour,,heldout,3,2.0,from_mention,randnorm,0,8,2,7545,0,0,0,
milk-colour,,heldout,3,2.0,from_mention,randnorm,1,6,2,7545,0,0,0,
milk-colour,,heldout,3,2.0,from_mention,randnorm,2,9,2,7545,0,0,0,
milk-colour,,heldout,3,2.0,answer_only,lens,-1,8,3,7545,0,0,0,
milk-colour,,heldout,3,2.0,answer_only,randdir,0,9,3,7545,0,0,0,
milk-colour,,heldout,3,2.0,answer_only,randdir,1,8,3,7545,0,0,0,
milk-colour,,heldout,3,2.0,answer_only,randdir,2,8,2,7545,0,0,0,
milk-colour,,heldout,3,2.0,answer_only,randnorm,0,9,3,7545,0,0,0,
milk-colour,,heldout,3,2.0,answer_only,randnorm,1,8,3,7545,0,0,0,
milk-colour,,heldout,3,2.0,answer_only,randnorm,2,8,3,7545,0,0,0,
milk-colour,,heldout,4,0.5,all_no_bos,lens,-1,9,3,7545,0,0,0,
milk-colour,,heldout,4,0.5,all_no_bos,randdir,0,8,3,7545,0,0,0,
milk-colour,,heldout,4,0.5,all_no_bos,randdir,1,8,3,7545,0,0,0,
milk-colour,,heldout,4,0.5,all_no_bos,randdir,2,9,3,7545,0,0,0,
milk-colour,,heldout,4,0.5,all_no_bos,randnorm,0,7,3,7545,0,0,0,
milk-colour,,heldout,4,0.5,all_no_bos,randnorm,1,7,3,7545,0,0,0,
milk-colour,,heldout,4,0.5,all_no_bos,randnorm,2,8,3,7545,0,0,0,
milk-colour,,heldout,4,0.5,from_mention,lens,-1,9,3,7545,0,0,0,
milk-colour,,heldout,4,0.5,from_mention,randdir,0,8,3,7545,0,0,0,
milk-colour,,heldout,4,0.5,from_mention,randdir,1,8,3,7545,0,0,0,
milk-colour,,heldout,4,0.5,from_mention,randdir,2,9,3,7545,0,0,0,
milk-colour,,heldout,4,0.5,from_mention,randnorm,0,7,3,7545,0,0,0,
milk-colour,,heldout,4,0.5,from_mention,randnorm,1,7,3,7545,0,0,0,
milk-colour,,heldout,4,0.5,from_mention,randnorm,2,8,3,7545,0,0,0,
milk-colour,,heldout,4,0.5,answer_only,lens,-1,8,3,7545,0,0,0,
milk-colour,,heldout,4,0.5,answer_only,randdir,0,9,3,7545,0,0,0,
milk-colour,,heldout,4,0.5,answer_only,randdir,1,10,3,7545,0,0,0,
milk-colour,,heldout,4,0.5,answer_only,randdir,2,8,3,7545,0,0,0,
milk-colour,,heldout,4,0.5,answer_only,randnorm,0,8,3,7545,0,0,0,
milk-colour,,heldout,4,0.5,answer_only,randnorm,1,8,3,7545,0,0,0,
milk-colour,,heldout,4,0.5,answer_only,randnorm,2,8,3,7545,0,0,0,
milk-colour,,heldout,4,1.0,all_no_bos,lens,-1,9,3,7545,0,0,0,
milk-colour,,heldout,4,1.0,all_no_bos,randdir,0,6,3,7545,0,0,0,
milk-colour,,heldout,4,1.0,all_no_bos,randdir,1,7,3,1444,0,0,0,
milk-colour,,heldout,4,1.0,all_no_bos,randdir,2,9,3,7545,0,0,0,
milk-colour,,heldout,4,1.0,all_no_bos,randnorm,0,6,3,7545,0,0,0,
milk-colour,,heldout,4,1.0,all_no_bos,randnorm,1,6,3,7545,0,0,0,
milk-colour,,heldout,4,1.0,all_no_bos,randnorm,2,7,3,7545,0,0,0,
milk-colour,,heldout,4,1.0,from_mention,lens,-1,9,3,7545,0,0,0,
milk-colour,,heldout,4,1.0,from_mention,randdir,0,6,3,7545,0,0,0,
milk-colour,,heldout,4,1.0,from_mention,randdir,1,7,3,1444,0,0,0,
milk-colour,,heldout,4,1.0,from_mention,randdir,2,9,3,7545,0,0,0,
milk-colour,,heldout,4,1.0,from_mention,randnorm,0,6,3,7545,0,0,0,
milk-colour,,heldout,4,1.0,from_mention,randnorm,1,6,3,7545,0,0,0,
milk-colour,,heldout,4,1.0,from_mention,randnorm,2,7,3,7545,0,0,0,
milk-colour,,heldout,4,1.0,answer_only,lens,-1,8,3,7545,0,0,0,
milk-colour,,heldout,4,1.0,answer_only,randdir,0,9,3,7545,0,0,0,
milk-colour,,heldout,4,1.0,answer_only,randdir,1,11,3,1444,0,0,0,
milk-colour,,heldout,4,1.0,answer_only,randdir,2,8,3,7545,0,0,0,
milk-colour,,heldout,4,1.0,answer_only,randnorm,0,8,3,7545,0,0,0,
milk-colour,,heldout,4,1.0,answer_only,randnorm,1,8,3,7545,0,0,0,
milk-colour,,heldout,4,1.0,answer_only,randnorm,2,8,3,7545,0,0,0,
milk-colour,,heldout,4,2.0,all_no_bos,lens,-1,13,5,1444,0,0,0,
milk-colour,,heldout,4,2.0,all_no_bos,randdir,0,6,3,7545,0,0,0,
milk-colour,,heldout,4,2.0,all_no_bos,randdir,1,5,1,2330,1,0,0,
milk-colour,,heldout,4,2.0,all_no_bos,randdir,2,9,3,7545,0,0,0,
milk-colour,,heldout,4,2.0,all_no_bos,randnorm,0,6,2,7545,0,0,0,
milk-colour,,heldout,4,2.0,all_no_bos,randnorm,1,5,2,7545,1,0,0,
milk-colour,,heldout,4,2.0,all_no_bos,randnorm,2,5,2,7545,1,0,0,
milk-colour,,heldout,4,2.0,from_mention,lens,-1,13,5,1444,0,0,0,
milk-colour,,heldout,4,2.0,from_mention,randdir,0,6,3,7545,0,0,0,
milk-colour,,heldout,4,2.0,from_mention,randdir,1,5,1,2330,1,0,0,
milk-colour,,heldout,4,2.0,from_mention,randdir,2,9,3,7545,0,0,0,
milk-colour,,heldout,4,2.0,from_mention,randnorm,0,6,2,7545,0,0,0,
milk-colour,,heldout,4,2.0,from_mention,randnorm,1,5,2,7545,1,0,0,
milk-colour,,heldout,4,2.0,from_mention,randnorm,2,5,2,7545,1,0,0,
milk-colour,,heldout,4,2.0,answer_only,lens,-1,8,3,7545,0,0,0,
milk-colour,,heldout,4,2.0,answer_only,randdir,0,9,3,7545,0,0,0,
milk-colour,,heldout,4,2.0,answer_only,randdir,1,8,3,1444,0,0,0,
milk-colour,,heldout,4,2.0,answer_only,randdir,2,8,3,7545,0,0,0,
milk-colour,,heldout,4,2.0,answer_only,randnorm,0,8,3,7545,0,0,0,
milk-colour,,heldout,4,2.0,answer_only,randnorm,1,8,3,7545,0,0,0,
milk-colour,,heldout,4,2.0,answer_only,randnorm,2,8,3,7545,0,0,0,
milk-colour,,heldout,5,0.5,all_no_bos,lens,-1,10,3,7545,0,0,0,
milk-colour,,heldout,5,0.5,all_no_bos,randdir,0,8,3,7545,0,0,0,
milk-colour,,heldout,5,0.5,all_no_bos,randdir,1,9,3,7545,0,0,0,
milk-colour,,heldout,5,0.5,all_no_bos,randdir,2,8,3,7545,0,0,0,
milk-colour,,heldout,5,0.5,all_no_bos,randnorm,0,7,3,7545,0,0,0,
milk-colour,,heldout,5,0.5,all_no_bos,randnorm,1,8,3,7545,0,0,0,
milk-colour,,heldout,5,0.5,all_no_bos,randnorm,2,8,3,7545,0,0,0,
milk-colour,,heldout,5,0.5,from_mention,lens,-1,10,3,7545,0,0,0,
milk-colour,,heldout,5,0.5,from_mention,randdir,0,8,3,7545,0,0,0,
milk-colour,,heldout,5,0.5,from_mention,randdir,1,9,3,7545,0,0,0,
milk-colour,,heldout,5,0.5,from_mention,randdir,2,8,3,7545,0,0,0,
milk-colour,,heldout,5,0.5,from_mention,randnorm,0,7,3,7545,0,0,0,
milk-colour,,heldout,5,0.5,from_mention,randnorm,1,8,3,7545,0,0,0,
milk-colour,,heldout,5,0.5,from_mention,randnorm,2,8,3,7545,0,0,0,
milk-colour,,heldout,5,0.5,answer_only,lens,-1,8,3,7545,0,0,0,
milk-colour,,heldout,5,0.5,answer_only,randdir,0,8,3,7545,0,0,0,
milk-colour,,heldout,5,0.5,answer_only,randdir,1,9,3,7545,0,0,0,
milk-colour,,heldout,5,0.5,answer_only,randdir,2,8,3,7545,0,0,0,
milk-colour,,heldout,5,0.5,answer_only,randnorm,0,8,3,7545,0,0,0,
milk-colour,,heldout,5,0.5,answer_only,randnorm,1,8,3,7545,0,0,0,
milk-colour,,heldout,5,0.5,answer_only,randnorm,2,8,3,7545,0,0,0,
milk-colour,,heldout,5,1.0,all_no_bos,lens,-1,11,3,7545,0,0,0,
milk-colour,,heldout,5,1.0,all_no_bos,randdir,0,8,3,7545,0,0,0,
milk-colour,,heldout,5,1.0,all_no_bos,randdir,1,9,3,7545,0,0,0,
milk-colour,,heldout,5,1.0,all_no_bos,randdir,2,8,3,7545,0,0,0,
milk-colour,,heldout,5,1.0,all_no_bos,randnorm,0,6,3,7545,0,0,0,
milk-colour,,heldout,5,1.0,all_no_bos,randnorm,1,8,3,7545,0,0,0,
milk-colour,,heldout,5,1.0,all_no_bos,randnorm,2,8,3,7545,0,0,0,
milk-colour,,heldout,5,1.0,from_mention,lens,-1,11,3,7545,0,0,0,
milk-colour,,heldout,5,1.0,from_mention,randdir,0,8,3,7545,0,0,0,
milk-colour,,heldout,5,1.0,from_mention,randdir,1,9,3,7545,0,0,0,
milk-colour,,heldout,5,1.0,from_mention,randdir,2,8,3,7545,0,0,0,
milk-colour,,heldout,5,1.0,from_mention,randnorm,0,6,3,7545,0,0,0,
milk-colour,,heldout,5,1.0,from_mention,randnorm,1,8,3,7545,0,0,0,
milk-colour,,heldout,5,1.0,from_mention,randnorm,2,8,3,7545,0,0,0,
milk-colour,,heldout,5,1.0,answer_only,lens,-1,8,3,7545,0,0,0,
milk-colour,,heldout,5,1.0,answer_only,randdir,0,8,3,7545,0,0,0,
milk-colour,,heldout,5,1.0,answer_only,randdir,1,9,3,7545,0,0,0,
milk-colour,,heldout,5,1.0,answer_only,randdir,2,8,3,7545,0,0,0,
milk-colour,,heldout,5,1.0,answer_only,randnorm,0,8,3,7545,0,0,0,
milk-colour,,heldout,5,1.0,answer_only,randnorm,1,8,3,7545,0,0,0,
milk-colour,,heldout,5,1.0,answer_only,randnorm,2,8,3,7545,0,0,0,
milk-colour,,heldout,5,2.0,all_no_bos,lens,-1,11,5,1444,0,0,0,
milk-colour,,heldout,5,2.0,all_no_bos,randdir,0,8,3,7545,0,0,0,
milk-colour,,heldout,5,2.0,all_no_bos,randdir,1,10,3,7545,0,0,0,
milk-colour,,heldout,5,2.0,all_no_bos,randdir,2,8,3,7545,0,0,0,
milk-colour,,heldout,5,2.0,all_no_bos,randnorm,0,6,3,7545,0,0,0,
milk-colour,,heldout,5,2.0,all_no_bos,randnorm,1,8,3,7545,0,0,0,
milk-colour,,heldout,5,2.0,all_no_bos,randnorm,2,9,2,7545,0,0,0,
milk-colour,,heldout,5,2.0,from_mention,lens,-1,11,5,1444,0,0,0,
milk-colour,,heldout,5,2.0,from_mention,randdir,0,8,3,7545,0,0,0,
milk-colour,,heldout,5,2.0,from_mention,randdir,1,10,3,7545,0,0,0,
milk-colour,,heldout,5,2.0,from_mention,randdir,2,8,3,7545,0,0,0,
milk-colour,,heldout,5,2.0,from_mention,randnorm,0,6,3,7545,0,0,0,
milk-colour,,heldout,5,2.0,from_mention,randnorm,1,8,3,7545,0,0,0,
milk-colour,,heldout,5,2.0,from_mention,randnorm,2,9,2,7545,0,0,0,
milk-colour,,heldout,5,2.0,answer_only,lens,-1,8,3,7545,0,0,0,
milk-colour,,heldout,5,2.0,answer_only,randdir,0,10,3,7545,0,0,0,
milk-colour,,heldout,5,2.0,answer_only,randdir,1,10,3,7545,0,0,0,
milk-colour,,heldout,5,2.0,answer_only,randdir,2,7,3,7545,0,0,0,
milk-colour,,heldout,5,2.0,answer_only,randnorm,0,8,3,7545,0,0,0,
milk-colour,,heldout,5,2.0,answer_only,randnorm,1,9,3,7545,0,0,0,
milk-colour,,heldout,5,2.0,answer_only,randnorm,2,8,3,7545,0,0,0,
milk-colour,,heldout,6,0.5,all_no_bos,lens,-1,8,3,7545,0,0,0,
milk-colour,,heldout,6,0.5,all_no_bos,randdir,0,8,3,7545,0,0,0,
milk-colour,,heldout,6,0.5,all_no_bos,randdir,1,8,3,7545,0,0,0,
milk-colour,,heldout,6,0.5,all_no_bos,randdir,2,10,3,7545,0,0,0,
milk-colour,,heldout,6,0.5,all_no_bos,randnorm,0,9,3,7545,0,0,0,
milk-colour,,heldout,6,0.5,all_no_bos,randnorm,1,9,3,7545,0,0,0,
milk-colour,,heldout,6,0.5,all_no_bos,randnorm,2,10,3,7545,0,0,0,
milk-colour,,heldout,6,0.5,from_mention,lens,-1,8,3,7545,0,0,0,
milk-colour,,heldout,6,0.5,from_mention,randdir,0,8,3,7545,0,0,0,
milk-colour,,heldout,6,0.5,from_mention,randdir,1,8,3,7545,0,0,0,
milk-colour,,heldout,6,0.5,from_mention,randdir,2,10,3,7545,0,0,0,
milk-colour,,heldout,6,0.5,from_mention,randnorm,0,9,3,7545,0,0,0,
milk-colour,,heldout,6,0.5,from_mention,randnorm,1,9,3,7545,0,0,0,
milk-colour,,heldout,6,0.5,from_mention,randnorm,2,10,3,7545,0,0,0,
milk-colour,,heldout,6,0.5,answer_only,lens,-1,9,3,7545,0,0,0,
milk-colour,,heldout,6,0.5,answer_only,randdir,0,8,3,7545,0,0,0,
milk-colour,,heldout,6,0.5,answer_only,randdir,1,8,3,7545,0,0,0,
milk-colour,,heldout,6,0.5,answer_only,randdir,2,9,3,7545,0,0,0,
milk-colour,,heldout,6,0.5,answer_only,randnorm,0,9,3,7545,0,0,0,
milk-colour,,heldout,6,0.5,answer_only,randnorm,1,8,3,7545,0,0,0,
milk-colour,,heldout,6,0.5,answer_only,randnorm,2,9,3,7545,0,0,0,
milk-colour,,heldout,6,1.0,all_no_bos,lens,-1,8,3,7545,0,0,0,
milk-colour,,heldout,6,1.0,all_no_bos,randdir,0,8,3,7545,0,0,0,
milk-colour,,heldout,6,1.0,all_no_bos,randdir,1,8,3,7545,0,0,0,
milk-colour,,heldout,6,1.0,all_no_bos,randdir,2,11,3,7545,0,0,0,
milk-colour,,heldout,6,1.0,all_no_bos,randnorm,0,10,3,7545,0,0,0,
milk-colour,,heldout,6,1.0,all_no_bos,randnorm,1,9,3,7545,0,0,0,
milk-colour,,heldout,6,1.0,all_no_bos,randnorm,2,10,3,1444,0,0,0,
milk-colour,,heldout,6,1.0,from_mention,lens,-1,8,3,7545,0,0,0,
milk-colour,,heldout,6,1.0,from_mention,randdir,0,8,3,7545,0,0,0,
milk-colour,,heldout,6,1.0,from_mention,randdir,1,8,3,7545,0,0,0,
milk-colour,,heldout,6,1.0,from_mention,randdir,2,11,3,7545,0,0,0,
milk-colour,,heldout,6,1.0,from_mention,randnorm,0,10,3,7545,0,0,0,
milk-colour,,heldout,6,1.0,from_mention,randnorm,1,9,3,7545,0,0,0,
milk-colour,,heldout,6,1.0,from_mention,randnorm,2,10,3,1444,0,0,0,
milk-colour,,heldout,6,1.0,answer_only,lens,-1,9,3,7545,0,0,0,
milk-colour,,heldout,6,1.0,answer_only,randdir,0,8,3,7545,0,0,0,
milk-colour,,heldout,6,1.0,answer_only,randdir,1,8,3,7545,0,0,0,
milk-colour,,heldout,6,1.0,answer_only,randdir,2,10,3,7545,0,0,0,
milk-colour,,heldout,6,1.0,answer_only,randnorm,0,9,3,7545,0,0,0,
milk-colour,,heldout,6,1.0,answer_only,randnorm,1,8,3,7545,0,0,0,
milk-colour,,heldout,6,1.0,answer_only,randnorm,2,9,3,7545,0,0,0,
milk-colour,,heldout,6,2.0,all_no_bos,lens,-1,9,2,1444,0,0,0,
milk-colour,,heldout,6,2.0,all_no_bos,randdir,0,8,3,7545,0,0,0,
milk-colour,,heldout,6,2.0,all_no_bos,randdir,1,8,3,7545,0,0,0,
milk-colour,,heldout,6,2.0,all_no_bos,randdir,2,11,3,1444,0,0,0,
milk-colour,,heldout,6,2.0,all_no_bos,randnorm,0,10,4,7545,0,0,0,
milk-colour,,heldout,6,2.0,all_no_bos,randnorm,1,9,2,7545,0,0,0,
milk-colour,,heldout,6,2.0,all_no_bos,randnorm,2,11,2,1444,0,0,0,
milk-colour,,heldout,6,2.0,from_mention,lens,-1,9,2,1444,0,0,0,
milk-colour,,heldout,6,2.0,from_mention,randdir,0,8,3,7545,0,0,0,
milk-colour,,heldout,6,2.0,from_mention,randdir,1,8,3,7545,0,0,0,
milk-colour,,heldout,6,2.0,from_mention,randdir,2,11,3,1444,0,0,0,
milk-colour,,heldout,6,2.0,from_mention,randnorm,0,10,4,7545,0,0,0,
milk-colour,,heldout,6,2.0,from_mention,randnorm,1,9,2,7545,0,0,0,
milk-colour,,heldout,6,2.0,from_mention,randnorm,2,11,2,1444,0,0,0,
milk-colour,,heldout,6,2.0,answer_only,lens,-1,9,3,7545,0,0,0,
milk-colour,,heldout,6,2.0,answer_only,randdir,0,9,3,7545,0,0,0,
milk-colour,,heldout,6,2.0,answer_only,randdir,1,8,3,7545,0,0,0,
milk-colour,,heldout,6,2.0,answer_only,randdir,2,11,3,7545,0,0,0,
milk-colour,,heldout,6,2.0,answer_only,randnorm,0,10,3,7545,0,0,0,
milk-colour,,heldout,6,2.0,answer_only,randnorm,1,8,3,7545,0,0,0,
milk-colour,,heldout,6,2.0,answer_only,randnorm,2,11,3,7545,0,0,0,
milk-colour,,heldout,7,0.5,all_no_bos,lens,-1,8,3,7545,0,0,0,
milk-colour,,heldout,7,0.5,all_no_bos,randdir,0,8,3,7545,0,0,0,
milk-colour,,heldout,7,0.5,all_no_bos,randdir,1,8,3,7545,0,0,0,
milk-colour,,heldout,7,0.5,all_no_bos,randdir,2,8,3,7545,0,0,0,
milk-colour,,heldout,7,0.5,all_no_bos,randnorm,0,7,3,7545,0,0,0,
milk-colour,,heldout,7,0.5,all_no_bos,randnorm,1,8,3,7545,0,0,0,
milk-colour,,heldout,7,0.5,all_no_bos,randnorm,2,8,3,7545,0,0,0,
milk-colour,,heldout,7,0.5,from_mention,lens,-1,8,3,7545,0,0,0,
milk-colour,,heldout,7,0.5,from_mention,randdir,0,8,3,7545,0,0,0,
milk-colour,,heldout,7,0.5,from_mention,randdir,1,8,3,7545,0,0,0,
milk-colour,,heldout,7,0.5,from_mention,randdir,2,8,3,7545,0,0,0,
milk-colour,,heldout,7,0.5,from_mention,randnorm,0,7,3,7545,0,0,0,
milk-colour,,heldout,7,0.5,from_mention,randnorm,1,8,3,7545,0,0,0,
milk-colour,,heldout,7,0.5,from_mention,randnorm,2,8,3,7545,0,0,0,
milk-colour,,heldout,7,0.5,answer_only,lens,-1,9,3,7545,0,0,0,
milk-colour,,heldout,7,0.5,answer_only,randdir,0,8,3,7545,0,0,0,
milk-colour,,heldout,7,0.5,answer_only,randdir,1,8,3,7545,0,0,0,
milk-colour,,heldout,7,0.5,answer_only,randdir,2,8,3,7545,0,0,0,
milk-colour,,heldout,7,0.5,answer_only,randnorm,0,9,3,7545,0,0,0,
milk-colour,,heldout,7,0.5,answer_only,randnorm,1,8,3,7545,0,0,0,
milk-colour,,heldout,7,0.5,answer_only,randnorm,2,8,3,7545,0,0,0,
milk-colour,,heldout,7,1.0,all_no_bos,lens,-1,9,3,7545,0,0,0,
milk-colour,,heldout,7,1.0,all_no_bos,randdir,0,6,3,7545,0,0,0,
milk-colour,,heldout,7,1.0,all_no_bos,randdir,1,7,3,7545,0,0,0,
milk-colour,,heldout,7,1.0,all_no_bos,randdir,2,7,3,7545,0,0,0,
milk-colour,,heldout,7,1.0,all_no_bos,randnorm,0,7,2,7545,0,0,0,
milk-colour,,heldout,7,1.0,all_no_bos,randnorm,1,7,3,7545,0,0,0,
milk-colour,,heldout,7,1.0,all_no_bos,randnorm,2,7,3,7545,0,0,0,
milk-colour,,heldout,7,1.0,from_mention,lens,-1,9,3,7545,0,0,0,
milk-colour,,heldout,7,1.0,from_mention,randdir,0,6,3,7545,0,0,0,
milk-colour,,heldout,7,1.0,from_mention,randdir,1,7,3,7545,0,0,0,
milk-colour,,heldout,7,1.0,from_mention,randdir,2,7,3,7545,0,0,0,
milk-colour,,heldout,7,1.0,from_mention,randnorm,0,7,2,7545,0,0,0,
milk-colour,,heldout,7,1.0,from_mention,randnorm,1,7,3,7545,0,0,0,
milk-colour,,heldout,7,1.0,from_mention,randnorm,2,7,3,7545,0,0,0,
milk-colour,,heldout,7,1.0,answer_only,lens,-1,9,3,7545,0,0,0,
milk-colour,,heldout,7,1.0,answer_only,randdir,0,8,3,7545,0,0,0,
milk-colour,,heldout,7,1.0,answer_only,randdir,1,8,3,7545,0,0,0,
milk-colour,,heldout,7,1.0,answer_only,randdir,2,7,3,7545,0,0,0,
milk-colour,,heldout,7,1.0,answer_only,randnorm,0,9,3,7545,0,0,0,
milk-colour,,heldout,7,1.0,answer_only,randnorm,1,8,3,7545,0,0,0,
milk-colour,,heldout,7,1.0,answer_only,randnorm,2,8,3,7545,0,0,0,
milk-colour,,heldout,7,2.0,all_no_bos,lens,-1,11,2,1444,0,0,0,
milk-colour,,heldout,7,2.0,all_no_bos,randdir,0,6,2,7545,0,0,0,
milk-colour,,heldout,7,2.0,all_no_bos,randdir,1,6,3,7545,0,0,0,
milk-colour,,heldout,7,2.0,all_no_bos,randdir,2,7,2,7545,0,0,0,
milk-colour,,heldout,7,2.0,all_no_bos,randnorm,0,7,2,7545,0,0,0,
milk-colour,,heldout,7,2.0,all_no_bos,randnorm,1,6,2,1444,0,0,0,
milk-colour,,heldout,7,2.0,all_no_bos,randnorm,2,10,3,7545,0,0,0,
milk-colour,,heldout,7,2.0,from_mention,lens,-1,11,2,1444,0,0,0,
milk-colour,,heldout,7,2.0,from_mention,randdir,0,6,2,7545,0,0,0,
milk-colour,,heldout,7,2.0,from_mention,randdir,1,6,3,7545,0,0,0,
milk-colour,,heldout,7,2.0,from_mention,randdir,2,7,2,7545,0,0,0,
milk-colour,,heldout,7,2.0,from_mention,randnorm,0,7,2,7545,0,0,0,
milk-colour,,heldout,7,2.0,from_mention,randnorm,1,6,2,1444,0,0,0,
milk-colour,,heldout,7,2.0,from_mention,randnorm,2,10,3,7545,0,0,0,
milk-colour,,heldout,7,2.0,answer_only,lens,-1,9,3,7545,0,0,0,
milk-colour,,heldout,7,2.0,answer_only,randdir,0,8,3,7545,0,0,0,
milk-colour,,heldout,7,2.0,answer_only,randdir,1,8,3,7545,0,0,0,
milk-colour,,heldout,7,2.0,answer_only,randdir,2,7,2,7545,0,0,0,
milk-colour,,heldout,7,2.0,answer_only,randnorm,0,9,3,7545,0,0,0,
milk-colour,,heldout,7,2.0,answer_only,randnorm,1,6,3,7545,0,0,0,
milk-colour,,heldout,7,2.0,answer_only,randnorm,2,8,3,7545,0,0,0,
milk-colour,,heldout,8,0.5,all_no_bos,lens,-1,8,3,7545,0,0,0,
milk-colour,,heldout,8,0.5,all_no_bos,randdir,0,9,3,7545,0,0,0,
milk-colour,,heldout,8,0.5,all_no_bos,randdir,1,7,3,7545,0,0,0,
milk-colour,,heldout,8,0.5,all_no_bos,randdir,2,9,3,7545,0,0,0,
milk-colour,,heldout,8,0.5,all_no_bos,randnorm,0,9,3,7545,0,0,0,
milk-colour,,heldout,8,0.5,all_no_bos,randnorm,1,6,3,7545,0,0,0,
milk-colour,,heldout,8,0.5,all_no_bos,randnorm,2,9,3,7545,0,0,0,
milk-colour,,heldout,8,0.5,from_mention,lens,-1,8,3,7545,0,0,0,
milk-colour,,heldout,8,0.5,from_mention,randdir,0,9,3,7545,0,0,0,
milk-colour,,heldout,8,0.5,from_mention,randdir,1,7,3,7545,0,0,0,
milk-colour,,heldout,8,0.5,from_mention,randdir,2,9,3,7545,0,0,0,
milk-colour,,heldout,8,0.5,from_mention,randnorm,0,9,3,7545,0,0,0,
milk-colour,,heldout,8,0.5,from_mention,randnorm,1,6,3,7545,0,0,0,
milk-colour,,heldout,8,0.5,from_mention,randnorm,2,9,3,7545,0,0,0,
milk-colour,,heldout,8,0.5,answer_only,lens,-1,8,3,7545,0,0,0,
milk-colour,,heldout,8,0.5,answer_only,randdir,0,8,3,7545,0,0,0,
milk-colour,,heldout,8,0.5,answer_only,randdir,1,8,3,7545,0,0,0,
milk-colour,,heldout,8,0.5,answer_only,randdir,2,9,3,7545,0,0,0,
milk-colour,,heldout,8,0.5,answer_only,randnorm,0,8,3,7545,0,0,0,
milk-colour,,heldout,8,0.5,answer_only,randnorm,1,8,3,7545,0,0,0,
milk-colour,,heldout,8,0.5,answer_only,randnorm,2,9,3,7545,0,0,0,
milk-colour,,heldout,8,1.0,all_no_bos,lens,-1,6,3,7545,0,0,0,
milk-colour,,heldout,8,1.0,all_no_bos,randdir,0,9,3,7545,0,0,0,
milk-colour,,heldout,8,1.0,all_no_bos,randdir,1,6,3,7545,0,0,0,
milk-colour,,heldout,8,1.0,all_no_bos,randdir,2,10,3,7545,0,0,0,
milk-colour,,heldout,8,1.0,all_no_bos,randnorm,0,10,3,7545,0,0,0,
milk-colour,,heldout,8,1.0,all_no_bos,randnorm,1,6,3,7545,0,0,0,
milk-colour,,heldout,8,1.0,all_no_bos,randnorm,2,9,3,7545,0,0,0,
milk-colour,,heldout,8,1.0,from_mention,lens,-1,6,3,7545,0,0,0,
milk-colour,,heldout,8,1.0,from_mention,randdir,0,9,3,7545,0,0,0,
milk-colour,,heldout,8,1.0,from_mention,randdir,1,6,3,7545,0,0,0,
milk-colour,,heldout,8,1.0,from_mention,randdir,2,10,3,7545,0,0,0,
milk-colour,,heldout,8,1.0,from_mention,randnorm,0,10,3,7545,0,0,0,
milk-colour,,heldout,8,1.0,from_mention,randnorm,1,6,3,7545,0,0,0,
milk-colour,,heldout,8,1.0,from_mention,randnorm,2,9,3,7545,0,0,0,
milk-colour,,heldout,8,1.0,answer_only,lens,-1,8,3,7545,0,0,0,
milk-colour,,heldout,8,1.0,answer_only,randdir,0,9,3,7545,0,0,0,
milk-colour,,heldout,8,1.0,answer_only,randdir,1,9,3,7545,0,0,0,
milk-colour,,heldout,8,1.0,answer_only,randdir,2,10,3,7545,0,0,0,
milk-colour,,heldout,8,1.0,answer_only,randnorm,0,9,3,7545,0,0,0,
milk-colour,,heldout,8,1.0,answer_only,randnorm,1,9,3,7545,0,0,0,
milk-colour,,heldout,8,1.0,answer_only,randnorm,2,9,3,7545,0,0,0,
milk-colour,,heldout,8,2.0,all_no_bos,lens,-1,7,2,1444,0,0,0,
milk-colour,,heldout,8,2.0,all_no_bos,randdir,0,10,3,7545,0,0,0,
milk-colour,,heldout,8,2.0,all_no_bos,randdir,1,6,3,7545,0,0,0,
milk-colour,,heldout,8,2.0,all_no_bos,randdir,2,12,5,1444,0,0,0,
milk-colour,,heldout,8,2.0,all_no_bos,randnorm,0,8,3,7545,0,0,0,
milk-colour,,heldout,8,2.0,all_no_bos,randnorm,1,6,3,7545,0,0,0,
milk-colour,,heldout,8,2.0,all_no_bos,randnorm,2,11,3,1444,0,0,0,
milk-colour,,heldout,8,2.0,from_mention,lens,-1,7,2,1444,0,0,0,
milk-colour,,heldout,8,2.0,from_mention,randdir,0,10,3,7545,0,0,0,
milk-colour,,heldout,8,2.0,from_mention,randdir,1,6,3,7545,0,0,0,
milk-colour,,heldout,8,2.0,from_mention,randdir,2,12,5,1444,0,0,0,
milk-colour,,heldout,8,2.0,from_mention,randnorm,0,8,3,7545,0,0,0,
milk-colour,,heldout,8,2.0,from_mention,randnorm,1,6,3,7545,0,0,0,
milk-colour,,heldout,8,2.0,from_mention,randnorm,2,11,3,1444,0,0,0,
milk-colour,,heldout,8,2.0,answer_only,lens,-1,7,3,7545,0,0,0,
milk-colour,,heldout,8,2.0,answer_only,randdir,0,9,3,7545,0,0,0,
milk-colour,,heldout,8,2.0,answer_only,randdir,1,9,3,7545,0,0,0,
milk-colour,,heldout,8,2.0,answer_only,randdir,2,12,5,1444,0,0,0,
milk-colour,,heldout,8,2.0,answer_only,randnorm,0,9,3,7545,0,0,0,
milk-colour,,heldout,8,2.0,answer_only,randnorm,1,9,3,7545,0,0,0,
milk-colour,,heldout,8,2.0,answer_only,randnorm,2,9,3,7545,0,0,0,
milk-colour,,heldout,9,0.5,all_no_bos,lens,-1,8,3,7545,0,0,0,
milk-colour,,heldout,9,0.5,all_no_bos,randdir,0,7,3,7545,0,0,0,
milk-colour,,heldout,9,0.5,all_no_bos,randdir,1,8,3,7545,0,0,0,
milk-colour,,heldout,9,0.5,all_no_bos,randdir,2,9,3,7545,0,0,0,
milk-colour,,heldout,9,0.5,all_no_bos,randnorm,0,9,3,7545,0,0,0,
milk-colour,,heldout,9,0.5,all_no_bos,randnorm,1,9,3,7545,0,0,0,
milk-colour,,heldout,9,0.5,all_no_bos,randnorm,2,9,3,7545,0,0,0,
milk-colour,,heldout,9,0.5,from_mention,lens,-1,8,3,7545,0,0,0,
milk-colour,,heldout,9,0.5,from_mention,randdir,0,7,3,7545,0,0,0,
milk-colour,,heldout,9,0.5,from_mention,randdir,1,8,3,7545,0,0,0,
milk-colour,,heldout,9,0.5,from_mention,randdir,2,9,3,7545,0,0,0,
milk-colour,,heldout,9,0.5,from_mention,randnorm,0,9,3,7545,0,0,0,
milk-colour,,heldout,9,0.5,from_mention,randnorm,1,9,3,7545,0,0,0,
milk-colour,,heldout,9,0.5,from_mention,randnorm,2,9,3,7545,0,0,0,
milk-colour,,heldout,9,0.5,answer_only,lens,-1,8,3,7545,0,0,0,
milk-colour,,heldout,9,0.5,answer_only,randdir,0,8,3,7545,0,0,0,
milk-colour,,heldout,9,0.5,answer_only,randdir,1,8,3,7545,0,0,0,
milk-colour,,heldout,9,0.5,answer_only,randdir,2,8,3,7545,0,0,0,
milk-colour,,heldout,9,0.5,answer_only,randnorm,0,8,3,7545,0,0,0,
milk-colour,,heldout,9,0.5,answer_only,randnorm,1,8,3,7545,0,0,0,
milk-colour,,heldout,9,0.5,answer_only,randnorm,2,8,3,7545,0,0,0,
milk-colour,,heldout,9,1.0,all_no_bos,lens,-1,8,3,7545,0,0,0,
milk-colour,,heldout,9,1.0,all_no_bos,randdir,0,6,3,7545,0,0,0,
milk-colour,,heldout,9,1.0,all_no_bos,randdir,1,8,3,7545,0,0,0,
milk-colour,,heldout,9,1.0,all_no_bos,randdir,2,9,3,7545,0,0,0,
milk-colour,,heldout,9,1.0,all_no_bos,randnorm,0,8,3,7545,0,0,0,
milk-colour,,heldout,9,1.0,all_no_bos,randnorm,1,10,3,7545,0,0,0,
milk-colour,,heldout,9,1.0,all_no_bos,randnorm,2,9,3,7545,0,0,0,
milk-colour,,heldout,9,1.0,from_mention,lens,-1,8,3,7545,0,0,0,
milk-colour,,heldout,9,1.0,from_mention,randdir,0,6,3,7545,0,0,0,
milk-colour,,heldout,9,1.0,from_mention,randdir,1,8,3,7545,0,0,0,
milk-colour,,heldout,9,1.0,from_mention,randdir,2,9,3,7545,0,0,0,
milk-colour,,heldout,9,1.0,from_mention,randnorm,0,8,3,7545,0,0,0,
milk-colour,,heldout,9,1.0,from_mention,randnorm,1,10,3,7545,0,0,0,
milk-colour,,heldout,9,1.0,from_mention,randnorm,2,9,3,7545,0,0,0,
milk-colour,,heldout,9,1.0,answer_only,lens,-1,8,3,7545,0,0,0,
milk-colour,,heldout,9,1.0,answer_only,randdir,0,8,3,7545,0,0,0,
milk-colour,,heldout,9,1.0,answer_only,randdir,1,6,3,7545,0,0,0,
milk-colour,,heldout,9,1.0,answer_only,randdir,2,8,3,7545,0,0,0,
milk-colour,,heldout,9,1.0,answer_only,randnorm,0,8,3,7545,0,0,0,
milk-colour,,heldout,9,1.0,answer_only,randnorm,1,8,3,7545,0,0,0,
milk-colour,,heldout,9,1.0,answer_only,randnorm,2,8,3,7545,0,0,0,
milk-colour,,heldout,9,2.0,all_no_bos,lens,-1,8,3,7545,0,0,0,
milk-colour,,heldout,9,2.0,all_no_bos,randdir,0,6,3,7545,0,0,0,
milk-colour,,heldout,9,2.0,all_no_bos,randdir,1,8,3,7545,0,0,0,
milk-colour,,heldout,9,2.0,all_no_bos,randdir,2,9,2,7545,0,0,0,
milk-colour,,heldout,9,2.0,all_no_bos,randnorm,0,7,2,7545,0,0,0,
milk-colour,,heldout,9,2.0,all_no_bos,randnorm,1,10,3,7545,0,0,0,
milk-colour,,heldout,9,2.0,all_no_bos,randnorm,2,9,3,7545,0,0,0,
milk-colour,,heldout,9,2.0,from_mention,lens,-1,8,3,7545,0,0,0,
milk-colour,,heldout,9,2.0,from_mention,randdir,0,6,3,7545,0,0,0,
milk-colour,,heldout,9,2.0,from_mention,randdir,1,8,3,7545,0,0,0,
milk-colour,,heldout,9,2.0,from_mention,randdir,2,9,2,7545,0,0,0,
milk-colour,,heldout,9,2.0,from_mention,randnorm,0,7,2,7545,0,0,0,
milk-colour,,heldout,9,2.0,from_mention,randnorm,1,10,3,7545,0,0,0,
milk-colour,,heldout,9,2.0,from_mention,randnorm,2,9,3,7545,0,0,0,
milk-colour,,heldout,9,2.0,answer_only,lens,-1,8,3,7545,0,0,0,
milk-colour,,heldout,9,2.0,answer_only,randdir,0,9,3,7545,0,0,0,
milk-colour,,heldout,9,2.0,answer_only,randdir,1,6,3,7545,0,0,0,
milk-colour,,heldout,9,2.0,answer_only,randdir,2,8,3,7545,0,0,0,
milk-colour,,heldout,9,2.0,answer_only,randnorm,0,8,3,7545,0,0,0,
milk-colour,,heldout,9,2.0,answer_only,randnorm,1,6,3,7545,0,0,0,
milk-colour,,heldout,9,2.0,answer_only,randnorm,2,8,3,7545,0,0,0,
milk-colour,,heldout,10,0.5,all_no_bos,lens,-1,6,3,1444,0,0,0,
milk-colour,,heldout,10,0.5,all_no_bos,randdir,0,8,3,7545,0,0,0,
milk-colour,,heldout,10,0.5,all_no_bos,randdir,1,8,3,7545,0,0,0,
milk-colour,,heldout,10,0.5,all_no_bos,randdir,2,7,3,7545,0,0,0,
milk-colour,,heldout,10,0.5,all_no_bos,randnorm,0,8,3,7545,0,0,0,
milk-colour,,heldout,10,0.5,all_no_bos,randnorm,1,9,3,7545,0,0,0,
milk-colour,,heldout,10,0.5,all_no_bos,randnorm,2,6,3,7545,0,0,0,
milk-colour,,heldout,10,0.5,from_mention,lens,-1,6,3,1444,0,0,0,
milk-colour,,heldout,10,0.5,from_mention,randdir,0,8,3,7545,0,0,0,
milk-colour,,heldout,10,0.5,from_mention,randdir,1,8,3,7545,0,0,0,
milk-colour,,heldout,10,0.5,from_mention,randdir,2,7,3,7545,0,0,0,
milk-colour,,heldout,10,0.5,from_mention,randnorm,0,8,3,7545,0,0,0,
milk-colour,,heldout,10,0.5,from_mention,randnorm,1,9,3,7545,0,0,0,
milk-colour,,heldout,10,0.5,from_mention,randnorm,2,6,3,7545,0,0,0,
milk-colour,,heldout,10,0.5,answer_only,lens,-1,8,3,1444,0,0,0,
milk-colour,,heldout,10,0.5,answer_only,randdir,0,8,3,7545,0,0,0,
milk-colour,,heldout,10,0.5,answer_only,randdir,1,10,3,7545,0,0,0,
milk-colour,,heldout,10,0.5,answer_only,randdir,2,8,3,7545,0,0,0,
milk-colour,,heldout,10,0.5,answer_only,randnorm,0,8,3,7545,0,0,0,
milk-colour,,heldout,10,0.5,answer_only,randnorm,1,9,3,7545,0,0,0,
milk-colour,,heldout,10,0.5,answer_only,randnorm,2,6,3,7545,0,0,0,
milk-colour,,heldout,10,1.0,all_no_bos,lens,-1,6,2,1444,0,0,0,
milk-colour,,heldout,10,1.0,all_no_bos,randdir,0,8,3,7545,0,0,0,
milk-colour,,heldout,10,1.0,all_no_bos,randdir,1,10,3,7545,0,0,0,
milk-colour,,heldout,10,1.0,all_no_bos,randdir,2,6,3,7545,0,0,0,
milk-colour,,heldout,10,1.0,all_no_bos,randnorm,0,8,3,7545,0,0,0,
milk-colour,,heldout,10,1.0,all_no_bos,randnorm,1,8,3,7545,0,0,0,
milk-colour,,heldout,10,1.0,all_no_bos,randnorm,2,6,3,7545,0,0,0,
milk-colour,,heldout,10,1.0,from_mention,lens,-1,6,2,1444,0,0,0,
milk-colour,,heldout,10,1.0,from_mention,randdir,0,8,3,7545,0,0,0,
milk-colour,,heldout,10,1.0,from_mention,randdir,1,10,3,7545,0,0,0,
milk-colour,,heldout,10,1.0,from_mention,randdir,2,6,3,7545,0,0,0,
milk-colour,,heldout,10,1.0,from_mention,randnorm,0,8,3,7545,0,0,0,
milk-colour,,heldout,10,1.0,from_mention,randnorm,1,8,3,7545,0,0,0,
milk-colour,,heldout,10,1.0,from_mention,randnorm,2,6,3,7545,0,0,0,
milk-colour,,heldout,10,1.0,answer_only,lens,-1,7,2,1444,0,0,0,
milk-colour,,heldout,10,1.0,answer_only,randdir,0,8,3,7545,0,0,0,
milk-colour,,heldout,10,1.0,answer_only,randdir,1,10,3,7545,0,0,0,
milk-colour,,heldout,10,1.0,answer_only,randdir,2,6,3,7545,0,0,0,
milk-colour,,heldout,10,1.0,answer_only,randnorm,0,8,2,7545,0,0,0,
milk-colour,,heldout,10,1.0,answer_only,randnorm,1,10,3,7545,0,0,0,
milk-colour,,heldout,10,1.0,answer_only,randnorm,2,6,3,7545,0,0,0,
milk-colour,,heldout,10,2.0,all_no_bos,lens,-1,6,2,6891,0,0,0,
milk-colour,,heldout,10,2.0,all_no_bos,randdir,0,8,2,7545,0,0,0,
milk-colour,,heldout,10,2.0,all_no_bos,randdir,1,10,3,7545,0,0,0,
milk-colour,,heldout,10,2.0,all_no_bos,randdir,2,6,3,7545,0,0,0,
milk-colour,,heldout,10,2.0,all_no_bos,randnorm,0,7,2,7545,0,0,0,
milk-colour,,heldout,10,2.0,all_no_bos,randnorm,1,10,3,7545,0,0,0,
milk-colour,,heldout,10,2.0,all_no_bos,randnorm,2,6,3,7545,0,0,0,
milk-colour,,heldout,10,2.0,from_mention,lens,-1,6,2,6891,0,0,0,
milk-colour,,heldout,10,2.0,from_mention,randdir,0,8,2,7545,0,0,0,
milk-colour,,heldout,10,2.0,from_mention,randdir,1,10,3,7545,0,0,0,
milk-colour,,heldout,10,2.0,from_mention,randdir,2,6,3,7545,0,0,0,
milk-colour,,heldout,10,2.0,from_mention,randnorm,0,7,2,7545,0,0,0,
milk-colour,,heldout,10,2.0,from_mention,randnorm,1,10,3,7545,0,0,0,
milk-colour,,heldout,10,2.0,from_mention,randnorm,2,6,3,7545,0,0,0,
milk-colour,,heldout,10,2.0,answer_only,lens,-1,6,3,6891,0,0,0,
milk-colour,,heldout,10,2.0,answer_only,randdir,0,8,2,7545,0,0,0,
milk-colour,,heldout,10,2.0,answer_only,randdir,1,10,3,7545,0,0,0,
milk-colour,,heldout,10,2.0,answer_only,randdir,2,6,3,7545,0,0,0,
milk-colour,,heldout,10,2.0,answer_only,randnorm,0,9,2,7545,0,0,0,
milk-colour,,heldout,10,2.0,answer_only,randnorm,1,10,3,7545,0,0,0,
milk-colour,,heldout,10,2.0,answer_only,randnorm,2,6,3,1444,0,0,0,
milk-colour,,heldout,5-6,0.5,all_no_bos,lens,-1,9,3,7545,0,0,0,
milk-colour,,heldout,5-6,0.5,all_no_bos,randdir,0,8,3,7545,0,0,0,
milk-colour,,heldout,5-6,0.5,all_no_bos,randdir,1,8,3,7545,0,0,0,
milk-colour,,heldout,5-6,0.5,all_no_bos,randdir,2,10,3,7545,0,0,0,
milk-colour,,heldout,5-6,0.5,all_no_bos,randnorm,0,8,3,7545,0,0,0,
milk-colour,,heldout,5-6,0.5,all_no_bos,randnorm,1,9,3,7545,0,0,0,
milk-colour,,heldout,5-6,0.5,all_no_bos,randnorm,2,9,3,7545,0,0,0,
milk-colour,,heldout,5-6,0.5,from_mention,lens,-1,9,3,7545,0,0,0,
milk-colour,,heldout,5-6,0.5,from_mention,randdir,0,8,3,7545,0,0,0,
milk-colour,,heldout,5-6,0.5,from_mention,randdir,1,8,3,7545,0,0,0,
milk-colour,,heldout,5-6,0.5,from_mention,randdir,2,10,3,7545,0,0,0,
milk-colour,,heldout,5-6,0.5,from_mention,randnorm,0,8,3,7545,0,0,0,
milk-colour,,heldout,5-6,0.5,from_mention,randnorm,1,9,3,7545,0,0,0,
milk-colour,,heldout,5-6,0.5,from_mention,randnorm,2,9,3,7545,0,0,0,
milk-colour,,heldout,5-6,0.5,answer_only,lens,-1,8,3,7545,0,0,0,
milk-colour,,heldout,5-6,0.5,answer_only,randdir,0,8,3,7545,0,0,0,
milk-colour,,heldout,5-6,0.5,answer_only,randdir,1,8,3,7545,0,0,0,
milk-colour,,heldout,5-6,0.5,answer_only,randdir,2,8,3,7545,0,0,0,
milk-colour,,heldout,5-6,0.5,answer_only,randnorm,0,9,3,7545,0,0,0,
milk-colour,,heldout,5-6,0.5,answer_only,randnorm,1,8,3,7545,0,0,0,
milk-colour,,heldout,5-6,0.5,answer_only,randnorm,2,9,3,7545,0,0,0,
milk-colour,,heldout,5-6,1.0,all_no_bos,lens,-1,11,3,7545,0,0,0,
milk-colour,,heldout,5-6,1.0,all_no_bos,randdir,0,8,3,7545,0,0,0,
milk-colour,,heldout,5-6,1.0,all_no_bos,randdir,1,8,3,7545,0,0,0,
milk-colour,,heldout,5-6,1.0,all_no_bos,randdir,2,11,3,7545,0,0,0,
milk-colour,,heldout,5-6,1.0,all_no_bos,randnorm,0,7,3,7545,0,0,0,
milk-colour,,heldout,5-6,1.0,all_no_bos,randnorm,1,9,3,7545,0,0,0,
milk-colour,,heldout,5-6,1.0,all_no_bos,randnorm,2,10,3,1444,0,0,0,
milk-colour,,heldout,5-6,1.0,from_mention,lens,-1,11,3,7545,0,0,0,
milk-colour,,heldout,5-6,1.0,from_mention,randdir,0,8,3,7545,0,0,0,
milk-colour,,heldout,5-6,1.0,from_mention,randdir,1,8,3,7545,0,0,0,
milk-colour,,heldout,5-6,1.0,from_mention,randdir,2,11,3,7545,0,0,0,
milk-colour,,heldout,5-6,1.0,from_mention,randnorm,0,7,3,7545,0,0,0,
milk-colour,,heldout,5-6,1.0,from_mention,randnorm,1,9,3,7545,0,0,0,
milk-colour,,heldout,5-6,1.0,from_mention,randnorm,2,10,3,1444,0,0,0,
milk-colour,,heldout,5-6,1.0,answer_only,lens,-1,9,3,7545,0,0,0,
milk-colour,,heldout,5-6,1.0,answer_only,randdir,0,9,3,7545,0,0,0,
milk-colour,,heldout,5-6,1.0,answer_only,randdir,1,8,3,7545,0,0,0,
milk-colour,,heldout,5-6,1.0,answer_only,randdir,2,8,3,7545,0,0,0,
milk-colour,,heldout,5-6,1.0,answer_only,randnorm,0,9,3,7545,0,0,0,
milk-colour,,heldout,5-6,1.0,answer_only,randnorm,1,8,3,7545,0,0,0,
milk-colour,,heldout,5-6,1.0,answer_only,randnorm,2,9,3,7545,0,0,0,
milk-colour,,heldout,5-6,2.0,all_no_bos,lens,-1,19,5,1444,0,0,0,
milk-colour,,heldout,5-6,2.0,all_no_bos,randdir,0,7,3,7545,0,0,0,
milk-colour,,heldout,5-6,2.0,all_no_bos,randdir,1,8,3,7545,0,0,0,
milk-colour,,heldout,5-6,2.0,all_no_bos,randdir,2,11,3,1444,0,0,0,
milk-colour,,heldout,5-6,2.0,all_no_bos,randnorm,0,8,4,7545,0,0,0,
milk-colour,,heldout,5-6,2.0,all_no_bos,randnorm,1,11,5,7545,0,0,0,
milk-colour,,heldout,5-6,2.0,all_no_bos,randnorm,2,12,2,1444,0,0,0,
milk-colour,,heldout,5-6,2.0,from_mention,lens,-1,19,5,1444,0,0,0,
milk-colour,,heldout,5-6,2.0,from_mention,randdir,0,7,3,7545,0,0,0,
milk-colour,,heldout,5-6,2.0,from_mention,randdir,1,8,3,7545,0,0,0,
milk-colour,,heldout,5-6,2.0,from_mention,randdir,2,11,3,1444,0,0,0,
milk-colour,,heldout,5-6,2.0,from_mention,randnorm,0,8,4,7545,0,0,0,
milk-colour,,heldout,5-6,2.0,from_mention,randnorm,1,11,5,7545,0,0,0,
milk-colour,,heldout,5-6,2.0,from_mention,randnorm,2,12,2,1444,0,0,0,
milk-colour,,heldout,5-6,2.0,answer_only,lens,-1,8,3,7545,0,0,0,
milk-colour,,heldout,5-6,2.0,answer_only,randdir,0,11,3,7545,0,0,0,
milk-colour,,heldout,5-6,2.0,answer_only,randdir,1,10,3,7545,0,0,0,
milk-colour,,heldout,5-6,2.0,answer_only,randdir,2,9,3,7545,0,0,0,
milk-colour,,heldout,5-6,2.0,answer_only,randnorm,0,10,3,7545,0,0,0,
milk-colour,,heldout,5-6,2.0,answer_only,randnorm,1,8,3,7545,0,0,0,
milk-colour,,heldout,5-6,2.0,answer_only,randnorm,2,11,3,7545,0,0,0,
milk-colour,,heldout,6-7,0.5,all_no_bos,lens,-1,8,3,7545,0,0,0,
milk-colour,,heldout,6-7,0.5,all_no_bos,randdir,0,7,3,7545,0,0,0,
milk-colour,,heldout,6-7,0.5,all_no_bos,randdir,1,8,3,7545,0,0,0,
milk-colour,,heldout,6-7,0.5,all_no_bos,randdir,2,8,3,7545,0,0,0,
milk-colour,,heldout,6-7,0.5,all_no_bos,randnorm,0,7,3,7545,0,0,0,
milk-colour,,heldout,6-7,0.5,all_no_bos,randnorm,1,9,3,7545,0,0,0,
milk-colour,,heldout,6-7,0.5,all_no_bos,randnorm,2,8,3,7545,0,0,0,
milk-colour,,heldout,6-7,0.5,from_mention,lens,-1,8,3,7545,0,0,0,
milk-colour,,heldout,6-7,0.5,from_mention,randdir,0,7,3,7545,0,0,0,
milk-colour,,heldout,6-7,0.5,from_mention,randdir,1,8,3,7545,0,0,0,
milk-colour,,heldout,6-7,0.5,from_mention,randdir,2,8,3,7545,0,0,0,
milk-colour,,heldout,6-7,0.5,from_mention,randnorm,0,7,3,7545,0,0,0,
milk-colour,,heldout,6-7,0.5,from_mention,randnorm,1,9,3,7545,0,0,0,
milk-colour,,heldout,6-7,0.5,from_mention,randnorm,2,8,3,7545,0,0,0,
milk-colour,,heldout,6-7,0.5,answer_only,lens,-1,9,3,7545,0,0,0,
milk-colour,,heldout,6-7,0.5,answer_only,randdir,0,8,3,7545,0,0,0,
milk-colour,,heldout,6-7,0.5,answer_only,randdir,1,8,3,7545,0,0,0,
milk-colour,,heldout,6-7,0.5,answer_only,randdir,2,8,3,7545,0,0,0,
milk-colour,,heldout,6-7,0.5,answer_only,randnorm,0,9,3,7545,0,0,0,
milk-colour,,heldout,6-7,0.5,answer_only,randnorm,1,8,3,7545,0,0,0,
milk-colour,,heldout,6-7,0.5,answer_only,randnorm,2,9,3,7545,0,0,0,
milk-colour,,heldout,6-7,1.0,all_no_bos,lens,-1,9,3,7545,0,0,0,
milk-colour,,heldout,6-7,1.0,all_no_bos,randdir,0,6,3,7545,0,0,0,
milk-colour,,heldout,6-7,1.0,all_no_bos,randdir,1,7,3,7545,0,0,0,
milk-colour,,heldout,6-7,1.0,all_no_bos,randdir,2,9,3,7545,0,0,0,
milk-colour,,heldout,6-7,1.0,all_no_bos,randnorm,0,8,2,7545,0,0,0,
milk-colour,,heldout,6-7,1.0,all_no_bos,randnorm,1,8,2,7545,0,0,0,
milk-colour,,heldout,6-7,1.0,all_no_bos,randnorm,2,11,2,1444,0,0,0,
milk-colour,,heldout,6-7,1.0,from_mention,lens,-1,9,3,7545,0,0,0,
milk-colour,,heldout,6-7,1.0,from_mention,randdir,0,6,3,7545,0,0,0,
milk-colour,,heldout,6-7,1.0,from_mention,randdir,1,7,3,7545,0,0,0,
milk-colour,,heldout,6-7,1.0,from_mention,randdir,2,9,3,7545,0,0,0,
milk-colour,,heldout,6-7,1.0,from_mention,randnorm,0,8,2,7545,0,0,0,
milk-colour,,heldout,6-7,1.0,from_mention,randnorm,1,8,2,7545,0,0,0,
milk-colour,,heldout,6-7,1.0,from_mention,randnorm,2,11,2,1444,0,0,0,
milk-colour,,heldout,6-7,1.0,answer_only,lens,-1,8,3,7545,0,0,0,
milk-colour,,heldout,6-7,1.0,answer_only,randdir,0,9,3,7545,0,0,0,
milk-colour,,heldout,6-7,1.0,answer_only,randdir,1,8,3,7545,0,0,0,
milk-colour,,heldout,6-7,1.0,answer_only,randdir,2,8,3,7545,0,0,0,
milk-colour,,heldout,6-7,1.0,answer_only,randnorm,0,9,3,7545,0,0,0,
milk-colour,,heldout,6-7,1.0,answer_only,randnorm,1,8,3,7545,0,0,0,
milk-colour,,heldout,6-7,1.0,answer_only,randnorm,2,9,3,7545,0,0,0,
milk-colour,,heldout,6-7,2.0,all_no_bos,lens,-1,9,4,1444,0,0,0,
milk-colour,,heldout,6-7,2.0,all_no_bos,randdir,0,6,2,7545,0,0,0,
milk-colour,,heldout,6-7,2.0,all_no_bos,randdir,1,7,3,7545,0,0,0,
milk-colour,,heldout,6-7,2.0,all_no_bos,randdir,2,10,2,1444,0,0,0,
milk-colour,,heldout,6-7,2.0,all_no_bos,randnorm,0,7,4,7545,0,0,0,
milk-colour,,heldout,6-7,2.0,all_no_bos,randnorm,1,6,2,7545,0,0,0,
milk-colour,,heldout,6-7,2.0,all_no_bos,randnorm,2,11,2,1444,0,0,0,
milk-colour,,heldout,6-7,2.0,from_mention,lens,-1,9,4,1444,0,0,0,
milk-colour,,heldout,6-7,2.0,from_mention,randdir,0,6,2,7545,0,0,0,
milk-colour,,heldout,6-7,2.0,from_mention,randdir,1,7,3,7545,0,0,0,
milk-colour,,heldout,6-7,2.0,from_mention,randdir,2,10,2,1444,0,0,0,
milk-colour,,heldout,6-7,2.0,from_mention,randnorm,0,7,4,7545,0,0,0,
milk-colour,,heldout,6-7,2.0,from_mention,randnorm,1,6,2,7545,0,0,0,
milk-colour,,heldout,6-7,2.0,from_mention,randnorm,2,11,2,1444,0,0,0,
milk-colour,,heldout,6-7,2.0,answer_only,lens,-1,7,3,7545,0,0,0,
milk-colour,,heldout,6-7,2.0,answer_only,randdir,0,9,3,7545,0,0,0,
milk-colour,,heldout,6-7,2.0,answer_only,randdir,1,8,3,7545,0,0,0,
milk-colour,,heldout,6-7,2.0,answer_only,randdir,2,8,3,7545,0,0,0,
milk-colour,,heldout,6-7,2.0,answer_only,randnorm,0,10,3,7545,0,0,0,
milk-colour,,heldout,6-7,2.0,answer_only,randnorm,1,6,3,7545,0,0,0,
milk-colour,,heldout,6-7,2.0,answer_only,randnorm,2,10,3,7545,0,0,0,
milk-colour,,heldout,7-8,0.5,all_no_bos,lens,-1,8,3,7545,0,0,0,
milk-colour,,heldout,7-8,0.5,all_no_bos,randdir,0,8,3,7545,0,0,0,
milk-colour,,heldout,7-8,0.5,all_no_bos,randdir,1,6,3,7545,0,0,0,
milk-colour,,heldout,7-8,0.5,all_no_bos,randdir,2,9,3,7545,0,0,0,
milk-colour,,heldout,7-8,0.5,all_no_bos,randnorm,0,7,3,7545,0,0,0,
milk-colour,,heldout,7-8,0.5,all_no_bos,randnorm,1,6,3,7545,0,0,0,
milk-colour,,heldout,7-8,0.5,all_no_bos,randnorm,2,8,3,7545,0,0,0,
milk-colour,,heldout,7-8,0.5,from_mention,lens,-1,8,3,7545,0,0,0,
milk-colour,,heldout,7-8,0.5,from_mention,randdir,0,8,3,7545,0,0,0,
milk-colour,,heldout,7-8,0.5,from_mention,randdir,1,6,3,7545,0,0,0,
milk-colour,,heldout,7-8,0.5,from_mention,randdir,2,9,3,7545,0,0,0,
milk-colour,,heldout,7-8,0.5,from_mention,randnorm,0,7,3,7545,0,0,0,
milk-colour,,heldout,7-8,0.5,from_mention,randnorm,1,6,3,7545,0,0,0,
milk-colour,,heldout,7-8,0.5,from_mention,randnorm,2,8,3,7545,0,0,0,
milk-colour,,heldout,7-8,0.5,answer_only,lens,-1,9,3,7545,0,0,0,
milk-colour,,heldout,7-8,0.5,answer_only,randdir,0,9,3,7545,0,0,0,
milk-colour,,heldout,7-8,0.5,answer_only,randdir,1,8,3,7545,0,0,0,
milk-colour,,heldout,7-8,0.5,answer_only,randdir,2,9,3,7545,0,0,0,
milk-colour,,heldout,7-8,0.5,answer_only,randnorm,0,9,3,7545,0,0,0,
milk-colour,,heldout,7-8,0.5,answer_only,randnorm,1,8,3,7545,0,0,0,
milk-colour,,heldout,7-8,0.5,answer_only,randnorm,2,8,3,7545,0,0,0,
milk-colour,,heldout,7-8,1.0,all_no_bos,lens,-1,10,3,7545,0,0,0,
milk-colour,,heldout,7-8,1.0,all_no_bos,randdir,0,7,3,7545,0,0,0,
milk-colour,,heldout,7-8,1.0,all_no_bos,randdir,1,6,3,7545,0,0,0,
milk-colour,,heldout,7-8,1.0,all_no_bos,randdir,2,9,3,7545,0,0,0,
milk-colour,,heldout,7-8,1.0,all_no_bos,randnorm,0,7,2,7545,0,0,0,
milk-colour,,heldout,7-8,1.0,all_no_bos,randnorm,1,6,3,7545,0,0,0,
milk-colour,,heldout,7-8,1.0,all_no_bos,randnorm,2,9,3,7545,0,0,0,
milk-colour,,heldout,7-8,1.0,from_mention,lens,-1,10,3,7545,0,0,0,
milk-colour,,heldout,7-8,1.0,from_mention,randdir,0,7,3,7545,0,0,0,
milk-colour,,heldout,7-8,1.0,from_mention,randdir,1,6,3,7545,0,0,0,
milk-colour,,heldout,7-8,1.0,from_mention,randdir,2,9,3,7545,0,0,0,
milk-colour,,heldout,7-8,1.0,from_mention,randnorm,0,7,2,7545,0,0,0,
milk-colour,,heldout,7-8,1.0,from_mention,randnorm,1,6,3,7545,0,0,0,
milk-colour,,heldout,7-8,1.0,from_mention,randnorm,2,9,3,7545,0,0,0,
milk-colour,,heldout,7-8,1.0,answer_only,lens,-1,9,3,7545,0,0,0,
milk-colour,,heldout,7-8,1.0,answer_only,randdir,0,9,3,7545,0,0,0,
milk-colour,,heldout,7-8,1.0,answer_only,randdir,1,8,3,7545,0,0,0,
milk-colour,,heldout,7-8,1.0,answer_only,randdir,2,10,3,7545,0,0,0,
milk-colour,,heldout,7-8,1.0,answer_only,randnorm,0,9,3,7545,0,0,0,
milk-colour,,heldout,7-8,1.0,answer_only,randnorm,1,8,3,7545,0,0,0,
milk-colour,,heldout,7-8,1.0,answer_only,randnorm,2,9,3,7545,0,0,0,
milk-colour,,heldout,7-8,2.0,all_no_bos,lens,-1,12,2,1444,0,0,0,
milk-colour,,heldout,7-8,2.0,all_no_bos,randdir,0,6,2,7545,0,0,0,
milk-colour,,heldout,7-8,2.0,all_no_bos,randdir,1,6,3,1444,0,0,0,
milk-colour,,heldout,7-8,2.0,all_no_bos,randdir,2,15,10,1444,0,0,0,
milk-colour,,heldout,7-8,2.0,all_no_bos,randnorm,0,8,2,7545,0,0,0,
milk-colour,,heldout,7-8,2.0,all_no_bos,randnorm,1,6,2,1444,0,0,0,
milk-colour,,heldout,7-8,2.0,all_no_bos,randnorm,2,12,3,7545,0,0,0,
milk-colour,,heldout,7-8,2.0,from_mention,lens,-1,12,2,1444,0,0,0,
milk-colour,,heldout,7-8,2.0,from_mention,randdir,0,6,2,7545,0,0,0,
milk-colour,,heldout,7-8,2.0,from_mention,randdir,1,6,3,1444,0,0,0,
milk-colour,,heldout,7-8,2.0,from_mention,randdir,2,15,10,1444,0,0,0,
milk-colour,,heldout,7-8,2.0,from_mention,randnorm,0,8,2,7545,0,0,0,
milk-colour,,heldout,7-8,2.0,from_mention,randnorm,1,6,2,1444,0,0,0,
milk-colour,,heldout,7-8,2.0,from_mention,randnorm,2,12,3,7545,0,0,0,
milk-colour,,heldout,7-8,2.0,answer_only,lens,-1,10,3,7545,0,0,0,
milk-colour,,heldout,7-8,2.0,answer_only,randdir,0,9,3,7545,0,0,0,
milk-colour,,heldout,7-8,2.0,answer_only,randdir,1,7,3,7545,0,0,0,
milk-colour,,heldout,7-8,2.0,answer_only,randdir,2,13,8,7545,0,0,0,
milk-colour,,heldout,7-8,2.0,answer_only,randnorm,0,10,3,7545,0,0,0,
milk-colour,,heldout,7-8,2.0,answer_only,randnorm,1,7,3,7545,0,0,0,
milk-colour,,heldout,7-8,2.0,answer_only,randnorm,2,9,3,7545,0,0,0,
milk-colour,,heldout,8-9,0.5,all_no_bos,lens,-1,8,3,7545,0,0,0,
milk-colour,,heldout,8-9,0.5,all_no_bos,randdir,0,8,3,7545,0,0,0,
milk-colour,,heldout,8-9,0.5,all_no_bos,randdir,1,7,3,7545,0,0,0,
milk-colour,,heldout,8-9,0.5,all_no_bos,randdir,2,9,3,7545,0,0,0,
milk-colour,,heldout,8-9,0.5,all_no_bos,randnorm,0,9,3,7545,0,0,0,
milk-colour,,heldout,8-9,0.5,all_no_bos,randnorm,1,7,3,7545,0,0,0,
milk-colour,,heldout,8-9,0.5,all_no_bos,randnorm,2,9,3,7545,0,0,0,
milk-colour,,heldout,8-9,0.5,from_mention,lens,-1,8,3,7545,0,0,0,
milk-colour,,heldout,8-9,0.5,from_mention,randdir,0,8,3,7545,0,0,0,
milk-colour,,heldout,8-9,0.5,from_mention,randdir,1,7,3,7545,0,0,0,
milk-colour,,heldout,8-9,0.5,from_mention,randdir,2,9,3,7545,0,0,0,
milk-colour,,heldout,8-9,0.5,from_mention,randnorm,0,9,3,7545,0,0,0,
milk-colour,,heldout,8-9,0.5,from_mention,randnorm,1,7,3,7545,0,0,0,
milk-colour,,heldout,8-9,0.5,from_mention,randnorm,2,9,3,7545,0,0,0,
milk-colour,,heldout,8-9,0.5,answer_only,lens,-1,8,3,7545,0,0,0,
milk-colour,,heldout,8-9,0.5,answer_only,randdir,0,9,3,7545,0,0,0,
milk-colour,,heldout,8-9,0.5,answer_only,randdir,1,8,3,7545,0,0,0,
milk-colour,,heldout,8-9,0.5,answer_only,randdir,2,10,3,7545,0,0,0,
milk-colour,,heldout,8-9,0.5,answer_only,randnorm,0,9,3,7545,0,0,0,
milk-colour,,heldout,8-9,0.5,answer_only,randnorm,1,8,3,7545,0,0,0,
milk-colour,,heldout,8-9,0.5,answer_only,randnorm,2,9,3,7545,0,0,0,
milk-colour,,heldout,8-9,1.0,all_no_bos,lens,-1,8,3,7545,0,0,0,
milk-colour,,heldout,8-9,1.0,all_no_bos,randdir,0,7,3,7545,0,0,0,
milk-colour,,heldout,8-9,1.0,all_no_bos,randdir,1,6,3,7545,0,0,0,
milk-colour,,heldout,8-9,1.0,all_no_bos,randdir,2,11,3,7545,0,0,0,
milk-colour,,heldout,8-9,1.0,all_no_bos,randnorm,0,6,3,7545,0,0,0,
milk-colour,,heldout,8-9,1.0,all_no_bos,randnorm,1,6,3,7545,0,0,0,
milk-colour,,heldout,8-9,1.0,all_no_bos,randnorm,2,10,3,7545,0,0,0,
milk-colour,,heldout,8-9,1.0,from_mention,lens,-1,8,3,7545,0,0,0,
milk-colour,,heldout,8-9,1.0,from_mention,randdir,0,7,3,7545,0,0,0,
milk-colour,,heldout,8-9,1.0,from_mention,randdir,1,6,3,7545,0,0,0,
milk-colour,,heldout,8-9,1.0,from_mention,randdir,2,11,3,7545,0,0,0,
milk-colour,,heldout,8-9,1.0,from_mention,randnorm,0,6,3,7545,0,0,0,
milk-colour,,heldout,8-9,1.0,from_mention,randnorm,1,6,3,7545,0,0,0,
milk-colour,,heldout,8-9,1.0,from_mention,randnorm,2,10,3,7545,0,0,0,
milk-colour,,heldout,8-9,1.0,answer_only,lens,-1,8,3,7545,0,0,0,
milk-colour,,heldout,8-9,1.0,answer_only,randdir,0,9,3,7545,0,0,0,
milk-colour,,heldout,8-9,1.0,answer_only,randdir,1,7,3,7545,0,0,0,
milk-colour,,heldout,8-9,1.0,answer_only,randdir,2,10,3,7545,0,0,0,
milk-colour,,heldout,8-9,1.0,answer_only,randnorm,0,9,3,7545,0,0,0,
milk-colour,,heldout,8-9,1.0,answer_only,randnorm,1,7,3,7545,0,0,0,
milk-colour,,heldout,8-9,1.0,answer_only,randnorm,2,9,3,7545,0,0,0,
milk-colour,,heldout,8-9,2.0,all_no_bos,lens,-1,9,3,7545,0,0,0,
milk-colour,,heldout,8-9,2.0,all_no_bos,randdir,0,7,3,7545,0,0,0,
milk-colour,,heldout,8-9,2.0,all_no_bos,randdir,1,6,3,7545,0,0,0,
milk-colour,,heldout,8-9,2.0,all_no_bos,randdir,2,18,8,1444,0,0,0,
milk-colour,,heldout,8-9,2.0,all_no_bos,randnorm,0,7,2,7545,0,0,0,
milk-colour,,heldout,8-9,2.0,all_no_bos,randnorm,1,6,2,7545,0,0,0,
milk-colour,,heldout,8-9,2.0,all_no_bos,randnorm,2,14,4,7545,0,0,0,
milk-colour,,heldout,8-9,2.0,from_mention,lens,-1,9,3,7545,0,0,0,
milk-colour,,heldout,8-9,2.0,from_mention,randdir,0,7,3,7545,0,0,0,
milk-colour,,heldout,8-9,2.0,from_mention,randdir,1,6,3,7545,0,0,0,
milk-colour,,heldout,8-9,2.0,from_mention,randdir,2,18,8,1444,0,0,0,
milk-colour,,heldout,8-9,2.0,from_mention,randnorm,0,7,2,7545,0,0,0,
milk-colour,,heldout,8-9,2.0,from_mention,randnorm,1,6,2,7545,0,0,0,
milk-colour,,heldout,8-9,2.0,from_mention,randnorm,2,14,4,7545,0,0,0,
milk-colour,,heldout,8-9,2.0,answer_only,lens,-1,9,3,7545,0,0,0,
milk-colour,,heldout,8-9,2.0,answer_only,randdir,0,9,3,7545,0,0,0,
milk-colour,,heldout,8-9,2.0,answer_only,randdir,1,7,3,7545,0,0,0,
milk-colour,,heldout,8-9,2.0,answer_only,randdir,2,18,7,1444,0,0,0,
milk-colour,,heldout,8-9,2.0,answer_only,randnorm,0,9,3,7545,0,0,0,
milk-colour,,heldout,8-9,2.0,answer_only,randnorm,1,7,3,7545,0,0,0,
milk-colour,,heldout,8-9,2.0,answer_only,randnorm,2,9,3,7545,0,0,0,
milk-colour,,heldout,6-7-8,0.5,all_no_bos,lens,-1,8,3,7545,0,0,0,
milk-colour,,heldout,6-7-8,0.5,all_no_bos,randdir,0,7,3,7545,0,0,0,
milk-colour,,heldout,6-7-8,0.5,all_no_bos,randdir,1,6,3,7545,0,0,0,
milk-colour,,heldout,6-7-8,0.5,all_no_bos,randdir,2,10,3,7545,0,0,0,
milk-colour,,heldout,6-7-8,0.5,all_no_bos,randnorm,0,8,3,7545,0,0,0,
milk-colour,,heldout,6-7-8,0.5,all_no_bos,randnorm,1,6,3,7545,0,0,0,
milk-colour,,heldout,6-7-8,0.5,all_no_bos,randnorm,2,8,3,7545,0,0,0,
milk-colour,,heldout,6-7-8,0.5,from_mention,lens,-1,8,3,7545,0,0,0,
milk-colour,,heldout,6-7-8,0.5,from_mention,randdir,0,7,3,7545,0,0,0,
milk-colour,,heldout,6-7-8,0.5,from_mention,randdir,1,6,3,7545,0,0,0,
milk-colour,,heldout,6-7-8,0.5,from_mention,randdir,2,10,3,7545,0,0,0,
milk-colour,,heldout,6-7-8,0.5,from_mention,randnorm,0,8,3,7545,0,0,0,
milk-colour,,heldout,6-7-8,0.5,from_mention,randnorm,1,6,3,7545,0,0,0,
milk-colour,,heldout,6-7-8,0.5,from_mention,randnorm,2,8,3,7545,0,0,0,
milk-colour,,heldout,6-7-8,0.5,answer_only,lens,-1,9,3,7545,0,0,0,
milk-colour,,heldout,6-7-8,0.5,answer_only,randdir,0,9,3,7545,0,0,0,
milk-colour,,heldout,6-7-8,0.5,answer_only,randdir,1,8,3,7545,0,0,0,
milk-colour,,heldout,6-7-8,0.5,answer_only,randdir,2,9,3,7545,0,0,0,
milk-colour,,heldout,6-7-8,0.5,answer_only,randnorm,0,9,3,7545,0,0,0,
milk-colour,,heldout,6-7-8,0.5,answer_only,randnorm,1,8,3,7545,0,0,0,
milk-colour,,heldout,6-7-8,0.5,answer_only,randnorm,2,9,3,7545,0,0,0,
milk-colour,,heldout,6-7-8,1.0,all_no_bos,lens,-1,8,3,7545,0,0,0,
milk-colour,,heldout,6-7-8,1.0,all_no_bos,randdir,0,6,3,7545,0,0,0,
milk-colour,,heldout,6-7-8,1.0,all_no_bos,randdir,1,6,3,7545,0,0,0,
milk-colour,,heldout,6-7-8,1.0,all_no_bos,randdir,2,11,3,1444,0,0,0,
milk-colour,,heldout,6-7-8,1.0,all_no_bos,randnorm,0,8,2,7545,0,0,0,
milk-colour,,heldout,6-7-8,1.0,all_no_bos,randnorm,1,6,2,7545,0,0,0,
milk-colour,,heldout,6-7-8,1.0,all_no_bos,randnorm,2,10,2,1444,0,0,0,
milk-colour,,heldout,6-7-8,1.0,from_mention,lens,-1,8,3,7545,0,0,0,
milk-colour,,heldout,6-7-8,1.0,from_mention,randdir,0,6,3,7545,0,0,0,
milk-colour,,heldout,6-7-8,1.0,from_mention,randdir,1,6,3,7545,0,0,0,
milk-colour,,heldout,6-7-8,1.0,from_mention,randdir,2,11,3,1444,0,0,0,
milk-colour,,heldout,6-7-8,1.0,from_mention,randnorm,0,8,2,7545,0,0,0,
milk-colour,,heldout,6-7-8,1.0,from_mention,randnorm,1,6,2,7545,0,0,0,
milk-colour,,heldout,6-7-8,1.0,from_mention,randnorm,2,10,2,1444,0,0,0,
milk-colour,,heldout,6-7-8,1.0,answer_only,lens,-1,8,3,7545,0,0,0,
milk-colour,,heldout,6-7-8,1.0,answer_only,randdir,0,9,3,7545,0,0,0,
milk-colour,,heldout,6-7-8,1.0,answer_only,randdir,1,8,3,7545,0,0,0,
milk-colour,,heldout,6-7-8,1.0,answer_only,randdir,2,11,3,7545,0,0,0,
milk-colour,,heldout,6-7-8,1.0,answer_only,randnorm,0,10,3,7545,0,0,0,
milk-colour,,heldout,6-7-8,1.0,answer_only,randnorm,1,8,3,7545,0,0,0,
milk-colour,,heldout,6-7-8,1.0,answer_only,randnorm,2,9,3,7545,0,0,0,
milk-colour,,heldout,6-7-8,2.0,all_no_bos,lens,-1,8,4,257,0,0,0,
milk-colour,,heldout,6-7-8,2.0,all_no_bos,randdir,0,7,2,7545,0,0,0,
milk-colour,,heldout,6-7-8,2.0,all_no_bos,randdir,1,6,3,7545,0,0,0,
milk-colour,,heldout,6-7-8,2.0,all_no_bos,randdir,2,14,9,1444,0,0,0,
milk-colour,,heldout,6-7-8,2.0,all_no_bos,randnorm,0,6,4,7545,0,0,0,
milk-colour,,heldout,6-7-8,2.0,all_no_bos,randnorm,1,6,1,2330,0,0,0,
milk-colour,,heldout,6-7-8,2.0,all_no_bos,randnorm,2,11,2,1444,0,0,0,
milk-colour,,heldout,6-7-8,2.0,from_mention,lens,-1,8,4,257,0,0,0,
milk-colour,,heldout,6-7-8,2.0,from_mention,randdir,0,7,2,7545,0,0,0,
milk-colour,,heldout,6-7-8,2.0,from_mention,randdir,1,6,3,7545,0,0,0,
milk-colour,,heldout,6-7-8,2.0,from_mention,randdir,2,14,9,1444,0,0,0,
milk-colour,,heldout,6-7-8,2.0,from_mention,randnorm,0,6,4,7545,0,0,0,
milk-colour,,heldout,6-7-8,2.0,from_mention,randnorm,1,6,1,2330,0,0,0,
milk-colour,,heldout,6-7-8,2.0,from_mention,randnorm,2,11,2,1444,0,0,0,
milk-colour,,heldout,6-7-8,2.0,answer_only,lens,-1,6,1,2330,0,0,0,
milk-colour,,heldout,6-7-8,2.0,answer_only,randdir,0,10,3,7545,0,0,0,
milk-colour,,heldout,6-7-8,2.0,answer_only,randdir,1,8,3,7545,0,0,0,
milk-colour,,heldout,6-7-8,2.0,answer_only,randdir,2,13,8,1444,0,0,0,
milk-colour,,heldout,6-7-8,2.0,answer_only,randnorm,0,10,3,7545,0,0,0,
milk-colour,,heldout,6-7-8,2.0,answer_only,randnorm,1,6,3,7545,0,0,0,
milk-colour,,heldout,6-7-8,2.0,answer_only,randnorm,2,11,3,7545,0,0,0,
milk-colour,,heldout,7-8-9,0.5,all_no_bos,lens,-1,9,3,7545,0,0,0,
milk-colour,,heldout,7-8-9,0.5,all_no_bos,randdir,0,6,3,7545,0,0,0,
milk-colour,,heldout,7-8-9,0.5,all_no_bos,randdir,1,6,3,7545,0,0,0,
milk-colour,,heldout,7-8-9,0.5,all_no_bos,randdir,2,9,3,7545,0,0,0,
milk-colour,,heldout,7-8-9,0.5,all_no_bos,randnorm,0,6,3,7545,0,0,0,
milk-colour,,heldout,7-8-9,0.5,all_no_bos,randnorm,1,6,3,7545,0,0,0,
milk-colour,,heldout,7-8-9,0.5,all_no_bos,randnorm,2,8,3,7545,0,0,0,
milk-colour,,heldout,7-8-9,0.5,from_mention,lens,-1,9,3,7545,0,0,0,
milk-colour,,heldout,7-8-9,0.5,from_mention,randdir,0,6,3,7545,0,0,0,
milk-colour,,heldout,7-8-9,0.5,from_mention,randdir,1,6,3,7545,0,0,0,
milk-colour,,heldout,7-8-9,0.5,from_mention,randdir,2,9,3,7545,0,0,0,
milk-colour,,heldout,7-8-9,0.5,from_mention,randnorm,0,6,3,7545,0,0,0,
milk-colour,,heldout,7-8-9,0.5,from_mention,randnorm,1,6,3,7545,0,0,0,
milk-colour,,heldout,7-8-9,0.5,from_mention,randnorm,2,8,3,7545,0,0,0,
milk-colour,,heldout,7-8-9,0.5,answer_only,lens,-1,9,3,7545,0,0,0,
milk-colour,,heldout,7-8-9,0.5,answer_only,randdir,0,9,3,7545,0,0,0,
milk-colour,,heldout,7-8-9,0.5,answer_only,randdir,1,7,3,7545,0,0,0,
milk-colour,,heldout,7-8-9,0.5,answer_only,randdir,2,9,3,7545,0,0,0,
milk-colour,,heldout,7-8-9,0.5,answer_only,randnorm,0,9,3,7545,0,0,0,
milk-colour,,heldout,7-8-9,0.5,answer_only,randnorm,1,8,3,7545,0,0,0,
milk-colour,,heldout,7-8-9,0.5,answer_only,randnorm,2,8,3,7545,0,0,0,
milk-colour,,heldout,7-8-9,1.0,all_no_bos,lens,-1,9,3,7545,0,0,0,
milk-colour,,heldout,7-8-9,1.0,all_no_bos,randdir,0,6,3,7545,0,0,0,
milk-colour,,heldout,7-8-9,1.0,all_no_bos,randdir,1,6,3,7545,0,0,0,
milk-colour,,heldout,7-8-9,1.0,all_no_bos,randdir,2,11,3,7545,0,0,0,
milk-colour,,heldout,7-8-9,1.0,all_no_bos,randnorm,0,6,2,7545,0,0,0,
milk-colour,,heldout,7-8-9,1.0,all_no_bos,randnorm,1,6,3,7545,0,0,0,
milk-colour,,heldout,7-8-9,1.0,all_no_bos,randnorm,2,9,3,7545,0,0,0,
milk-colour,,heldout,7-8-9,1.0,from_mention,lens,-1,9,3,7545,0,0,0,
milk-colour,,heldout,7-8-9,1.0,from_mention,randdir,0,6,3,7545,0,0,0,
milk-colour,,heldout,7-8-9,1.0,from_mention,randdir,1,6,3,7545,0,0,0,
milk-colour,,heldout,7-8-9,1.0,from_mention,randdir,2,11,3,7545,0,0,0,
milk-colour,,heldout,7-8-9,1.0,from_mention,randnorm,0,6,2,7545,0,0,0,
milk-colour,,heldout,7-8-9,1.0,from_mention,randnorm,1,6,3,7545,0,0,0,
milk-colour,,heldout,7-8-9,1.0,from_mention,randnorm,2,9,3,7545,0,0,0,
milk-colour,,heldout,7-8-9,1.0,answer_only,lens,-1,9,3,7545,0,0,0,
milk-colour,,heldout,7-8-9,1.0,answer_only,randdir,0,9,3,7545,0,0,0,
milk-colour,,heldout,7-8-9,1.0,answer_only,randdir,1,7,3,7545,0,0,0,
milk-colour,,heldout,7-8-9,1.0,answer_only,randdir,2,9,3,7545,0,0,0,
milk-colour,,heldout,7-8-9,1.0,answer_only,randnorm,0,9,3,7545,0,0,0,
milk-colour,,heldout,7-8-9,1.0,answer_only,randnorm,1,7,3,7545,0,0,0,
milk-colour,,heldout,7-8-9,1.0,answer_only,randnorm,2,9,3,7545,0,0,0,
milk-colour,,heldout,7-8-9,2.0,all_no_bos,lens,-1,11,4,1444,0,0,0,
milk-colour,,heldout,7-8-9,2.0,all_no_bos,randdir,0,5,2,7545,1,0,0,
milk-colour,,heldout,7-8-9,2.0,all_no_bos,randdir,1,6,2,1444,0,0,0,
milk-colour,,heldout,7-8-9,2.0,all_no_bos,randdir,2,19,13,257,0,0,0,
milk-colour,,heldout,7-8-9,2.0,all_no_bos,randnorm,0,7,2,7545,0,0,0,
milk-colour,,heldout,7-8-9,2.0,all_no_bos,randnorm,1,6,2,1444,0,0,0,
milk-colour,,heldout,7-8-9,2.0,all_no_bos,randnorm,2,12,3,7545,0,0,0,
milk-colour,,heldout,7-8-9,2.0,from_mention,lens,-1,11,4,1444,0,0,0,
milk-colour,,heldout,7-8-9,2.0,from_mention,randdir,0,5,2,7545,1,0,0,
milk-colour,,heldout,7-8-9,2.0,from_mention,randdir,1,6,2,1444,0,0,0,
milk-colour,,heldout,7-8-9,2.0,from_mention,randdir,2,19,13,257,0,0,0,
milk-colour,,heldout,7-8-9,2.0,from_mention,randnorm,0,7,2,7545,0,0,0,
milk-colour,,heldout,7-8-9,2.0,from_mention,randnorm,1,6,2,1444,0,0,0,
milk-colour,,heldout,7-8-9,2.0,from_mention,randnorm,2,12,3,7545,0,0,0,
milk-colour,,heldout,7-8-9,2.0,answer_only,lens,-1,6,3,1444,0,0,0,
milk-colour,,heldout,7-8-9,2.0,answer_only,randdir,0,9,3,7545,0,0,0,
milk-colour,,heldout,7-8-9,2.0,answer_only,randdir,1,6,3,7545,0,0,0,
milk-colour,,heldout,7-8-9,2.0,answer_only,randdir,2,16,10,7545,0,0,0,
milk-colour,,heldout,7-8-9,2.0,answer_only,randnorm,0,9,3,7545,0,0,0,
milk-colour,,heldout,7-8-9,2.0,answer_only,randnorm,1,6,3,7545,0,0,0,
milk-colour,,heldout,7-8-9,2.0,answer_only,randnorm,2,9,3,7545,0,0,0,
rose-colour,,tuning,3,0.5,all_no_bos,lens,-1,8,1,2266,0,0,0,
rose-colour,,tuning,3,0.5,all_no_bos,randdir,0,8,3,262,0,0,0,
rose-colour,,tuning,3,0.5,all_no_bos,randdir,1,8,1,2266,0,0,0,
rose-colour,,tuning,3,0.5,all_no_bos,randdir,2,8,1,2266,0,0,0,
rose-colour,,tuning,3,0.5,all_no_bos,randnorm,0,9,4,1444,0,0,0,
rose-colour,,tuning,3,0.5,all_no_bos,randnorm,1,8,1,2266,0,0,0,
rose-colour,,tuning,3,0.5,all_no_bos,randnorm,2,8,1,2266,0,0,0,
rose-colour,,tuning,3,0.5,from_mention,lens,-1,8,1,2266,0,0,0,
rose-colour,,tuning,3,0.5,from_mention,randdir,0,8,3,262,0,0,0,
rose-colour,,tuning,3,0.5,from_mention,randdir,1,8,1,2266,0,0,0,
rose-colour,,tuning,3,0.5,from_mention,randdir,2,8,1,2266,0,0,0,
rose-colour,,tuning,3,0.5,from_mention,randnorm,0,9,4,1444,0,0,0,
rose-colour,,tuning,3,0.5,from_mention,randnorm,1,8,1,2266,0,0,0,
rose-colour,,tuning,3,0.5,from_mention,randnorm,2,8,1,2266,0,0,0,
rose-colour,,tuning,3,0.5,answer_only,lens,-1,8,1,2266,0,0,0,
rose-colour,,tuning,3,0.5,answer_only,randdir,0,8,1,2266,0,0,0,
rose-colour,,tuning,3,0.5,answer_only,randdir,1,8,1,2266,0,0,0,
rose-colour,,tuning,3,0.5,answer_only,randdir,2,8,1,2266,0,0,0,
rose-colour,,tuning,3,0.5,answer_only,randnorm,0,8,3,262,0,0,0,
rose-colour,,tuning,3,0.5,answer_only,randnorm,1,8,1,2266,0,0,0,
rose-colour,,tuning,3,0.5,answer_only,randnorm,2,8,1,2266,0,0,0,
rose-colour,,tuning,3,1.0,all_no_bos,lens,-1,4,2,4077,1,0,0,
rose-colour,,tuning,3,1.0,all_no_bos,randdir,0,8,3,1444,0,0,0,
rose-colour,,tuning,3,1.0,all_no_bos,randdir,1,8,1,2266,0,0,0,
rose-colour,,tuning,3,1.0,all_no_bos,randdir,2,8,1,2266,0,0,0,
rose-colour,,tuning,3,1.0,all_no_bos,randnorm,0,10,4,1444,0,0,0,
rose-colour,,tuning,3,1.0,all_no_bos,randnorm,1,8,1,2266,0,0,0,
rose-colour,,tuning,3,1.0,all_no_bos,randnorm,2,8,1,2266,0,0,0,
rose-colour,,tuning,3,1.0,from_mention,lens,-1,4,2,4077,1,0,0,
rose-colour,,tuning,3,1.0,from_mention,randdir,0,8,3,1444,0,0,0,
rose-colour,,tuning,3,1.0,from_mention,randdir,1,8,1,2266,0,0,0,
rose-colour,,tuning,3,1.0,from_mention,randdir,2,8,1,2266,0,0,0,
rose-colour,,tuning,3,1.0,from_mention,randnorm,0,10,4,1444,0,0,0,
rose-colour,,tuning,3,1.0,from_mention,randnorm,1,8,1,2266,0,0,0,
rose-colour,,tuning,3,1.0,from_mention,randnorm,2,8,1,2266,0,0,0,
rose-colour,,tuning,3,1.0,answer_only,lens,-1,8,1,2266,0,0,0,
rose-colour,,tuning,3,1.0,answer_only,randdir,0,8,2,262,0,0,0,
rose-colour,,tuning,3,1.0,answer_only,randdir,1,8,1,2266,0,0,0,
rose-colour,,tuning,3,1.0,answer_only,randdir,2,8,1,2266,0,0,0,
rose-colour,,tuning,3,1.0,answer_only,randnorm,0,8,3,262,0,0,0,
rose-colour,,tuning,3,1.0,answer_only,randnorm,1,8,1,2266,0,0,0,
rose-colour,,tuning,3,1.0,answer_only,randnorm,2,8,1,2266,0,0,0,
rose-colour,,tuning,3,2.0,all_no_bos,lens,-1,2,4,45725,1,0,1,
rose-colour,,tuning,3,2.0,all_no_bos,randdir,0,9,4,1444,0,0,0,
rose-colour,,tuning,3,2.0,all_no_bos,randdir,1,8,1,2266,0,0,0,
rose-colour,,tuning,3,2.0,all_no_bos,randdir,2,8,1,2266,0,0,0,
rose-colour,,tuning,3,2.0,all_no_bos,randnorm,0,18,4,1444,0,0,0,
rose-colour,,tuning,3,2.0,all_no_bos,randnorm,1,8,3,262,0,0,0,
rose-colour,,tuning,3,2.0,all_no_bos,randnorm,2,3,1,2266,1,0,0,
rose-colour,,tuning,3,2.0,from_mention,lens,-1,2,4,45725,1,0,1,
rose-colour,,tuning,3,2.0,from_mention,randdir,0,9,4,1444,0,0,0,
rose-colour,,tuning,3,2.0,from_mention,randdir,1,8,1,2266,0,0,0,
rose-colour,,tuning,3,2.0,from_mention,randdir,2,8,1,2266,0,0,0,
rose-colour,,tuning,3,2.0,from_mention,randnorm,0,18,4,1444,0,0,0,
rose-colour,,tuning,3,2.0,from_mention,randnorm,1,8,3,262,0,0,0,
rose-colour,,tuning,3,2.0,from_mention,randnorm,2,3,1,2266,1,0,0,
rose-colour,,tuning,3,2.0,answer_only,lens,-1,7,1,2266,0,0,0,
rose-colour,,tuning,3,2.0,answer_only,randdir,0,8,3,262,0,0,0,
rose-colour,,tuning,3,2.0,answer_only,randdir,1,8,1,2266,0,0,0,
rose-colour,,tuning,3,2.0,answer_only,randdir,2,8,1,2266,0,0,0,
rose-colour,,tuning,3,2.0,answer_only,randnorm,0,9,4,1444,0,0,0,
rose-colour,,tuning,3,2.0,answer_only,randnorm,1,7,2,257,0,0,0,
rose-colour,,tuning,3,2.0,answer_only,randnorm,2,8,2,262,0,0,0,
rose-colour,,tuning,4,0.5,all_no_bos,lens,-1,8,2,1444,0,0,0,
rose-colour,,tuning,4,0.5,all_no_bos,randdir,0,8,2,1444,0,0,0,
rose-colour,,tuning,4,0.5,all_no_bos,randdir,1,8,1,2266,0,0,0,
rose-colour,,tuning,4,0.5,all_no_bos,randdir,2,8,1,2266,0,0,0,
rose-colour,,tuning,4,0.5,all_no_bos,randnorm,0,8,1,2266,0,0,0,
rose-colour,,tuning,4,0.5,all_no_bos,randnorm,1,8,1,2266,0,0,0,
rose-colour,,tuning,4,0.5,all_no_bos,randnorm,2,8,2,257,0,0,0,
rose-colour,,tuning,4,0.5,from_mention,lens,-1,8,2,1444,0,0,0,
rose-colour,,tuning,4,0.5,from_mention,randdir,0,8,2,1444,0,0,0,
rose-colour,,tuning,4,0.5,from_mention,randdir,1,8,1,2266,0,0,0,
rose-colour,,tuning,4,0.5,from_mention,randdir,2,8,1,2266,0,0,0,
rose-colour,,tuning,4,0.5,from_mention,randnorm,0,8,1,2266,0,0,0,
rose-colour,,tuning,4,0.5,from_mention,randnorm,1,8,1,2266,0,0,0,
rose-colour,,tuning,4,0.5,from_mention,randnorm,2,8,2,257,0,0,0,
rose-colour,,tuning,4,0.5,answer_only,lens,-1,8,1,2266,0,0,0,
rose-colour,,tuning,4,0.5,answer_only,randdir,0,8,1,2266,0,0,0,
rose-colour,,tuning,4,0.5,answer_only,randdir,1,8,1,2266,0,0,0,
rose-colour,,tuning,4,0.5,answer_only,randdir,2,8,1,2266,0,0,0,
rose-colour,,tuning,4,0.5,answer_only,randnorm,0,8,4,262,0,0,0,
rose-colour,,tuning,4,0.5,answer_only,randnorm,1,8,1,2266,0,0,0,
rose-colour,,tuning,4,0.5,answer_only,randnorm,2,8,3,257,0,0,0,
rose-colour,,tuning,4,1.0,all_no_bos,lens,-1,5,3,1444,1,0,0,
rose-colour,,tuning,4,1.0,all_no_bos,randdir,0,8,1,2266,0,0,0,
rose-colour,,tuning,4,1.0,all_no_bos,randdir,1,8,2,262,0,0,0,
rose-colour,,tuning,4,1.0,all_no_bos,randdir,2,8,1,2266,0,0,0,
rose-colour,,tuning,4,1.0,all_no_bos,randnorm,0,7,1,2266,0,0,0,
rose-colour,,tuning,4,1.0,all_no_bos,randnorm,1,8,1,2266,0,0,0,
rose-colour,,tuning,4,1.0,all_no_bos,randnorm,2,8,2,257,0,0,0,
rose-colour,,tuning,4,1.0,from_mention,lens,-1,5,3,1444,1,0,0,
rose-colour,,tuning,4,1.0,from_mention,randdir,0,8,1,2266,0,0,0,
rose-colour,,tuning,4,1.0,from_mention,randdir,1,8,2,262,0,0,0,
rose-colour,,tuning,4,1.0,from_mention,randdir,2,8,1,2266,0,0,0,
rose-colour,,tuning,4,1.0,from_mention,randnorm,0,7,1,2266,0,0,0,
rose-colour,,tuning,4,1.0,from_mention,randnorm,1,8,1,2266,0,0,0,
rose-colour,,tuning,4,1.0,from_mention,randnorm,2,8,2,257,0,0,0,
rose-colour,,tuning,4,1.0,answer_only,lens,-1,8,2,1444,0,0,0,
rose-colour,,tuning,4,1.0,answer_only,randdir,0,8,4,1444,0,0,0,
rose-colour,,tuning,4,1.0,answer_only,randdir,1,8,1,2266,0,0,0,
rose-colour,,tuning,4,1.0,answer_only,randdir,2,8,1,2266,0,0,0,
rose-colour,,tuning,4,1.0,answer_only,randnorm,0,8,4,1444,0,0,0,
rose-colour,,tuning,4,1.0,answer_only,randnorm,1,8,1,2266,0,0,0,
rose-colour,,tuning,4,1.0,answer_only,randnorm,2,8,4,257,0,0,0,
rose-colour,,tuning,4,2.0,all_no_bos,lens,-1,1,4,4171,1,1,1,
rose-colour,,tuning,4,2.0,all_no_bos,randdir,0,7,2,257,0,0,0,
rose-colour,,tuning,4,2.0,all_no_bos,randdir,1,8,3,262,0,0,0,
rose-colour,,tuning,4,2.0,all_no_bos,randdir,2,8,1,2266,0,0,0,
rose-colour,,tuning,4,2.0,all_no_bos,randnorm,0,6,2,257,0,0,0,
rose-colour,,tuning,4,2.0,all_no_bos,randnorm,1,6,1,2266,0,0,0,
rose-colour,,tuning,4,2.0,all_no_bos,randnorm,2,7,3,257,0,0,0,
rose-colour,,tuning,4,2.0,from_mention,lens,-1,1,4,4171,1,1,1,
rose-colour,,tuning,4,2.0,from_mention,randdir,0,7,2,257,0,0,0,
rose-colour,,tuning,4,2.0,from_mention,randdir,1,8,3,262,0,0,0,
rose-colour,,tuning,4,2.0,from_mention,randdir,2,8,1,2266,0,0,0,
rose-colour,,tuning,4,2.0,from_mention,randnorm,0,6,2,257,0,0,0,
rose-colour,,tuning,4,2.0,from_mention,randnorm,1,6,1,2266,0,0,0,
rose-colour,,tuning,4,2.0,from_mention,randnorm,2,7,3,257,0,0,0,
rose-colour,,tuning,4,2.0,answer_only,lens,-1,8,3,4077,0,0,0,
rose-colour,,tuning,4,2.0,answer_only,randdir,0,8,4,1444,0,0,0,
rose-colour,,tuning,4,2.0,answer_only,randdir,1,8,1,2266,0,0,0,
rose-colour,,tuning,4,2.0,answer_only,randdir,2,8,1,2266,0,0,0,
rose-colour,,tuning,4,2.0,answer_only,randnorm,0,8,4,257,0,0,0,
rose-colour,,tuning,4,2.0,answer_only,randnorm,1,8,1,2266,0,0,0,
rose-colour,,tuning,4,2.0,answer_only,randnorm,2,8,4,257,0,0,0,
rose-colour,,tuning,5,0.5,all_no_bos,lens,-1,7,4,1444,0,0,0,
rose-colour,,tuning,5,0.5,all_no_bos,randdir,0,8,1,2266,0,0,0,
rose-colour,,tuning,5,0.5,all_no_bos,randdir,1,8,1,2266,0,0,0,
rose-colour,,tuning,5,0.5,all_no_bos,randdir,2,8,1,2266,0,0,0,
rose-colour,,tuning,5,0.5,all_no_bos,randnorm,0,7,3,4077,0,0,0,
rose-colour,,tuning,5,0.5,all_no_bos,randnorm,1,8,1,2266,0,0,0,
rose-colour,,tuning,5,0.5,all_no_bos,randnorm,2,7,1,2266,0,0,0,
rose-colour,,tuning,5,0.5,from_mention,lens,-1,7,4,1444,0,0,0,
rose-colour,,tuning,5,0.5,from_mention,randdir,0,8,1,2266,0,0,0,
rose-colour,,tuning,5,0.5,from_mention,randdir,1,8,1,2266,0,0,0,
rose-colour,,tuning,5,0.5,from_mention,randdir,2,8,1,2266,0,0,0,
rose-colour,,tuning,5,0.5,from_mention,randnorm,0,7,3,4077,0,0,0,
rose-colour,,tuning,5,0.5,from_mention,randnorm,1,8,1,2266,0,0,0,
rose-colour,,tuning,5,0.5,from_mention,randnorm,2,7,1,2266,0,0,0,
rose-colour,,tuning,5,0.5,answer_only,lens,-1,8,3,262,0,0,0,
rose-colour,,tuning,5,0.5,answer_only,randdir,0,8,1,2266,0,0,0,
rose-colour,,tuning,5,0.5,answer_only,randdir,1,8,1,2266,0,0,0,
rose-colour,,tuning,5,0.5,answer_only,randdir,2,8,1,2266,0,0,0,
rose-colour,,tuning,5,0.5,answer_only,randnorm,0,8,2,257,0,0,0,
rose-colour,,tuning,5,0.5,answer_only,randnorm,1,8,1,2266,0,0,0,
rose-colour,,tuning,5,0.5,answer_only,randnorm,2,8,1,2266,0,0,0,
rose-colour,,tuning,5,1.0,all_no_bos,lens,-1,6,4,1444,0,0,0,
rose-colour,,tuning,5,1.0,all_no_bos,randdir,0,8,1,2266,0,0,0,
rose-colour,,tuning,5,1.0,all_no_bos,randdir,1,8,1,2266,0,0,0,
rose-colour,,tuning,5,1.0,all_no_bos,randdir,2,7,1,2266,0,0,0,
rose-colour,,tuning,5,1.0,all_no_bos,randnorm,0,6,4,257,0,0,0,
rose-colour,,tuning,5,1.0,all_no_bos,randnorm,1,6,1,2266,0,0,0,
rose-colour,,tuning,5,1.0,all_no_bos,randnorm,2,7,1,2266,0,0,0,
rose-colour,,tuning,5,1.0,from_mention,lens,-1,6,4,1444,0,0,0,
rose-colour,,tuning,5,1.0,from_mention,randdir,0,8,1,2266,0,0,0,
rose-colour,,tuning,5,1.0,from_mention,randdir,1,8,1,2266,0,0,0,
rose-colour,,tuning,5,1.0,from_mention,randdir,2,7,1,2266,0,0,0,
rose-colour,,tuning,5,1.0,from_mention,randnorm,0,6,4,257,0,0,0,
rose-colour,,tuning,5,1.0,from_mention,randnorm,1,6,1,2266,0,0,0,
rose-colour,,tuning,5,1.0,from_mention,randnorm,2,7,1,2266,0,0,0,
rose-colour,,tuning,5,1.0,answer_only,lens,-1,8,3,262,0,0,0,
rose-colour,,tuning,5,1.0,answer_only,randdir,0,8,1,2266,0,0,0,
rose-colour,,tuning,5,1.0,answer_only,randdir,1,8,1,2266,0,0,0,
rose-colour,,tuning,5,1.0,answer_only,randdir,2,8,1,2266,0,0,0,
rose-colour,,tuning,5,1.0,answer_only,randnorm,0,8,2,257,0,0,0,
rose-colour,,tuning,5,1.0,answer_only,randnorm,1,7,1,2266,0,0,0,
rose-colour,,tuning,5,1.0,answer_only,randnorm,2,8,1,2266,0,0,0,
rose-colour,,tuning,5,2.0,all_no_bos,lens,-1,2,6,257,1,0,1,
rose-colour,,tuning,5,2.0,all_no_bos,randdir,0,7,3,4077,0,0,0,
rose-colour,,tuning,5,2.0,all_no_bos,randdir,1,8,1,2266,0,0,0,
rose-colour,,tuning,5,2.0,all_no_bos,randdir,2,7,1,2266,0,0,0,
rose-colour,,tuning,5,2.0,all_no_bos,randnorm,0,5,6,257,1,0,1,
rose-colour,,tuning,5,2.0,all_no_bos,randnorm,1,5,1,2266,1,0,0,
rose-colour,,tuning,5,2.0,all_no_bos,randnorm,2,4,1,2266,1,0,0,
rose-colour,,tuning,5,2.0,from_mention,lens,-1,2,6,257,1,0,1,
rose-colour,,tuning,5,2.0,from_mention,randdir,0,7,3,4077,0,0,0,
rose-colour,,tuning,5,2.0,from_mention,randdir,1,8,1,2266,0,0,0,
rose-colour,,tuning,5,2.0,from_mention,randdir,2,7,1,2266,0,0,0,
rose-colour,,tuning,5,2.0,from_mention,randnorm,0,5,6,257,1,0,1,
rose-colour,,tuning,5,2.0,from_mention,randnorm,1,5,1,2266,1,0,0,
rose-colour,,tuning,5,2.0,from_mention,randnorm,2,4,1,2266,1,0,0,
rose-colour,,tuning,5,2.0,answer_only,lens,-1,8,4,262,0,0,0,
rose-colour,,tuning,5,2.0,answer_only,randdir,0,8,1,2266,0,0,0,
rose-colour,,tuning,5,2.0,answer_only,randdir,1,8,1,2266,0,0,0,
rose-colour,,tuning,5,2.0,answer_only,randdir,2,8,2,257,0,0,0,
rose-colour,,tuning,5,2.0,answer_only,randnorm,0,9,4,257,0,0,0,
rose-colour,,tuning,5,2.0,answer_only,randnorm,1,7,1,2266,0,0,0,
rose-colour,,tuning,5,2.0,answer_only,randnorm,2,7,2,257,0,0,0,
rose-colour,,tuning,6,0.5,all_no_bos,lens,-1,8,1,2266,0,0,0,
rose-colour,,tuning,6,0.5,all_no_bos,randdir,0,8,1,2266,0,0,0,
rose-colour,,tuning,6,0.5,all_no_bos,randdir,1,8,1,2266,0,0,0,
rose-colour,,tuning,6,0.5,all_no_bos,randdir,2,8,1,2266,0,0,0,
rose-colour,,tuning,6,0.5,all_no_bos,randnorm,0,8,1,2266,0,0,0,
rose-colour,,tuning,6,0.5,all_no_bos,randnorm,1,8,2,1444,0,0,0,
rose-colour,,tuning,6,0.5,all_no_bos,randnorm,2,8,1,2266,0,0,0,
rose-colour,,tuning,6,0.5,from_mention,lens,-1,8,1,2266,0,0,0,
rose-colour,,tuning,6,0.5,from_mention,randdir,0,8,1,2266,0,0,0,
rose-colour,,tuning,6,0.5,from_mention,randdir,1,8,1,2266,0,0,0,
rose-colour,,tuning,6,0.5,from_mention,randdir,2,8,1,2266,0,0,0,
rose-colour,,tuning,6,0.5,from_mention,randnorm,0,8,1,2266,0,0,0,
rose-colour,,tuning,6,0.5,from_mention,randnorm,1,8,2,1444,0,0,0,
rose-colour,,tuning,6,0.5,from_mention,randnorm,2,8,1,2266,0,0,0,
rose-colour,,tuning,6,0.5,answer_only,lens,-1,8,1,2266,0,0,0,
rose-colour,,tuning,6,0.5,answer_only,randdir,0,8,1,2266,0,0,0,
rose-colour,,tuning,6,0.5,answer_only,randdir,1,8,1,2266,0,0,0,
rose-colour,,tuning,6,0.5,answer_only,randdir,2,8,1,2266,0,0,0,
rose-colour,,tuning,6,0.5,answer_only,randnorm,0,8,1,2266,0,0,0,
rose-colour,,tuning,6,0.5,answer_only,randnorm,1,8,1,2266,0,0,0,
rose-colour,,tuning,6,0.5,answer_only,randnorm,2,8,1,2266,0,0,0,
rose-colour,,tuning,6,1.0,all_no_bos,lens,-1,7,2,4077,0,0,0,
rose-colour,,tuning,6,1.0,all_no_bos,randdir,0,8,1,2266,0,0,0,
rose-colour,,tuning,6,1.0,all_no_bos,randdir,1,8,1,2266,0,0,0,
rose-colour,,tuning,6,1.0,all_no_bos,randdir,2,8,1,2266,0,0,0,
rose-colour,,tuning,6,1.0,all_no_bos,randnorm,0,8,3,4077,0,0,0,
rose-colour,,tuning,6,1.0,all_no_bos,randnorm,1,8,2,1444,0,0,0,
rose-colour,,tuning,6,1.0,all_no_bos,randnorm,2,8,1,2266,0,0,0,
rose-colour,,tuning,6,1.0,from_mention,lens,-1,7,2,4077,0,0,0,
rose-colour,,tuning,6,1.0,from_mention,randdir,0,8,1,2266,0,0,0,
rose-colour,,tuning,6,1.0,from_mention,randdir,1,8,1,2266,0,0,0,
rose-colour,,tuning,6,1.0,from_mention,randdir,2,8,1,2266,0,0,0,
rose-colour,,tuning,6,1.0,from_mention,randnorm,0,8,3,4077,0,0,0,
rose-colour,,tuning,6,1.0,from_mention,randnorm,1,8,2,1444,0,0,0,
rose-colour,,tuning,6,1.0,from_mention,randnorm,2,8,1,2266,0,0,0,
rose-colour,,tuning,6,1.0,answer_only,lens,-1,8,2,262,0,0,0,
rose-colour,,tuning,6,1.0,answer_only,randdir,0,8,1,2266,0,0,0,
rose-colour,,tuning,6,1.0,answer_only,randdir,1,8,1,2266,0,0,0,
rose-colour,,tuning,6,1.0,answer_only,randdir,2,8,1,2266,0,0,0,
rose-colour,,tuning,6,1.0,answer_only,randnorm,0,8,2,4077,0,0,0,
rose-colour,,tuning,6,1.0,answer_only,randnorm,1,8,2,1444,0,0,0,
rose-colour,,tuning,6,1.0,answer_only,randnorm,2,8,1,2266,0,0,0,
rose-colour,,tuning,6,2.0,all_no_bos,lens,-1,2,8,45725,1,0,1,
rose-colour,,tuning,6,2.0,all_no_bos,randdir,0,8,3,257,0,0,0,
rose-colour,,tuning,6,2.0,all_no_bos,randdir,1,8,1,2266,0,0,0,
rose-colour,,tuning,6,2.0,all_no_bos,randdir,2,8,1,2266,0,0,0,
rose-colour,,tuning,6,2.0,all_no_bos,randnorm,0,6,4,4077,0,0,0,
rose-colour,,tuning,6,2.0,all_no_bos,randnorm,1,8,3,1444,0,0,0,
rose-colour,,tuning,6,2.0,all_no_bos,randnorm,2,9,1,2266,0,0,0,
rose-colour,,tuning,6,2.0,from_mention,lens,-1,2,8,45725,1,0,1,
rose-colour,,tuning,6,2.0,from_mention,randdir,0,8,3,257,0,0,0,
rose-colour,,tuning,6,2.0,from_mention,randdir,1,8,1,2266,0,0,0,
rose-colour,,tuning,6,2.0,from_mention,randdir,2,8,1,2266,0,0,0,
rose-colour,,tuning,6,2.0,from_mention,randnorm,0,6,4,4077,0,0,0,
rose-colour,,tuning,6,2.0,from_mention,randnorm,1,8,3,1444,0,0,0,
rose-colour,,tuning,6,2.0,from_mention,randnorm,2,9,1,2266,0,0,0,
rose-colour,,tuning,6,2.0,answer_only,lens,-1,9,2,262,0,0,0,
rose-colour,,tuning,6,2.0,answer_only,randdir,0,8,1,2266,0,0,0,
rose-colour,,tuning,6,2.0,answer_only,randdir,1,8,1,2266,0,0,0,
rose-colour,,tuning,6,2.0,answer_only,randdir,2,8,1,2266,0,0,0,
rose-colour,,tuning,6,2.0,answer_only,randnorm,0,6,2,4077,0,0,0,
rose-colour,,tuning,6,2.0,answer_only,randnorm,1,7,2,1444,0,0,0,
rose-colour,,tuning,6,2.0,answer_only,randnorm,2,10,1,2266,0,0,0,
rose-colour,,tuning,7,0.5,all_no_bos,lens,-1,7,1,2266,0,0,0,
rose-colour,,tuning,7,0.5,all_no_bos,randdir,0,8,3,257,0,0,0,
rose-colour,,tuning,7,0.5,all_no_bos,randdir,1,8,1,2266,0,0,0,
rose-colour,,tuning,7,0.5,all_no_bos,randdir,2,8,2,257,0,0,0,
rose-colour,,tuning,7,0.5,all_no_bos,randnorm,0,8,3,257,0,0,0,
rose-colour,,tuning,7,0.5,all_no_bos,randnorm,1,8,1,2266,0,0,0,
rose-colour,,tuning,7,0.5,all_no_bos,randnorm,2,8,2,257,0,0,0,
rose-colour,,tuning,7,0.5,from_mention,lens,-1,7,1,2266,0,0,0,
rose-colour,,tuning,7,0.5,from_mention,randdir,0,8,3,257,0,0,0,
rose-colour,,tuning,7,0.5,from_mention,randdir,1,8,1,2266,0,0,0,
rose-colour,,tuning,7,0.5,from_mention,randdir,2,8,2,257,0,0,0,
rose-colour,,tuning,7,0.5,from_mention,randnorm,0,8,3,257,0,0,0,
rose-colour,,tuning,7,0.5,from_mention,randnorm,1,8,1,2266,0,0,0,
rose-colour,,tuning,7,0.5,from_mention,randnorm,2,8,2,257,0,0,0,
rose-colour,,tuning,7,0.5,answer_only,lens,-1,8,1,2266,0,0,0,
rose-colour,,tuning,7,0.5,answer_only,randdir,0,8,1,2266,0,0,0,
rose-colour,,tuning,7,0.5,answer_only,randdir,1,8,1,2266,0,0,0,
rose-colour,,tuning,7,0.5,answer_only,randdir,2,8,1,2266,0,0,0,
rose-colour,,tuning,7,0.5,answer_only,randnorm,0,8,1,2266,0,0,0,
rose-colour,,tuning,7,0.5,answer_only,randnorm,1,8,1,2266,0,0,0,
rose-colour,,tuning,7,0.5,answer_only,randnorm,2,8,1,2266,0,0,0,
rose-colour,,tuning,7,1.0,all_no_bos,lens,-1,3,2,4077,1,0,0,
rose-colour,,tuning,7,1.0,all_no_bos,randdir,0,8,4,257,0,0,0,
rose-colour,,tuning,7,1.0,all_no_bos,randdir,1,8,1,2266,0,0,0,
rose-colour,,tuning,7,1.0,all_no_bos,randdir,2,10,3,257,0,0,0,
rose-colour,,tuning,7,1.0,all_no_bos,randnorm,0,8,3,257,0,0,0,
rose-colour,,tuning,7,1.0,all_no_bos,randnorm,1,9,1,2266,0,0,0,
rose-colour,,tuning,7,1.0,all_no_bos,randnorm,2,10,2,257,0,0,0,
rose-colour,,tuning,7,1.0,from_mention,lens,-1,3,2,4077,1,0,0,
rose-colour,,tuning,7,1.0,from_mention,randdir,0,8,4,257,0,0,0,
rose-colour,,tuning,7,1.0,from_mention,randdir,1,8,1,2266,0,0,0,
rose-colour,,tuning,7,1.0,from_mention,randdir,2,10,3,257,0,0,0,
rose-colour,,tuning,7,1.0,from_mention,randnorm,0,8,3,257,0,0,0,
rose-colour,,tuning,7,1.0,from_mention,randnorm,1,9,1,2266,0,0,0,
rose-colour,,tuning,7,1.0,from_mention,randnorm,2,10,2,257,0,0,0,
rose-colour,,tuning,7,1.0,answer_only,lens,-1,8,1,2266,0,0,0,
rose-colour,,tuning,7,1.0,answer_only,randdir,0,8,1,2266,0,0,0,
rose-colour,,tuning,7,1.0,answer_only,randdir,1,8,1,2266,0,0,0,
rose-colour,,tuning,7,1.0,answer_only,randdir,2,8,2,257,0,0,0,
rose-colour,,tuning,7,1.0,answer_only,randnorm,0,8,1,2266,0,0,0,
rose-colour,,tuning,7,1.0,answer_only,randnorm,1,8,1,2266,0,0,0,
rose-colour,,tuning,7,1.0,answer_only,randnorm,2,8,2,257,0,0,0,
rose-colour,,tuning,7,2.0,all_no_bos,lens,-1,1,7,4171,1,1,1,
rose-colour,,tuning,7,2.0,all_no_bos,randdir,0,10,4,257,0,0,0,
rose-colour,,tuning,7,2.0,all_no_bos,randdir,1,9,1,2266,0,0,0,
rose-colour,,tuning,7,2.0,all_no_bos,randdir,2,10,4,257,0,0,0,
rose-colour,,tuning,7,2.0,all_no_bos,randnorm,0,10,3,257,0,0,0,
rose-colour,,tuning,7,2.0,all_no_bos,randnorm,1,9,1,2266,0,0,0,
rose-colour,,tuning,7,2.0,all_no_bos,randnorm,2,10,2,257,0,0,0,
rose-colour,,tuning,7,2.0,from_mention,lens,-1,1,7,4171,1,1,1,
rose-colour,,tuning,7,2.0,from_mention,randdir,0,10,4,257,0,0,0,
rose-colour,,tuning,7,2.0,from_mention,randdir,1,9,1,2266,0,0,0,
rose-colour,,tuning,7,2.0,from_mention,randdir,2,10,4,257,0,0,0,
rose-colour,,tuning,7,2.0,from_mention,randnorm,0,10,3,257,0,0,0,
rose-colour,,tuning,7,2.0,from_mention,randnorm,1,9,1,2266,0,0,0,
rose-colour,,tuning,7,2.0,from_mention,randnorm,2,10,2,257,0,0,0,
rose-colour,,tuning,7,2.0,answer_only,lens,-1,9,2,262,0,0,0,
rose-colour,,tuning,7,2.0,answer_only,randdir,0,8,1,2266,0,0,0,
rose-colour,,tuning,7,2.0,answer_only,randdir,1,7,1,2266,0,0,0,
rose-colour,,tuning,7,2.0,answer_only,randdir,2,8,2,257,0,0,0,
rose-colour,,tuning,7,2.0,answer_only,randnorm,0,8,2,262,0,0,0,
rose-colour,,tuning,7,2.0,answer_only,randnorm,1,7,1,2266,0,0,0,
rose-colour,,tuning,7,2.0,answer_only,randnorm,2,8,2,257,0,0,0,
rose-colour,,tuning,8,0.5,all_no_bos,lens,-1,8,1,2266,0,0,0,
rose-colour,,tuning,8,0.5,all_no_bos,randdir,0,8,1,2266,0,0,0,
rose-colour,,tuning,8,0.5,all_no_bos,randdir,1,8,1,2266,0,0,0,
rose-colour,,tuning,8,0.5,all_no_bos,randdir,2,8,1,2266,0,0,0,
rose-colour,,tuning,8,0.5,all_no_bos,randnorm,0,7,1,2266,0,0,0,
rose-colour,,tuning,8,0.5,all_no_bos,randnorm,1,8,1,2266,0,0,0,
rose-colour,,tuning,8,0.5,all_no_bos,randnorm,2,8,1,2266,0,0,0,
rose-colour,,tuning,8,0.5,from_mention,lens,-1,8,1,2266,0,0,0,
rose-colour,,tuning,8,0.5,from_mention,randdir,0,8,1,2266,0,0,0,
rose-colour,,tuning,8,0.5,from_mention,randdir,1,8,1,2266,0,0,0,
rose-colour,,tuning,8,0.5,from_mention,randdir,2,8,1,2266,0,0,0,
rose-colour,,tuning,8,0.5,from_mention,randnorm,0,7,1,2266,0,0,0,
rose-colour,,tuning,8,0.5,from_mention,randnorm,1,8,1,2266,0,0,0,
rose-colour,,tuning,8,0.5,from_mention,randnorm,2,8,1,2266,0,0,0,
rose-colour,,tuning,8,0.5,answer_only,lens,-1,8,1,2266,0,0,0,
rose-colour,,tuning,8,0.5,answer_only,randdir,0,8,1,2266,0,0,0,
rose-colour,,tuning,8,0.5,answer_only,randdir,1,8,1,2266,0,0,0,
rose-colour,,tuning,8,0.5,answer_only,randdir,2,8,1,2266,0,0,0,
rose-colour,,tuning,8,0.5,answer_only,randnorm,0,8,1,2266,0,0,0,
rose-colour,,tuning,8,0.5,answer_only,randnorm,1,8,1,2266,0,0,0,
rose-colour,,tuning,8,0.5,answer_only,randnorm,2,8,1,2266,0,0,0,
rose-colour,,tuning,8,1.0,all_no_bos,lens,-1,7,1,2266,0,0,0,
rose-colour,,tuning,8,1.0,all_no_bos,randdir,0,8,1,2266,0,0,0,
rose-colour,,tuning,8,1.0,all_no_bos,randdir,1,8,1,2266,0,0,0,
rose-colour,,tuning,8,1.0,all_no_bos,randdir,2,8,1,2266,0,0,0,
rose-colour,,tuning,8,1.0,all_no_bos,randnorm,0,7,1,2266,0,0,0,
rose-colour,,tuning,8,1.0,all_no_bos,randnorm,1,8,1,2266,0,0,0,
rose-colour,,tuning,8,1.0,all_no_bos,randnorm,2,8,1,2266,0,0,0,
rose-colour,,tuning,8,1.0,from_mention,lens,-1,7,1,2266,0,0,0,
rose-colour,,tuning,8,1.0,from_mention,randdir,0,8,1,2266,0,0,0,
rose-colour,,tuning,8,1.0,from_mention,randdir,1,8,1,2266,0,0,0,
rose-colour,,tuning,8,1.0,from_mention,randdir,2,8,1,2266,0,0,0,
rose-colour,,tuning,8,1.0,from_mention,randnorm,0,7,1,2266,0,0,0,
rose-colour,,tuning,8,1.0,from_mention,randnorm,1,8,1,2266,0,0,0,
rose-colour,,tuning,8,1.0,from_mention,randnorm,2,8,1,2266,0,0,0,
rose-colour,,tuning,8,1.0,answer_only,lens,-1,8,1,2266,0,0,0,
rose-colour,,tuning,8,1.0,answer_only,randdir,0,8,1,2266,0,0,0,
rose-colour,,tuning,8,1.0,answer_only,randdir,1,8,1,2266,0,0,0,
rose-colour,,tuning,8,1.0,answer_only,randdir,2,7,1,2266,0,0,0,
rose-colour,,tuning,8,1.0,answer_only,randnorm,0,8,1,2266,0,0,0,
rose-colour,,tuning,8,1.0,answer_only,randnorm,1,8,1,2266,0,0,0,
rose-colour,,tuning,8,1.0,answer_only,randnorm,2,8,1,2266,0,0,0,
rose-colour,,tuning,8,2.0,all_no_bos,lens,-1,3,1,2266,1,0,0,
rose-colour,,tuning,8,2.0,all_no_bos,randdir,0,7,1,2266,0,0,0,
rose-colour,,tuning,8,2.0,all_no_bos,randdir,1,10,1,2266,0,0,0,
rose-colour,,tuning,8,2.0,all_no_bos,randdir,2,7,2,1444,0,0,0,
rose-colour,,tuning,8,2.0,all_no_bos,randnorm,0,7,1,2266,0,0,0,
rose-colour,,tuning,8,2.0,all_no_bos,randnorm,1,7,1,2266,0,0,0,
rose-colour,,tuning,8,2.0,all_no_bos,randnorm,2,8,1,2266,0,0,0,
rose-colour,,tuning,8,2.0,from_mention,lens,-1,3,1,2266,1,0,0,
rose-colour,,tuning,8,2.0,from_mention,randdir,0,7,1,2266,0,0,0,
rose-colour,,tuning,8,2.0,from_mention,randdir,1,10,1,2266,0,0,0,
rose-colour,,tuning,8,2.0,from_mention,randdir,2,7,2,1444,0,0,0,
rose-colour,,tuning,8,2.0,from_mention,randnorm,0,7,1,2266,0,0,0,
rose-colour,,tuning,8,2.0,from_mention,randnorm,1,7,1,2266,0,0,0,
rose-colour,,tuning,8,2.0,from_mention,randnorm,2,8,1,2266,0,0,0,
rose-colour,,tuning,8,2.0,answer_only,lens,-1,8,1,2266,0,0,0,
rose-colour,,tuning,8,2.0,answer_only,randdir,0,8,1,2266,0,0,0,
rose-colour,,tuning,8,2.0,answer_only,randdir,1,10,3,257,0,0,0,
rose-colour,,tuning,8,2.0,answer_only,randdir,2,7,2,1444,0,0,0,
rose-colour,,tuning,8,2.0,answer_only,randnorm,0,8,1,2266,0,0,0,
rose-colour,,tuning,8,2.0,answer_only,randnorm,1,8,1,2266,0,0,0,
rose-colour,,tuning,8,2.0,answer_only,randnorm,2,8,1,2266,0,0,0,
rose-colour,,tuning,9,0.5,all_no_bos,lens,-1,7,1,2266,0,0,0,
rose-colour,,tuning,9,0.5,all_no_bos,randdir,0,8,1,2266,0,0,0,
rose-colour,,tuning,9,0.5,all_no_bos,randdir,1,8,1,2266,0,0,0,
rose-colour,,tuning,9,0.5,all_no_bos,randdir,2,8,1,2266,0,0,0,
rose-colour,,tuning,9,0.5,all_no_bos,randnorm,0,8,1,2266,0,0,0,
rose-colour,,tuning,9,0.5,all_no_bos,randnorm,1,8,1,2266,0,0,0,
rose-colour,,tuning,9,0.5,all_no_bos,randnorm,2,7,3,262,0,0,0,
rose-colour,,tuning,9,0.5,from_mention,lens,-1,7,1,2266,0,0,0,
rose-colour,,tuning,9,0.5,from_mention,randdir,0,8,1,2266,0,0,0,
rose-colour,,tuning,9,0.5,from_mention,randdir,1,8,1,2266,0,0,0,
rose-colour,,tuning,9,0.5,from_mention,randdir,2,8,1,2266,0,0,0,
rose-colour,,tuning,9,0.5,from_mention,randnorm,0,8,1,2266,0,0,0,
rose-colour,,tuning,9,0.5,from_mention,randnorm,1,8,1,2266,0,0,0,
rose-colour,,tuning,9,0.5,from_mention,randnorm,2,7,3,262,0,0,0,
rose-colour,,tuning,9,0.5,answer_only,lens,-1,8,1,2266,0,0,0,
rose-colour,,tuning,9,0.5,answer_only,randdir,0,8,1,2266,0,0,0,
rose-colour,,tuning,9,0.5,answer_only,randdir,1,8,1,2266,0,0,0,
rose-colour,,tuning,9,0.5,answer_only,randdir,2,8,1,2266,0,0,0,
rose-colour,,tuning,9,0.5,answer_only,randnorm,0,8,1,2266,0,0,0,
rose-colour,,tuning,9,0.5,answer_only,randnorm,1,8,1,2266,0,0,0,
rose-colour,,tuning,9,0.5,answer_only,randnorm,2,8,1,2266,0,0,0,
rose-colour,,tuning,9,1.0,all_no_bos,lens,-1,7,1,2266,0,0,0,
rose-colour,,tuning,9,1.0,all_no_bos,randdir,0,8,1,2266,0,0,0,
rose-colour,,tuning,9,1.0,all_no_bos,randdir,1,8,1,2266,0,0,0,
rose-colour,,tuning,9,1.0,all_no_bos,randdir,2,7,3,262,0,0,0,
rose-colour,,tuning,9,1.0,all_no_bos,randnorm,0,8,1,2266,0,0,0,
rose-colour,,tuning,9,1.0,all_no_bos,randnorm,1,8,2,1444,0,0,0,
rose-colour,,tuning,9,1.0,all_no_bos,randnorm,2,7,4,262,0,0,0,
rose-colour,,tuning,9,1.0,from_mention,lens,-1,7,1,2266,0,0,0,
rose-colour,,tuning,9,1.0,from_mention,randdir,0,8,1,2266,0,0,0,
rose-colour,,tuning,9,1.0,from_mention,randdir,1,8,1,2266,0,0,0,
rose-colour,,tuning,9,1.0,from_mention,randdir,2,7,3,262,0,0,0,
rose-colour,,tuning,9,1.0,from_mention,randnorm,0,8,1,2266,0,0,0,
rose-colour,,tuning,9,1.0,from_mention,randnorm,1,8,2,1444,0,0,0,
rose-colour,,tuning,9,1.0,from_mention,randnorm,2,7,4,262,0,0,0,
rose-colour,,tuning,9,1.0,answer_only,lens,-1,7,1,2266,0,0,0,
rose-colour,,tuning,9,1.0,answer_only,randdir,0,8,1,2266,0,0,0,
rose-colour,,tuning,9,1.0,answer_only,randdir,1,8,1,2266,0,0,0,
rose-colour,,tuning,9,1.0,answer_only,randdir,2,8,1,2266,0,0,0,
rose-colour,,tuning,9,1.0,answer_only,randnorm,0,8,1,2266,0,0,0,
rose-colour,,tuning,9,1.0,answer_only,randnorm,1,8,1,2266,0,0,0,
rose-colour,,tuning,9,1.0,answer_only,randnorm,2,8,1,2266,0,0,0,
rose-colour,,tuning,9,2.0,all_no_bos,lens,-1,6,1,2266,0,0,0,
rose-colour,,tuning,9,2.0,all_no_bos,randdir,0,8,1,2266,0,0,0,
rose-colour,,tuning,9,2.0,all_no_bos,randdir,1,8,2,1444,0,0,0,
rose-colour,,tuning,9,2.0,all_no_bos,randdir,2,7,5,262,0,0,0,
rose-colour,,tuning,9,2.0,all_no_bos,randnorm,0,8,1,2266,0,0,0,
rose-colour,,tuning,9,2.0,all_no_bos,randnorm,1,8,2,1444,0,0,0,
rose-colour,,tuning,9,2.0,all_no_bos,randnorm,2,6,5,262,0,0,0,
rose-colour,,tuning,9,2.0,from_mention,lens,-1,6,1,2266,0,0,0,
rose-colour,,tuning,9,2.0,from_mention,randdir,0,8,1,2266,0,0,0,
rose-colour,,tuning,9,2.0,from_mention,randdir,1,8,2,1444,0,0,0,
rose-colour,,tuning,9,2.0,from_mention,randdir,2,7,5,262,0,0,0,
rose-colour,,tuning,9,2.0,from_mention,randnorm,0,8,1,2266,0,0,0,
rose-colour,,tuning,9,2.0,from_mention,randnorm,1,8,2,1444,0,0,0,
rose-colour,,tuning,9,2.0,from_mention,randnorm,2,6,5,262,0,0,0,
rose-colour,,tuning,9,2.0,answer_only,lens,-1,7,1,2266,0,0,0,
rose-colour,,tuning,9,2.0,answer_only,randdir,0,8,2,257,0,0,0,
rose-colour,,tuning,9,2.0,answer_only,randdir,1,8,2,1444,0,0,0,
rose-colour,,tuning,9,2.0,answer_only,randdir,2,7,1,2266,0,0,0,
rose-colour,,tuning,9,2.0,answer_only,randnorm,0,8,1,2266,0,0,0,
rose-colour,,tuning,9,2.0,answer_only,randnorm,1,8,3,1444,0,0,0,
rose-colour,,tuning,9,2.0,answer_only,randnorm,2,7,3,262,0,0,0,
rose-colour,,tuning,10,0.5,all_no_bos,lens,-1,8,1,2266,0,0,0,
rose-colour,,tuning,10,0.5,all_no_bos,randdir,0,8,1,2266,0,0,0,
rose-colour,,tuning,10,0.5,all_no_bos,randdir,1,8,1,2266,0,0,0,
rose-colour,,tuning,10,0.5,all_no_bos,randdir,2,8,1,2266,0,0,0,
rose-colour,,tuning,10,0.5,all_no_bos,randnorm,0,8,1,2266,0,0,0,
rose-colour,,tuning,10,0.5,all_no_bos,randnorm,1,8,1,2266,0,0,0,
rose-colour,,tuning,10,0.5,all_no_bos,randnorm,2,8,1,2266,0,0,0,
rose-colour,,tuning,10,0.5,from_mention,lens,-1,8,1,2266,0,0,0,
rose-colour,,tuning,10,0.5,from_mention,randdir,0,8,1,2266,0,0,0,
rose-colour,,tuning,10,0.5,from_mention,randdir,1,8,1,2266,0,0,0,
rose-colour,,tuning,10,0.5,from_mention,randdir,2,8,1,2266,0,0,0,
rose-colour,,tuning,10,0.5,from_mention,randnorm,0,8,1,2266,0,0,0,
rose-colour,,tuning,10,0.5,from_mention,randnorm,1,8,1,2266,0,0,0,
rose-colour,,tuning,10,0.5,from_mention,randnorm,2,8,1,2266,0,0,0,
rose-colour,,tuning,10,0.5,answer_only,lens,-1,8,1,2266,0,0,0,
rose-colour,,tuning,10,0.5,answer_only,randdir,0,8,1,2266,0,0,0,
rose-colour,,tuning,10,0.5,answer_only,randdir,1,8,1,2266,0,0,0,
rose-colour,,tuning,10,0.5,answer_only,randdir,2,8,1,2266,0,0,0,
rose-colour,,tuning,10,0.5,answer_only,randnorm,0,8,1,2266,0,0,0,
rose-colour,,tuning,10,0.5,answer_only,randnorm,1,8,1,2266,0,0,0,
rose-colour,,tuning,10,0.5,answer_only,randnorm,2,8,1,2266,0,0,0,
rose-colour,,tuning,10,1.0,all_no_bos,lens,-1,8,1,2266,0,0,0,
rose-colour,,tuning,10,1.0,all_no_bos,randdir,0,8,1,2266,0,0,0,
rose-colour,,tuning,10,1.0,all_no_bos,randdir,1,8,1,2266,0,0,0,
rose-colour,,tuning,10,1.0,all_no_bos,randdir,2,8,1,2266,0,0,0,
rose-colour,,tuning,10,1.0,all_no_bos,randnorm,0,8,2,262,0,0,0,
rose-colour,,tuning,10,1.0,all_no_bos,randnorm,1,8,1,2266,0,0,0,
rose-colour,,tuning,10,1.0,all_no_bos,randnorm,2,8,1,2266,0,0,0,
rose-colour,,tuning,10,1.0,from_mention,lens,-1,8,1,2266,0,0,0,
rose-colour,,tuning,10,1.0,from_mention,randdir,0,8,1,2266,0,0,0,
rose-colour,,tuning,10,1.0,from_mention,randdir,1,8,1,2266,0,0,0,
rose-colour,,tuning,10,1.0,from_mention,randdir,2,8,1,2266,0,0,0,
rose-colour,,tuning,10,1.0,from_mention,randnorm,0,8,2,262,0,0,0,
rose-colour,,tuning,10,1.0,from_mention,randnorm,1,8,1,2266,0,0,0,
rose-colour,,tuning,10,1.0,from_mention,randnorm,2,8,1,2266,0,0,0,
rose-colour,,tuning,10,1.0,answer_only,lens,-1,8,2,262,0,0,0,
rose-colour,,tuning,10,1.0,answer_only,randdir,0,8,1,2266,0,0,0,
rose-colour,,tuning,10,1.0,answer_only,randdir,1,8,1,2266,0,0,0,
rose-colour,,tuning,10,1.0,answer_only,randdir,2,8,1,2266,0,0,0,
rose-colour,,tuning,10,1.0,answer_only,randnorm,0,8,2,262,0,0,0,
rose-colour,,tuning,10,1.0,answer_only,randnorm,1,8,1,2266,0,0,0,
rose-colour,,tuning,10,1.0,answer_only,randnorm,2,8,1,2266,0,0,0,
rose-colour,,tuning,10,2.0,all_no_bos,lens,-1,8,1,2266,0,0,0,
rose-colour,,tuning,10,2.0,all_no_bos,randdir,0,8,3,262,0,0,0,
rose-colour,,tuning,10,2.0,all_no_bos,randdir,1,8,1,2266,0,0,0,
rose-colour,,tuning,10,2.0,all_no_bos,randdir,2,7,1,2266,0,0,0,
rose-colour,,tuning,10,2.0,all_no_bos,randnorm,0,7,3,262,0,0,0,
rose-colour,,tuning,10,2.0,all_no_bos,randnorm,1,8,1,2266,0,0,0,
rose-colour,,tuning,10,2.0,all_no_bos,randnorm,2,7,1,2266,0,0,0,
rose-colour,,tuning,10,2.0,from_mention,lens,-1,8,1,2266,0,0,0,
rose-colour,,tuning,10,2.0,from_mention,randdir,0,8,3,262,0,0,0,
rose-colour,,tuning,10,2.0,from_mention,randdir,1,8,1,2266,0,0,0,
rose-colour,,tuning,10,2.0,from_mention,randdir,2,7,1,2266,0,0,0,
rose-colour,,tuning,10,2.0,from_mention,randnorm,0,7,3,262,0,0,0,
rose-colour,,tuning,10,2.0,from_mention,randnorm,1,8,1,2266,0,0,0,
rose-colour,,tuning,10,2.0,from_mention,randnorm,2,7,1,2266,0,0,0,
rose-colour,,tuning,10,2.0,answer_only,lens,-1,9,3,262,0,0,0,
rose-colour,,tuning,10,2.0,answer_only,randdir,0,8,3,262,0,0,0,
rose-colour,,tuning,10,2.0,answer_only,randdir,1,8,1,2266,0,0,0,
rose-colour,,tuning,10,2.0,answer_only,randdir,2,8,1,2266,0,0,0,
rose-colour,,tuning,10,2.0,answer_only,randnorm,0,8,3,1444,0,0,0,
rose-colour,,tuning,10,2.0,answer_only,randnorm,1,8,1,2266,0,0,0,
rose-colour,,tuning,10,2.0,answer_only,randnorm,2,8,1,2266,0,0,0,
rose-colour,,tuning,5-6,0.5,all_no_bos,lens,-1,7,4,1444,0,0,0,
rose-colour,,tuning,5-6,0.5,all_no_bos,randdir,0,8,1,2266,0,0,0,
rose-colour,,tuning,5-6,0.5,all_no_bos,randdir,1,8,1,2266,0,0,0,
rose-colour,,tuning,5-6,0.5,all_no_bos,randdir,2,8,1,2266,0,0,0,
rose-colour,,tuning,5-6,0.5,all_no_bos,randnorm,0,7,3,4077,0,0,0,
rose-colour,,tuning,5-6,0.5,all_no_bos,randnorm,1,8,1,2266,0,0,0,
rose-colour,,tuning,5-6,0.5,all_no_bos,randnorm,2,7,1,2266,0,0,0,
rose-colour,,tuning,5-6,0.5,from_mention,lens,-1,7,4,1444,0,0,0,
rose-colour,,tuning,5-6,0.5,from_mention,randdir,0,8,1,2266,0,0,0,
rose-colour,,tuning,5-6,0.5,from_mention,randdir,1,8,1,2266,0,0,0,
rose-colour,,tuning,5-6,0.5,from_mention,randdir,2,8,1,2266,0,0,0,
rose-colour,,tuning,5-6,0.5,from_mention,randnorm,0,7,3,4077,0,0,0,
rose-colour,,tuning,5-6,0.5,from_mention,randnorm,1,8,1,2266,0,0,0,
rose-colour,,tuning,5-6,0.5,from_mention,randnorm,2,7,1,2266,0,0,0,
rose-colour,,tuning,5-6,0.5,answer_only,lens,-1,8,3,262,0,0,0,
rose-colour,,tuning,5-6,0.5,answer_only,randdir,0,8,1,2266,0,0,0,
rose-colour,,tuning,5-6,0.5,answer_only,randdir,1,8,1,2266,0,0,0,
rose-colour,,tuning,5-6,0.5,answer_only,randdir,2,8,1,2266,0,0,0,
rose-colour,,tuning,5-6,0.5,answer_only,randnorm,0,8,1,2266,0,0,0,
rose-colour,,tuning,5-6,0.5,answer_only,randnorm,1,8,1,2266,0,0,0,
rose-colour,,tuning,5-6,0.5,answer_only,randnorm,2,8,1,2266,0,0,0,
rose-colour,,tuning,5-6,1.0,all_no_bos,lens,-1,8,4,1444,0,0,0,
rose-colour,,tuning,5-6,1.0,all_no_bos,randdir,0,8,2,257,0,0,0,
rose-colour,,tuning,5-6,1.0,all_no_bos,randdir,1,8,1,2266,0,0,0,
rose-colour,,tuning,5-6,1.0,all_no_bos,randdir,2,8,1,2266,0,0,0,
rose-colour,,tuning,5-6,1.0,all_no_bos,randnorm,0,5,3,4077,1,0,0,
rose-colour,,tuning,5-6,1.0,all_no_bos,randnorm,1,6,1,2266,0,0,0,
rose-colour,,tuning,5-6,1.0,all_no_bos,randnorm,2,7,1,2266,0,0,0,
rose-colour,,tuning,5-6,1.0,from_mention,lens,-1,8,4,1444,0,0,0,
rose-colour,,tuning,5-6,1.0,from_mention,randdir,0,8,2,257,0,0,0,
rose-colour,,tuning,5-6,1.0,from_mention,randdir,1,8,1,2266,0,0,0,
rose-colour,,tuning,5-6,1.0,from_mention,randdir,2,8,1,2266,0,0,0,
rose-colour,,tuning,5-6,1.0,from_mention,randnorm,0,5,3,4077,1,0,0,
rose-colour,,tuning,5-6,1.0,from_mention,randnorm,1,6,1,2266,0,0,0,
rose-colour,,tuning,5-6,1.0,from_mention,randnorm,2,7,1,2266,0,0,0,
rose-colour,,tuning,5-6,1.0,answer_only,lens,-1,8,4,1444,0,0,0,
rose-colour,,tuning,5-6,1.0,answer_only,randdir,0,8,1,2266,0,0,0,
rose-colour,,tuning,5-6,1.0,answer_only,randdir,1,8,1,2266,0,0,0,
rose-colour,,tuning,5-6,1.0,answer_only,randdir,2,8,1,2266,0,0,0,
rose-colour,,tuning,5-6,1.0,answer_only,randnorm,0,8,3,257,0,0,0,
rose-colour,,tuning,5-6,1.0,answer_only,randnorm,1,7,1,2266,0,0,0,
rose-colour,,tuning,5-6,1.0,answer_only,randnorm,2,8,1,2266,0,0,0,
rose-colour,,tuning,5-6,2.0,all_no_bos,lens,-1,246,12,257,0,0,0,
rose-colour,,tuning,5-6,2.0,all_no_bos,randdir,0,7,3,4077,0,0,0,
rose-colour,,tuning,5-6,2.0,all_no_bos,randdir,1,7,1,2266,0,0,0,
rose-colour,,tuning,5-6,2.0,all_no_bos,randdir,2,6,1,2266,0,0,0,
rose-colour,,tuning,5-6,2.0,all_no_bos,randnorm,0,3,8,257,1,0,1,
rose-colour,,tuning,5-6,2.0,all_no_bos,randnorm,1,4,1,2266,1,0,0,
rose-colour,,tuning,5-6,2.0,all_no_bos,randnorm,2,3,1,2266,1,0,0,
rose-colour,,tuning,5-6,2.0,from_mention,lens,-1,246,12,257,0,0,0,
rose-colour,,tuning,5-6,2.0,from_mention,randdir,0,7,3,4077,0,0,0,
rose-colour,,tuning,5-6,2.0,from_mention,randdir,1,7,1,2266,0,0,0,
rose-colour,,tuning,5-6,2.0,from_mention,randdir,2,6,1,2266,0,0,0,
rose-colour,,tuning,5-6,2.0,from_mention,randnorm,0,3,8,257,1,0,1,
rose-colour,,tuning,5-6,2.0,from_mention,randnorm,1,4,1,2266,1,0,0,
rose-colour,,tuning,5-6,2.0,from_mention,randnorm,2,3,1,2266,1,0,0,
rose-colour,,tuning,5-6,2.0,answer_only,lens,-1,12,4,257,0,0,0,
rose-colour,,tuning,5-6,2.0,answer_only,randdir,0,8,1,2266,0,0,0,
rose-colour,,tuning,5-6,2.0,answer_only,randdir,1,8,1,2266,0,0,0,
rose-colour,,tuning,5-6,2.0,answer_only,randdir,2,8,1,2266,0,0,0,
rose-colour,,tuning,5-6,2.0,answer_only,randnorm,0,8,3,257,0,0,0,
rose-colour,,tuning,5-6,2.0,answer_only,randnorm,1,6,1,2266,0,0,0,
rose-colour,,tuning,5-6,2.0,answer_only,randnorm,2,8,1,2266,0,0,0,
rose-colour,,tuning,6-7,0.5,all_no_bos,lens,-1,7,1,2266,0,0,0,
rose-colour,,tuning,6-7,0.5,all_no_bos,randdir,0,8,3,257,0,0,0,
rose-colour,,tuning,6-7,0.5,all_no_bos,randdir,1,8,1,2266,0,0,0,
rose-colour,,tuning,6-7,0.5,all_no_bos,randdir,2,8,2,257,0,0,0,
rose-colour,,tuning,6-7,0.5,all_no_bos,randnorm,0,8,3,257,0,0,0,
rose-colour,,tuning,6-7,0.5,all_no_bos,randnorm,1,8,1,2266,0,0,0,
rose-colour,,tuning,6-7,0.5,all_no_bos,randnorm,2,9,1,2266,0,0,0,
rose-colour,,tuning,6-7,0.5,from_mention,lens,-1,7,1,2266,0,0,0,
rose-colour,,tuning,6-7,0.5,from_mention,randdir,0,8,3,257,0,0,0,
rose-colour,,tuning,6-7,0.5,from_mention,randdir,1,8,1,2266,0,0,0,
rose-colour,,tuning,6-7,0.5,from_mention,randdir,2,8,2,257,0,0,0,
rose-colour,,tuning,6-7,0.5,from_mention,randnorm,0,8,3,257,0,0,0,
rose-colour,,tuning,6-7,0.5,from_mention,randnorm,1,8,1,2266,0,0,0,
rose-colour,,tuning,6-7,0.5,from_mention,randnorm,2,9,1,2266,0,0,0,
rose-colour,,tuning,6-7,0.5,answer_only,lens,-1,8,1,2266,0,0,0,
rose-colour,,tuning,6-7,0.5,answer_only,randdir,0,8,1,2266,0,0,0,
rose-colour,,tuning,6-7,0.5,answer_only,randdir,1,8,1,2266,0,0,0,
rose-colour,,tuning,6-7,0.5,answer_only,randdir,2,8,1,2266,0,0,0,
rose-colour,,tuning,6-7,0.5,answer_only,randnorm,0,8,1,2266,0,0,0,
rose-colour,,tuning,6-7,0.5,answer_only,randnorm,1,8,1,2266,0,0,0,
rose-colour,,tuning,6-7,0.5,answer_only,randnorm,2,8,1,2266,0,0,0,
rose-colour,,tuning,6-7,1.0,all_no_bos,lens,-1,7,3,262,0,0,0,
rose-colour,,tuning,6-7,1.0,all_no_bos,randdir,0,8,4,257,0,0,0,
rose-colour,,tuning,6-7,1.0,all_no_bos,randdir,1,8,1,2266,0,0,0,
rose-colour,,tuning,6-7,1.0,all_no_bos,randdir,2,9,2,257,0,0,0,
rose-colour,,tuning,6-7,1.0,all_no_bos,randnorm,0,8,4,257,0,0,0,
rose-colour,,tuning,6-7,1.0,all_no_bos,randnorm,1,8,2,1444,0,0,0,
rose-colour,,tuning,6-7,1.0,all_no_bos,randnorm,2,9,2,257,0,0,0,
rose-colour,,tuning,6-7,1.0,from_mention,lens,-1,7,3,262,0,0,0,
rose-colour,,tuning,6-7,1.0,from_mention,randdir,0,8,4,257,0,0,0,
rose-colour,,tuning,6-7,1.0,from_mention,randdir,1,8,1,2266,0,0,0,
rose-colour,,tuning,6-7,1.0,from_mention,randdir,2,9,2,257,0,0,0,
rose-colour,,tuning,6-7,1.0,from_mention,randnorm,0,8,4,257,0,0,0,
rose-colour,,tuning,6-7,1.0,from_mention,randnorm,1,8,2,1444,0,0,0,
rose-colour,,tuning,6-7,1.0,from_mention,randnorm,2,9,2,257,0,0,0,
rose-colour,,tuning,6-7,1.0,answer_only,lens,-1,8,1,2266,0,0,0,
rose-colour,,tuning,6-7,1.0,answer_only,randdir,0,8,1,2266,0,0,0,
rose-colour,,tuning,6-7,1.0,answer_only,randdir,1,8,1,2266,0,0,0,
rose-colour,,tuning,6-7,1.0,answer_only,randdir,2,8,2,257,0,0,0,
rose-colour,,tuning,6-7,1.0,answer_only,randnorm,0,7,1,2266,0,0,0,
rose-colour,,tuning,6-7,1.0,answer_only,randnorm,1,7,1,2266,0,0,0,
rose-colour,,tuning,6-7,1.0,answer_only,randnorm,2,8,1,2266,0,0,0,
rose-colour,,tuning,6-7,2.0,all_no_bos,lens,-1,38,3,257,0,0,0,
rose-colour,,tuning,6-7,2.0,all_no_bos,randdir,0,10,5,257,0,0,0,
rose-colour,,tuning,6-7,2.0,all_no_bos,randdir,1,8,1,2266,0,0,0,
rose-colour,,tuning,6-7,2.0,all_no_bos,randdir,2,10,4,257,0,0,0,
rose-colour,,tuning,6-7,2.0,all_no_bos,randnorm,0,10,4,257,0,0,0,
rose-colour,,tuning,6-7,2.0,all_no_bos,randnorm,1,7,2,1444,0,0,0,
rose-colour,,tuning,6-7,2.0,all_no_bos,randnorm,2,10,2,257,0,0,0,
rose-colour,,tuning,6-7,2.0,from_mention,lens,-1,38,3,257,0,0,0,
rose-colour,,tuning,6-7,2.0,from_mention,randdir,0,10,5,257,0,0,0,
rose-colour,,tuning,6-7,2.0,from_mention,randdir,1,8,1,2266,0,0,0,
rose-colour,,tuning,6-7,2.0,from_mention,randdir,2,10,4,257,0,0,0,
rose-colour,,tuning,6-7,2.0,from_mention,randnorm,0,10,4,257,0,0,0,
rose-colour,,tuning,6-7,2.0,from_mention,randnorm,1,7,2,1444,0,0,0,
rose-colour,,tuning,6-7,2.0,from_mention,randnorm,2,10,2,257,0,0,0,
rose-colour,,tuning,6-7,2.0,answer_only,lens,-1,6,1,2266,0,0,0,
rose-colour,,tuning,6-7,2.0,answer_only,randdir,0,8,1,2266,0,0,0,
rose-colour,,tuning,6-7,2.0,answer_only,randdir,1,7,1,2266,0,0,0,
rose-colour,,tuning,6-7,2.0,answer_only,randdir,2,8,2,257,0,0,0,
rose-colour,,tuning,6-7,2.0,answer_only,randnorm,0,6,2,4077,0,0,0,
rose-colour,,tuning,6-7,2.0,answer_only,randnorm,1,6,1,2266,0,0,0,
rose-colour,,tuning,6-7,2.0,answer_only,randnorm,2,9,2,257,0,0,0,
rose-colour,,tuning,7-8,0.5,all_no_bos,lens,-1,7,1,2266,0,0,0,
rose-colour,,tuning,7-8,0.5,all_no_bos,randdir,0,8,3,257,0,0,0,
rose-colour,,tuning,7-8,0.5,all_no_bos,randdir,1,8,1,2266,0,0,0,
rose-colour,,tuning,7-8,0.5,all_no_bos,randdir,2,8,2,257,0,0,0,
rose-colour,,tuning,7-8,0.5,all_no_bos,randnorm,0,8,3,262,0,0,0,
rose-colour,,tuning,7-8,0.5,all_no_bos,randnorm,1,8,1,2266,0,0,0,
rose-colour,,tuning,7-8,0.5,all_no_bos,randnorm,2,8,2,257,0,0,0,
rose-colour,,tuning,7-8,0.5,from_mention,lens,-1,7,1,2266,0,0,0,
rose-colour,,tuning,7-8,0.5,from_mention,randdir,0,8,3,257,0,0,0,
rose-colour,,tuning,7-8,0.5,from_mention,randdir,1,8,1,2266,0,0,0,
rose-colour,,tuning,7-8,0.5,from_mention,randdir,2,8,2,257,0,0,0,
rose-colour,,tuning,7-8,0.5,from_mention,randnorm,0,8,3,262,0,0,0,
rose-colour,,tuning,7-8,0.5,from_mention,randnorm,1,8,1,2266,0,0,0,
rose-colour,,tuning,7-8,0.5,from_mention,randnorm,2,8,2,257,0,0,0,
rose-colour,,tuning,7-8,0.5,answer_only,lens,-1,8,1,2266,0,0,0,
rose-colour,,tuning,7-8,0.5,answer_only,randdir,0,8,1,2266,0,0,0,
rose-colour,,tuning,7-8,0.5,answer_only,randdir,1,8,1,2266,0,0,0,
rose-colour,,tuning,7-8,0.5,answer_only,randdir,2,8,1,2266,0,0,0,
rose-colour,,tuning,7-8,0.5,answer_only,randnorm,0,8,1,2266,0,0,0,
rose-colour,,tuning,7-8,0.5,answer_only,randnorm,1,8,1,2266,0,0,0,
rose-colour,,tuning,7-8,0.5,answer_only,randnorm,2,8,1,2266,0,0,0,
rose-colour,,tuning,7-8,1.0,all_no_bos,lens,-1,7,1,2266,0,0,0,
rose-colour,,tuning,7-8,1.0,all_no_bos,randdir,0,8,4,257,0,0,0,
rose-colour,,tuning,7-8,1.0,all_no_bos,randdir,1,8,1,2266,0,0,0,
rose-colour,,tuning,7-8,1.0,all_no_bos,randdir,2,10,3,257,0,0,0,
rose-colour,,tuning,7-8,1.0,all_no_bos,randnorm,0,8,3,262,0,0,0,
rose-colour,,tuning,7-8,1.0,all_no_bos,randnorm,1,8,1,2266,0,0,0,
rose-colour,,tuning,7-8,1.0,all_no_bos,randnorm,2,10,2,257,0,0,0,
rose-colour,,tuning,7-8,1.0,from_mention,lens,-1,7,1,2266,0,0,0,
rose-colour,,tuning,7-8,1.0,from_mention,randdir,0,8,4,257,0,0,0,
rose-colour,,tuning,7-8,1.0,from_mention,randdir,1,8,1,2266,0,0,0,
rose-colour,,tuning,7-8,1.0,from_mention,randdir,2,10,3,257,0,0,0,
rose-colour,,tuning,7-8,1.0,from_mention,randnorm,0,8,3,262,0,0,0,
rose-colour,,tuning,7-8,1.0,from_mention,randnorm,1,8,1,2266,0,0,0,
rose-colour,,tuning,7-8,1.0,from_mention,randnorm,2,10,2,257,0,0,0,
rose-colour,,tuning,7-8,1.0,answer_only,lens,-1,7,2,262,0,0,0,
rose-colour,,tuning,7-8,1.0,answer_only,randdir,0,8,1,2266,0,0,0,
rose-colour,,tuning,7-8,1.0,answer_only,randdir,1,8,1,2266,0,0,0,
rose-colour,,tuning,7-8,1.0,answer_only,randdir,2,7,3,257,0,0,0,
rose-colour,,tuning,7-8,1.0,answer_only,randnorm,0,8,2,262,0,0,0,
rose-colour,,tuning,7-8,1.0,answer_only,randnorm,1,8,1,2266,0,0,0,
rose-colour,,tuning,7-8,1.0,answer_only,randnorm,2,8,2,257,0,0,0,
rose-colour,,tuning,7-8,2.0,all_no_bos,lens,-1,30,5,262,0,0,0,
rose-colour,,tuning,7-8,2.0,all_no_bos,randdir,0,8,4,257,0,0,0,
rose-colour,,tuning,7-8,2.0,all_no_bos,randdir,1,10,1,2266,0,0,0,
rose-colour,,tuning,7-8,2.0,all_no_bos,randdir,2,9,4,257,0,0,0,
rose-colour,,tuning,7-8,2.0,all_no_bos,randnorm,0,10,3,262,0,0,0,
rose-colour,,tuning,7-8,2.0,all_no_bos,randnorm,1,4,1,2266,1,0,0,
rose-colour,,tuning,7-8,2.0,all_no_bos,randnorm,2,9,2,257,0,0,0,
rose-colour,,tuning,7-8,2.0,from_mention,lens,-1,30,5,262,0,0,0,
rose-colour,,tuning,7-8,2.0,from_mention,randdir,0,8,4,257,0,0,0,
rose-colour,,tuning,7-8,2.0,from_mention,randdir,1,10,1,2266,0,0,0,
rose-colour,,tuning,7-8,2.0,from_mention,randdir,2,9,4,257,0,0,0,
rose-colour,,tuning,7-8,2.0,from_mention,randnorm,0,10,3,262,0,0,0,
rose-colour,,tuning,7-8,2.0,from_mention,randnorm,1,4,1,2266,1,0,0,
rose-colour,,tuning,7-8,2.0,from_mention,randnorm,2,9,2,257,0,0,0,
rose-colour,,tuning,7-8,2.0,answer_only,lens,-1,7,3,262,0,0,0,
rose-colour,,tuning,7-8,2.0,answer_only,randdir,0,8,1,2266,0,0,0,
rose-colour,,tuning,7-8,2.0,answer_only,randdir,1,9,1,2266,0,0,0,
rose-colour,,tuning,7-8,2.0,answer_only,randdir,2,7,3,257,0,0,0,
rose-colour,,tuning,7-8,2.0,answer_only,randnorm,0,8,2,262,0,0,0,
rose-colour,,tuning,7-8,2.0,answer_only,randnorm,1,8,1,2266,0,0,0,
rose-colour,,tuning,7-8,2.0,answer_only,randnorm,2,8,3,257,0,0,0,
rose-colour,,tuning,8-9,0.5,all_no_bos,lens,-1,7,1,2266,0,0,0,
rose-colour,,tuning,8-9,0.5,all_no_bos,randdir,0,8,1,2266,0,0,0,
rose-colour,,tuning,8-9,0.5,all_no_bos,randdir,1,8,1,2266,0,0,0,
rose-colour,,tuning,8-9,0.5,all_no_bos,randdir,2,8,1,2266,0,0,0,
rose-colour,,tuning,8-9,0.5,all_no_bos,randnorm,0,7,1,2266,0,0,0,
rose-colour,,tuning,8-9,0.5,all_no_bos,randnorm,1,8,1,2266,0,0,0,
rose-colour,,tuning,8-9,0.5,all_no_bos,randnorm,2,8,3,262,0,0,0,
rose-colour,,tuning,8-9,0.5,from_mention,lens,-1,7,1,2266,0,0,0,
rose-colour,,tuning,8-9,0.5,from_mention,randdir,0,8,1,2266,0,0,0,
rose-colour,,tuning,8-9,0.5,from_mention,randdir,1,8,1,2266,0,0,0,
rose-colour,,tuning,8-9,0.5,from_mention,randdir,2,8,1,2266,0,0,0,
rose-colour,,tuning,8-9,0.5,from_mention,randnorm,0,7,1,2266,0,0,0,
rose-colour,,tuning,8-9,0.5,from_mention,randnorm,1,8,1,2266,0,0,0,
rose-colour,,tuning,8-9,0.5,from_mention,randnorm,2,8,3,262,0,0,0,
rose-colour,,tuning,8-9,0.5,answer_only,lens,-1,8,1,2266,0,0,0,
rose-colour,,tuning,8-9,0.5,answer_only,randdir,0,8,1,2266,0,0,0,
rose-colour,,tuning,8-9,0.5,answer_only,randdir,1,8,1,2266,0,0,0,
rose-colour,,tuning,8-9,0.5,answer_only,randdir,2,8,1,2266,0,0,0,
rose-colour,,tuning,8-9,0.5,answer_only,randnorm,0,8,1,2266,0,0,0,
rose-colour,,tuning,8-9,0.5,answer_only,randnorm,1,8,1,2266,0,0,0,
rose-colour,,tuning,8-9,0.5,answer_only,randnorm,2,8,1,2266,0,0,0,
rose-colour,,tuning,8-9,1.0,all_no_bos,lens,-1,7,1,2266,0,0,0,
rose-colour,,tuning,8-9,1.0,all_no_bos,randdir,0,7,1,2266,0,0,0,
rose-colour,,tuning,8-9,1.0,all_no_bos,randdir,1,8,1,2266,0,0,0,
rose-colour,,tuning,8-9,1.0,all_no_bos,randdir,2,7,4,1444,0,0,0,
rose-colour,,tuning,8-9,1.0,all_no_bos,randnorm,0,7,1,2266,0,0,0,
rose-colour,,tuning,8-9,1.0,all_no_bos,randnorm,1,8,1,2266,0,0,0,
rose-colour,,tuning,8-9,1.0,all_no_bos,randnorm,2,7,4,262,0,0,0,
rose-colour,,tuning,8-9,1.0,from_mention,lens,-1,7,1,2266,0,0,0,
rose-colour,,tuning,8-9,1.0,from_mention,randdir,0,7,1,2266,0,0,0,
rose-colour,,tuning,8-9,1.0,from_mention,randdir,1,8,1,2266,0,0,0,
rose-colour,,tuning,8-9,1.0,from_mention,randdir,2,7,4,1444,0,0,0,
rose-colour,,tuning,8-9,1.0,from_mention,randnorm,0,7,1,2266,0,0,0,
rose-colour,,tuning,8-9,1.0,from_mention,randnorm,1,8,1,2266,0,0,0,
rose-colour,,tuning,8-9,1.0,from_mention,randnorm,2,7,4,262,0,0,0,
rose-colour,,tuning,8-9,1.0,answer_only,lens,-1,7,1,2266,0,0,0,
rose-colour,,tuning,8-9,1.0,answer_only,randdir,0,8,1,2266,0,0,0,
rose-colour,,tuning,8-9,1.0,answer_only,randdir,1,8,2,257,0,0,0,
rose-colour,,tuning,8-9,1.0,answer_only,randdir,2,7,1,2266,0,0,0,
rose-colour,,tuning,8-9,1.0,answer_only,randnorm,0,8,1,2266,0,0,0,
rose-colour,,tuning,8-9,1.0,answer_only,randnorm,1,8,1,2266,0,0,0,
rose-colour,,tuning,8-9,1.0,answer_only,randnorm,2,8,1,2266,0,0,0,
rose-colour,,tuning,8-9,2.0,all_no_bos,lens,-1,16,3,262,0,0,0,
rose-colour,,tuning,8-9,2.0,all_no_bos,randdir,0,7,1,2266,0,0,0,
rose-colour,,tuning,8-9,2.0,all_no_bos,randdir,1,9,2,257,0,0,0,
rose-colour,,tuning,8-9,2.0,all_no_bos,randdir,2,6,4,1444,0,0,0,
rose-colour,,tuning,8-9,2.0,all_no_bos,randnorm,0,7,1,2266,0,0,0,
rose-colour,,tuning,8-9,2.0,all_no_bos,randnorm,1,7,2,1444,0,0,0,
rose-colour,,tuning,8-9,2.0,all_no_bos,randnorm,2,6,5,262,0,0,0,
rose-colour,,tuning,8-9,2.0,from_mention,lens,-1,16,3,262,0,0,0,
rose-colour,,tuning,8-9,2.0,from_mention,randdir,0,7,1,2266,0,0,0,
rose-colour,,tuning,8-9,2.0,from_mention,randdir,1,9,2,257,0,0,0,
rose-colour,,tuning,8-9,2.0,from_mention,randdir,2,6,4,1444,0,0,0,
rose-colour,,tuning,8-9,2.0,from_mention,randnorm,0,7,1,2266,0,0,0,
rose-colour,,tuning,8-9,2.0,from_mention,randnorm,1,7,2,1444,0,0,0,
rose-colour,,tuning,8-9,2.0,from_mention,randnorm,2,6,5,262,0,0,0,
rose-colour,,tuning,8-9,2.0,answer_only,lens,-1,7,1,2266,0,0,0,
rose-colour,,tuning,8-9,2.0,answer_only,randdir,0,8,2,257,0,0,0,
rose-colour,,tuning,8-9,2.0,answer_only,randdir,1,10,4,257,0,0,0,
rose-colour,,tuning,8-9,2.0,answer_only,randdir,2,7,2,1444,0,0,0,
rose-colour,,tuning,8-9,2.0,answer_only,randnorm,0,8,1,2266,0,0,0,
rose-colour,,tuning,8-9,2.0,answer_only,randnorm,1,8,3,1444,0,0,0,
rose-colour,,tuning,8-9,2.0,answer_only,randnorm,2,7,3,262,0,0,0,
rose-colour,,tuning,6-7-8,0.5,all_no_bos,lens,-1,7,1,2266,0,0,0,
rose-colour,,tuning,6-7-8,0.5,all_no_bos,randdir,0,8,3,257,0,0,0,
rose-colour,,tuning,6-7-8,0.5,all_no_bos,randdir,1,8,1,2266,0,0,0,
rose-colour,,tuning,6-7-8,0.5,all_no_bos,randdir,2,8,2,257,0,0,0,
rose-colour,,tuning,6-7-8,0.5,all_no_bos,randnorm,0,8,3,257,0,0,0,
rose-colour,,tuning,6-7-8,0.5,all_no_bos,randnorm,1,8,1,2266,0,0,0,
rose-colour,,tuning,6-7-8,0.5,all_no_bos,randnorm,2,9,1,2266,0,0,0,
rose-colour,,tuning,6-7-8,0.5,from_mention,lens,-1,7,1,2266,0,0,0,
rose-colour,,tuning,6-7-8,0.5,from_mention,randdir,0,8,3,257,0,0,0,
rose-colour,,tuning,6-7-8,0.5,from_mention,randdir,1,8,1,2266,0,0,0,
rose-colour,,tuning,6-7-8,0.5,from_mention,randdir,2,8,2,257,0,0,0,
rose-colour,,tuning,6-7-8,0.5,from_mention,randnorm,0,8,3,257,0,0,0,
rose-colour,,tuning,6-7-8,0.5,from_mention,randnorm,1,8,1,2266,0,0,0,
rose-colour,,tuning,6-7-8,0.5,from_mention,randnorm,2,9,1,2266,0,0,0,
rose-colour,,tuning,6-7-8,0.5,answer_only,lens,-1,8,2,262,0,0,0,
rose-colour,,tuning,6-7-8,0.5,answer_only,randdir,0,8,1,2266,0,0,0,
rose-colour,,tuning,6-7-8,0.5,answer_only,randdir,1,8,1,2266,0,0,0,
rose-colour,,tuning,6-7-8,0.5,answer_only,randdir,2,8,1,2266,0,0,0,
rose-colour,,tuning,6-7-8,0.5,answer_only,randnorm,0,8,1,2266,0,0,0,
rose-colour,,tuning,6-7-8,0.5,answer_only,randnorm,1,8,1,2266,0,0,0,
rose-colour,,tuning,6-7-8,0.5,answer_only,randnorm,2,8,1,2266,0,0,0,
rose-colour,,tuning,6-7-8,1.0,all_no_bos,lens,-1,7,2,262,0,0,0,
rose-colour,,tuning,6-7-8,1.0,all_no_bos,randdir,0,8,4,257,0,0,0,
rose-colour,,tuning,6-7-8,1.0,all_no_bos,randdir,1,8,1,2266,0,0,0,
rose-colour,,tuning,6-7-8,1.0,all_no_bos,randdir,2,9,2,257,0,0,0,
rose-colour,,tuning,6-7-8,1.0,all_no_bos,randnorm,0,8,4,257,0,0,0,
rose-colour,,tuning,6-7-8,1.0,all_no_bos,randnorm,1,6,2,1444,0,0,0,
rose-colour,,tuning,6-7-8,1.0,all_no_bos,randnorm,2,9,2,257,0,0,0,
rose-colour,,tuning,6-7-8,1.0,from_mention,lens,-1,7,2,262,0,0,0,
rose-colour,,tuning,6-7-8,1.0,from_mention,randdir,0,8,4,257,0,0,0,
rose-colour,,tuning,6-7-8,1.0,from_mention,randdir,1,8,1,2266,0,0,0,
rose-colour,,tuning,6-7-8,1.0,from_mention,randdir,2,9,2,257,0,0,0,
rose-colour,,tuning,6-7-8,1.0,from_mention,randnorm,0,8,4,257,0,0,0,
rose-colour,,tuning,6-7-8,1.0,from_mention,randnorm,1,6,2,1444,0,0,0,
rose-colour,,tuning,6-7-8,1.0,from_mention,randnorm,2,9,2,257,0,0,0,
rose-colour,,tuning,6-7-8,1.0,answer_only,lens,-1,8,1,2266,0,0,0,
rose-colour,,tuning,6-7-8,1.0,answer_only,randdir,0,8,1,2266,0,0,0,
rose-colour,,tuning,6-7-8,1.0,answer_only,randdir,1,8,1,2266,0,0,0,
rose-colour,,tuning,6-7-8,1.0,answer_only,randdir,2,7,2,257,0,0,0,
rose-colour,,tuning,6-7-8,1.0,answer_only,randnorm,0,7,1,2266,0,0,0,
rose-colour,,tuning,6-7-8,1.0,answer_only,randnorm,1,7,1,2266,0,0,0,
rose-colour,,tuning,6-7-8,1.0,answer_only,randnorm,2,8,1,2266,0,0,0,
rose-colour,,tuning,6-7-8,2.0,all_no_bos,lens,-1,149,70,287,0,0,0,
rose-colour,,tuning,6-7-8,2.0,all_no_bos,randdir,0,9,5,257,0,0,0,
rose-colour,,tuning,6-7-8,2.0,all_no_bos,randdir,1,10,1,2266,0,0,0,
rose-colour,,tuning,6-7-8,2.0,all_no_bos,randdir,2,8,2,257,0,0,0,
rose-colour,,tuning,6-7-8,2.0,all_no_bos,randnorm,0,10,4,257,0,0,0,
rose-colour,,tuning,6-7-8,2.0,all_no_bos,randnorm,1,6,2,1444,0,0,0,
rose-colour,,tuning,6-7-8,2.0,all_no_bos,randnorm,2,7,2,257,0,0,0,
rose-colour,,tuning,6-7-8,2.0,from_mention,lens,-1,149,70,287,0,0,0,
rose-colour,,tuning,6-7-8,2.0,from_mention,randdir,0,9,5,257,0,0,0,
rose-colour,,tuning,6-7-8,2.0,from_mention,randdir,1,10,1,2266,0,0,0,
rose-colour,,tuning,6-7-8,2.0,from_mention,randdir,2,8,2,257,0,0,0,
rose-colour,,tuning,6-7-8,2.0,from_mention,randnorm,0,10,4,257,0,0,0,
rose-colour,,tuning,6-7-8,2.0,from_mention,randnorm,1,6,2,1444,0,0,0,
rose-colour,,tuning,6-7-8,2.0,from_mention,randnorm,2,7,2,257,0,0,0,
rose-colour,,tuning,6-7-8,2.0,answer_only,lens,-1,14,11,45725,0,0,0,
rose-colour,,tuning,6-7-8,2.0,answer_only,randdir,0,8,1,2266,0,0,0,
rose-colour,,tuning,6-7-8,2.0,answer_only,randdir,1,9,1,2266,0,0,0,
rose-colour,,tuning,6-7-8,2.0,answer_only,randdir,2,7,3,257,0,0,0,
rose-colour,,tuning,6-7-8,2.0,answer_only,randnorm,0,6,2,4077,0,0,0,
rose-colour,,tuning,6-7-8,2.0,answer_only,randnorm,1,6,1,2266,0,0,0,
rose-colour,,tuning,6-7-8,2.0,answer_only,randnorm,2,9,2,257,0,0,0,
rose-colour,,tuning,7-8-9,0.5,all_no_bos,lens,-1,7,1,2266,0,0,0,
rose-colour,,tuning,7-8-9,0.5,all_no_bos,randdir,0,8,2,257,0,0,0,
rose-colour,,tuning,7-8-9,0.5,all_no_bos,randdir,1,8,1,2266,0,0,0,
rose-colour,,tuning,7-8-9,0.5,all_no_bos,randdir,2,8,3,257,0,0,0,
rose-colour,,tuning,7-8-9,0.5,all_no_bos,randnorm,0,8,1,2266,0,0,0,
rose-colour,,tuning,7-8-9,0.5,all_no_bos,randnorm,1,8,1,2266,0,0,0,
rose-colour,,tuning,7-8-9,0.5,all_no_bos,randnorm,2,8,3,257,0,0,0,
rose-colour,,tuning,7-8-9,0.5,from_mention,lens,-1,7,1,2266,0,0,0,
rose-colour,,tuning,7-8-9,0.5,from_mention,randdir,0,8,2,257,0,0,0,
rose-colour,,tuning,7-8-9,0.5,from_mention,randdir,1,8,1,2266,0,0,0,
rose-colour,,tuning,7-8-9,0.5,from_mention,randdir,2,8,3,257,0,0,0,
rose-colour,,tuning,7-8-9,0.5,from_mention,randnorm,0,8,1,2266,0,0,0,
rose-colour,,tuning,7-8-9,0.5,from_mention,randnorm,1,8,1,2266,0,0,0,
rose-colour,,tuning,7-8-9,0.5,from_mention,randnorm,2,8,3,257,0,0,0,
rose-colour,,tuning,7-8-9,0.5,answer_only,lens,-1,8,1,2266,0,0,0,
rose-colour,,tuning,7-8-9,0.5,answer_only,randdir,0,8,1,2266,0,0,0,
rose-colour,,tuning,7-8-9,0.5,answer_only,randdir,1,8,1,2266,0,0,0,
rose-colour,,tuning,7-8-9,0.5,answer_only,randdir,2,8,1,2266,0,0,0,
rose-colour,,tuning,7-8-9,0.5,answer_only,randnorm,0,8,1,2266,0,0,0,
rose-colour,,tuning,7-8-9,0.5,answer_only,randnorm,1,8,1,2266,0,0,0,
rose-colour,,tuning,7-8-9,0.5,answer_only,randnorm,2,8,1,2266,0,0,0,
rose-colour,,tuning,7-8-9,1.0,all_no_bos,lens,-1,6,1,2266,0,0,0,
rose-colour,,tuning,7-8-9,1.0,all_no_bos,randdir,0,8,3,257,0,0,0,
rose-colour,,tuning,7-8-9,1.0,all_no_bos,randdir,1,9,1,2266,0,0,0,
rose-colour,,tuning,7-8-9,1.0,all_no_bos,randdir,2,7,4,257,0,0,0,
rose-colour,,tuning,7-8-9,1.0,all_no_bos,randnorm,0,8,3,257,0,0,0,
rose-colour,,tuning,7-8-9,1.0,all_no_bos,randnorm,1,8,1,2266,0,0,0,
rose-colour,,tuning,7-8-9,1.0,all_no_bos,randnorm,2,6,4,257,0,0,0,
rose-colour,,tuning,7-8-9,1.0,from_mention,lens,-1,6,1,2266,0,0,0,
rose-colour,,tuning,7-8-9,1.0,from_mention,randdir,0,8,3,257,0,0,0,
rose-colour,,tuning,7-8-9,1.0,from_mention,randdir,1,9,1,2266,0,0,0,
rose-colour,,tuning,7-8-9,1.0,from_mention,randdir,2,7,4,257,0,0,0,
rose-colour,,tuning,7-8-9,1.0,from_mention,randnorm,0,8,3,257,0,0,0,
rose-colour,,tuning,7-8-9,1.0,from_mention,randnorm,1,8,1,2266,0,0,0,
rose-colour,,tuning,7-8-9,1.0,from_mention,randnorm,2,6,4,257,0,0,0,
rose-colour,,tuning,7-8-9,1.0,answer_only,lens,-1,8,3,262,0,0,0,
rose-colour,,tuning,7-8-9,1.0,answer_only,randdir,0,8,1,2266,0,0,0,
rose-colour,,tuning,7-8-9,1.0,answer_only,randdir,1,8,1,2266,0,0,0,
rose-colour,,tuning,7-8-9,1.0,answer_only,randdir,2,7,3,257,0,0,0,
rose-colour,,tuning,7-8-9,1.0,answer_only,randnorm,0,8,1,2266,0,0,0,
rose-colour,,tuning,7-8-9,1.0,answer_only,randnorm,1,8,1,2266,0,0,0,
rose-colour,,tuning,7-8-9,1.0,answer_only,randnorm,2,7,3,257,0,0,0,
rose-colour,,tuning,7-8-9,2.0,all_no_bos,lens,-1,2,6,45725,1,0,1,
rose-colour,,tuning,7-8-9,2.0,all_no_bos,randdir,0,9,3,257,0,0,0,
rose-colour,,tuning,7-8-9,2.0,all_no_bos,randdir,1,10,1,2266,0,0,0,
rose-colour,,tuning,7-8-9,2.0,all_no_bos,randdir,2,7,4,257,0,0,0,
rose-colour,,tuning,7-8-9,2.0,all_no_bos,randnorm,0,11,3,257,0,0,0,
rose-colour,,tuning,7-8-9,2.0,all_no_bos,randnorm,1,6,1,2266,0,0,0,
rose-colour,,tuning,7-8-9,2.0,all_no_bos,randnorm,2,7,4,257,0,0,0,
rose-colour,,tuning,7-8-9,2.0,from_mention,lens,-1,2,6,45725,1,0,1,
rose-colour,,tuning,7-8-9,2.0,from_mention,randdir,0,9,3,257,0,0,0,
rose-colour,,tuning,7-8-9,2.0,from_mention,randdir,1,10,1,2266,0,0,0,
rose-colour,,tuning,7-8-9,2.0,from_mention,randdir,2,7,4,257,0,0,0,
rose-colour,,tuning,7-8-9,2.0,from_mention,randnorm,0,11,3,257,0,0,0,
rose-colour,,tuning,7-8-9,2.0,from_mention,randnorm,1,6,1,2266,0,0,0,
rose-colour,,tuning,7-8-9,2.0,from_mention,randnorm,2,7,4,257,0,0,0,
rose-colour,,tuning,7-8-9,2.0,answer_only,lens,-1,2,7,45725,1,0,1,
rose-colour,,tuning,7-8-9,2.0,answer_only,randdir,0,8,2,257,0,0,0,
rose-colour,,tuning,7-8-9,2.0,answer_only,randdir,1,10,1,2266,0,0,0,
rose-colour,,tuning,7-8-9,2.0,answer_only,randdir,2,7,3,257,0,0,0,
rose-colour,,tuning,7-8-9,2.0,answer_only,randnorm,0,8,2,262,0,0,0,
rose-colour,,tuning,7-8-9,2.0,answer_only,randnorm,1,8,1,2266,0,0,0,
rose-colour,,tuning,7-8-9,2.0,answer_only,randnorm,2,7,3,257,0,0,0,
spider-legs,,heldout,3,0.5,all_no_bos,lens,-1,5,1,3624,1,0,0,
spider-legs,,heldout,3,0.5,all_no_bos,randdir,0,5,2,1440,1,0,0,
spider-legs,,heldout,3,0.5,all_no_bos,randdir,1,5,2,1440,1,0,0,
spider-legs,,heldout,3,0.5,all_no_bos,randdir,2,5,2,1440,1,0,0,
spider-legs,,heldout,3,0.5,all_no_bos,randnorm,0,5,2,1440,1,0,0,
spider-legs,,heldout,3,0.5,all_no_bos,randnorm,1,5,2,1440,1,0,0,
spider-legs,,heldout,3,0.5,all_no_bos,randnorm,2,5,2,1440,1,0,0,
spider-legs,,heldout,3,0.5,from_mention,lens,-1,5,1,3624,1,0,0,
spider-legs,,heldout,3,0.5,from_mention,randdir,0,5,2,1440,1,0,0,
spider-legs,,heldout,3,0.5,from_mention,randdir,1,5,2,1440,1,0,0,
spider-legs,,heldout,3,0.5,from_mention,randdir,2,5,2,1440,1,0,0,
spider-legs,,heldout,3,0.5,from_mention,randnorm,0,5,2,1440,1,0,0,
spider-legs,,heldout,3,0.5,from_mention,randnorm,1,5,2,1440,1,0,0,
spider-legs,,heldout,3,0.5,from_mention,randnorm,2,5,2,1440,1,0,0,
spider-legs,,heldout,3,0.5,answer_only,lens,-1,5,1,3624,1,0,0,
spider-legs,,heldout,3,0.5,answer_only,randdir,0,5,2,1440,1,0,0,
spider-legs,,heldout,3,0.5,answer_only,randdir,1,5,2,1440,1,0,0,
spider-legs,,heldout,3,0.5,answer_only,randdir,2,5,2,1440,1,0,0,
spider-legs,,heldout,3,0.5,answer_only,randnorm,0,5,2,1440,1,0,0,
spider-legs,,heldout,3,0.5,answer_only,randnorm,1,5,2,1440,1,0,0,
spider-legs,,heldout,3,0.5,answer_only,randnorm,2,5,2,1440,1,0,0,
spider-legs,,heldout,3,1.0,all_no_bos,lens,-1,4,1,3624,1,0,0,
spider-legs,,heldout,3,1.0,all_no_bos,randdir,0,5,2,1440,1,0,0,
spider-legs,,heldout,3,1.0,all_no_bos,randdir,1,5,2,1440,1,0,0,
spider-legs,,heldout,3,1.0,all_no_bos,randdir,2,5,2,1440,1,0,0,
spider-legs,,heldout,3,1.0,all_no_bos,randnorm,0,5,2,1440,1,0,0,
spider-legs,,heldout,3,1.0,all_no_bos,randnorm,1,5,2,1440,1,0,0,
spider-legs,,heldout,3,1.0,all_no_bos,randnorm,2,5,1,3624,1,0,0,
spider-legs,,heldout,3,1.0,from_mention,lens,-1,4,1,3624,1,0,0,
spider-legs,,heldout,3,1.0,from_mention,randdir,0,5,2,1440,1,0,0,
spider-legs,,heldout,3,1.0,from_mention,randdir,1,5,2,1440,1,0,0,
spider-legs,,heldout,3,1.0,from_mention,randdir,2,5,2,1440,1,0,0,
spider-legs,,heldout,3,1.0,from_mention,randnorm,0,5,2,1440,1,0,0,
spider-legs,,heldout,3,1.0,from_mention,randnorm,1,5,2,1440,1,0,0,
spider-legs,,heldout,3,1.0,from_mention,randnorm,2,5,1,3624,1,0,0,
spider-legs,,heldout,3,1.0,answer_only,lens,-1,5,1,3624,1,0,0,
spider-legs,,heldout,3,1.0,answer_only,randdir,0,5,2,1440,1,0,0,
spider-legs,,heldout,3,1.0,answer_only,randdir,1,5,2,1440,1,0,0,
spider-legs,,heldout,3,1.0,answer_only,randdir,2,5,2,1440,1,0,0,
spider-legs,,heldout,3,1.0,answer_only,randnorm,0,5,2,1440,1,0,0,
spider-legs,,heldout,3,1.0,answer_only,randnorm,1,5,2,1440,1,0,0,
spider-legs,,heldout,3,1.0,answer_only,randnorm,2,5,2,1440,1,0,0,
spider-legs,,heldout,3,2.0,all_no_bos,lens,-1,3,1,3624,1,0,0,
spider-legs,,heldout,3,2.0,all_no_bos,randdir,0,5,2,1440,1,0,0,
spider-legs,,heldout,3,2.0,all_no_bos,randdir,1,5,2,1440,1,0,0,
spider-legs,,heldout,3,2.0,all_no_bos,randdir,2,3,2,1440,1,0,0,
spider-legs,,heldout,3,2.0,all_no_bos,randnorm,0,4,2,1440,1,0,0,
spider-legs,,heldout,3,2.0,all_no_bos,randnorm,1,5,2,1440,1,0,0,
spider-legs,,heldout,3,2.0,all_no_bos,randnorm,2,3,1,3624,1,0,0,
spider-legs,,heldout,3,2.0,from_mention,lens,-1,3,1,3624,1,0,0,
spider-legs,,heldout,3,2.0,from_mention,randdir,0,5,2,1440,1,0,0,
spider-legs,,heldout,3,2.0,from_mention,randdir,1,5,2,1440,1,0,0,
spider-legs,,heldout,3,2.0,from_mention,randdir,2,3,2,1440,1,0,0,
spider-legs,,heldout,3,2.0,from_mention,randnorm,0,4,2,1440,1,0,0,
spider-legs,,heldout,3,2.0,from_mention,randnorm,1,5,2,1440,1,0,0,
spider-legs,,heldout,3,2.0,from_mention,randnorm,2,3,1,3624,1,0,0,
spider-legs,,heldout,3,2.0,answer_only,lens,-1,5,1,3624,1,0,0,
spider-legs,,heldout,3,2.0,answer_only,randdir,0,5,2,1440,1,0,0,
spider-legs,,heldout,3,2.0,answer_only,randdir,1,5,2,1440,1,0,0,
spider-legs,,heldout,3,2.0,answer_only,randdir,2,5,2,1440,1,0,0,
spider-legs,,heldout,3,2.0,answer_only,randnorm,0,5,2,1440,1,0,0,
spider-legs,,heldout,3,2.0,answer_only,randnorm,1,5,2,1440,1,0,0,
spider-legs,,heldout,3,2.0,answer_only,randnorm,2,5,2,1440,1,0,0,
spider-legs,,heldout,4,0.5,all_no_bos,lens,-1,5,1,3624,1,0,0,
spider-legs,,heldout,4,0.5,all_no_bos,randdir,0,5,2,1440,1,0,0,
spider-legs,,heldout,4,0.5,all_no_bos,randdir,1,4,2,1440,1,0,0,
spider-legs,,heldout,4,0.5,all_no_bos,randdir,2,5,1,3624,1,0,0,
spider-legs,,heldout,4,0.5,all_no_bos,randnorm,0,5,2,1440,1,0,0,
spider-legs,,heldout,4,0.5,all_no_bos,randnorm,1,5,2,1440,1,0,0,
spider-legs,,heldout,4,0.5,all_no_bos,randnorm,2,5,1,3624,1,0,0,
spider-legs,,heldout,4,0.5,from_mention,lens,-1,5,1,3624,1,0,0,
spider-legs,,heldout,4,0.5,from_mention,randdir,0,5,2,1440,1,0,0,
spider-legs,,heldout,4,0.5,from_mention,randdir,1,4,2,1440,1,0,0,
spider-legs,,heldout,4,0.5,from_mention,randdir,2,5,1,3624,1,0,0,
spider-legs,,heldout,4,0.5,from_mention,randnorm,0,5,2,1440,1,0,0,
spider-legs,,heldout,4,0.5,from_mention,randnorm,1,5,2,1440,1,0,0,
spider-legs,,heldout,4,0.5,from_mention,randnorm,2,5,1,3624,1,0,0,
spider-legs,,heldout,4,0.5,answer_only,lens,-1,5,2,1440,1,0,0,
spider-legs,,heldout,4,0.5,answer_only,randdir,0,5,2,1440,1,0,0,
spider-legs,,heldout,4,0.5,answer_only,randdir,1,5,2,1440,1,0,0,
spider-legs,,heldout,4,0.5,answer_only,randdir,2,5,2,1440,1,0,0,
spider-legs,,heldout,4,0.5,answer_only,randnorm,0,5,2,1440,1,0,0,
spider-legs,,heldout,4,0.5,answer_only,randnorm,1,5,2,1440,1,0,0,
spider-legs,,heldout,4,0.5,answer_only,randnorm,2,5,2,1440,1,0,0,
spider-legs,,heldout,4,1.0,all_no_bos,lens,-1,4,1,3624,1,0,0,
spider-legs,,heldout,4,1.0,all_no_bos,randdir,0,5,2,1440,1,0,0,
spider-legs,,heldout,4,1.0,all_no_bos,randdir,1,4,3,1440,1,0,0,
spider-legs,,heldout,4,1.0,all_no_bos,randdir,2,4,1,3624,1,0,0,
spider-legs,,heldout,4,1.0,all_no_bos,randnorm,0,5,2,1440,1,0,0,
spider-legs,,heldout,4,1.0,all_no_bos,randnorm,1,4,2,1440,1,0,0,
spider-legs,,heldout,4,1.0,all_no_bos,randnorm,2,5,1,3624,1,0,0,
spider-legs,,heldout,4,1.0,from_mention,lens,-1,4,1,3624,1,0,0,
spider-legs,,heldout,4,1.0,from_mention,randdir,0,5,2,1440,1,0,0,
spider-legs,,heldout,4,1.0,from_mention,randdir,1,4,3,1440,1,0,0,
spider-legs,,heldout,4,1.0,from_mention,randdir,2,4,1,3624,1,0,0,
spider-legs,,heldout,4,1.0,from_mention,randnorm,0,5,2,1440,1,0,0,
spider-legs,,heldout,4,1.0,from_mention,randnorm,1,4,2,1440,1,0,0,
spider-legs,,heldout,4,1.0,from_mention,randnorm,2,5,1,3624,1,0,0,
spider-legs,,heldout,4,1.0,answer_only,lens,-1,5,1,3624,1,0,0,
spider-legs,,heldout,4,1.0,answer_only,randdir,0,5,2,1440,1,0,0,
spider-legs,,heldout,4,1.0,answer_only,randdir,1,5,2,1440,1,0,0,
spider-legs,,heldout,4,1.0,answer_only,randdir,2,5,1,3624,1,0,0,
spider-legs,,heldout,4,1.0,answer_only,randnorm,0,5,2,1440,1,0,0,
spider-legs,,heldout,4,1.0,answer_only,randnorm,1,5,2,1440,1,0,0,
spider-legs,,heldout,4,1.0,answer_only,randnorm,2,5,2,1440,1,0,0,
spider-legs,,heldout,4,2.0,all_no_bos,lens,-1,4,1,3624,1,0,0,
spider-legs,,heldout,4,2.0,all_no_bos,randdir,0,5,2,1440,1,0,0,
spider-legs,,heldout,4,2.0,all_no_bos,randdir,1,4,2,1440,1,0,0,
spider-legs,,heldout,4,2.0,all_no_bos,randdir,2,3,1,3624,1,0,0,
spider-legs,,heldout,4,2.0,all_no_bos,randnorm,0,5,2,1440,1,0,0,
spider-legs,,heldout,4,2.0,all_no_bos,randnorm,1,3,2,1440,1,0,0,
spider-legs,,heldout,4,2.0,all_no_bos,randnorm,2,3,1,3624,1,0,0,
spider-legs,,heldout,4,2.0,from_mention,lens,-1,4,1,3624,1,0,0,
spider-legs,,heldout,4,2.0,from_mention,randdir,0,5,2,1440,1,0,0,
spider-legs,,heldout,4,2.0,from_mention,randdir,1,4,2,1440,1,0,0,
spider-legs,,heldout,4,2.0,from_mention,randdir,2,3,1,3624,1,0,0,
spider-legs,,heldout,4,2.0,from_mention,randnorm,0,5,2,1440,1,0,0,
spider-legs,,heldout,4,2.0,from_mention,randnorm,1,3,2,1440,1,0,0,
spider-legs,,heldout,4,2.0,from_mention,randnorm,2,3,1,3624,1,0,0,
spider-legs,,heldout,4,2.0,answer_only,lens,-1,5,1,3624,1,0,0,
spider-legs,,heldout,4,2.0,answer_only,randdir,0,5,2,1440,1,0,0,
spider-legs,,heldout,4,2.0,answer_only,randdir,1,5,2,1440,1,0,0,
spider-legs,,heldout,4,2.0,answer_only,randdir,2,3,1,3624,1,0,0,
spider-legs,,heldout,4,2.0,answer_only,randnorm,0,5,2,1440,1,0,0,
spider-legs,,heldout,4,2.0,answer_only,randnorm,1,5,2,1440,1,0,0,
spider-legs,,heldout,4,2.0,answer_only,randnorm,2,4,1,3624,1,0,0,
spider-legs,,heldout,5,0.5,all_no_bos,lens,-1,5,2,1440,1,0,0,
spider-legs,,heldout,5,0.5,all_no_bos,randdir,0,5,1,3624,1,0,0,
spider-legs,,heldout,5,0.5,all_no_bos,randdir,1,5,2,1440,1,0,0,
spider-legs,,heldout,5,0.5,all_no_bos,randdir,2,5,2,1440,1,0,0,
spider-legs,,heldout,5,0.5,all_no_bos,randnorm,0,5,2,1440,1,0,0,
spider-legs,,heldout,5,0.5,all_no_bos,randnorm,1,5,2,1440,1,0,0,
spider-legs,,heldout,5,0.5,all_no_bos,randnorm,2,5,2,1440,1,0,0,
spider-legs,,heldout,5,0.5,from_mention,lens,-1,5,2,1440,1,0,0,
spider-legs,,heldout,5,0.5,from_mention,randdir,0,5,1,3624,1,0,0,
spider-legs,,heldout,5,0.5,from_mention,randdir,1,5,2,1440,1,0,0,
spider-legs,,heldout,5,0.5,from_mention,randdir,2,5,2,1440,1,0,0,
spider-legs,,heldout,5,0.5,from_mention,randnorm,0,5,2,1440,1,0,0,
spider-legs,,heldout,5,0.5,from_mention,randnorm,1,5,2,1440,1,0,0,
spider-legs,,heldout,5,0.5,from_mention,randnorm,2,5,2,1440,1,0,0,
spider-legs,,heldout,5,0.5,answer_only,lens,-1,5,2,1440,1,0,0,
spider-legs,,heldout,5,0.5,answer_only,randdir,0,5,2,1440,1,0,0,
spider-legs,,heldout,5,0.5,answer_only,randdir,1,5,2,1440,1,0,0,
spider-legs,,heldout,5,0.5,answer_only,randdir,2,5,2,1440,1,0,0,
spider-legs,,heldout,5,0.5,answer_only,randnorm,0,5,2,1440,1,0,0,
spider-legs,,heldout,5,0.5,answer_only,randnorm,1,5,2,1440,1,0,0,
spider-legs,,heldout,5,0.5,answer_only,randnorm,2,5,2,1440,1,0,0,
spider-legs,,heldout,5,1.0,all_no_bos,lens,-1,5,1,3624,1,0,0,
spider-legs,,heldout,5,1.0,all_no_bos,randdir,0,4,1,3624,1,0,0,
spider-legs,,heldout,5,1.0,all_no_bos,randdir,1,5,2,1440,1,0,0,
spider-legs,,heldout,5,1.0,all_no_bos,randdir,2,5,2,1440,1,0,0,
spider-legs,,heldout,5,1.0,all_no_bos,randnorm,0,5,1,3624,1,0,0,
spider-legs,,heldout,5,1.0,all_no_bos,randnorm,1,5,2,1440,1,0,0,
spider-legs,,heldout,5,1.0,all_no_bos,randnorm,2,5,2,1440,1,0,0,
spider-legs,,heldout,5,1.0,from_mention,lens,-1,5,1,3624,1,0,0,
spider-legs,,heldout,5,1.0,from_mention,randdir,0,4,1,3624,1,0,0,
spider-legs,,heldout,5,1.0,from_mention,randdir,1,5,2,1440,1,0,0,
spider-legs,,heldout,5,1.0,from_mention,randdir,2,5,2,1440,1,0,0,
spider-legs,,heldout,5,1.0,from_mention,randnorm,0,5,1,3624,1,0,0,
spider-legs,,heldout,5,1.0,from_mention,randnorm,1,5,2,1440,1,0,0,
spider-legs,,heldout,5,1.0,from_mention,randnorm,2,5,2,1440,1,0,0,
spider-legs,,heldout,5,1.0,answer_only,lens,-1,5,2,1440,1,0,0,
spider-legs,,heldout,5,1.0,answer_only,randdir,0,5,2,1440,1,0,0,
spider-legs,,heldout,5,1.0,answer_only,randdir,1,5,2,1440,1,0,0,
spider-legs,,heldout,5,1.0,answer_only,randdir,2,5,2,1440,1,0,0,
spider-legs,,heldout,5,1.0,answer_only,randnorm,0,5,2,1440,1,0,0,
spider-legs,,heldout,5,1.0,answer_only,randnorm,1,5,2,1440,1,0,0,
spider-legs,,heldout,5,1.0,answer_only,randnorm,2,5,2,1440,1,0,0,
spider-legs,,heldout,5,2.0,all_no_bos,lens,-1,4,1,3624,1,0,0,
spider-legs,,heldout,5,2.0,all_no_bos,randdir,0,5,1,3624,1,0,0,
spider-legs,,heldout,5,2.0,all_no_bos,randdir,1,5,2,1440,1,0,0,
spider-legs,,heldout,5,2.0,all_no_bos,randdir,2,5,2,1440,1,0,0,
spider-legs,,heldout,5,2.0,all_no_bos,randnorm,0,5,1,3624,1,0,0,
spider-legs,,heldout,5,2.0,all_no_bos,randnorm,1,5,1,3624,1,0,0,
spider-legs,,heldout,5,2.0,all_no_bos,randnorm,2,5,2,1440,1,0,0,
spider-legs,,heldout,5,2.0,from_mention,lens,-1,4,1,3624,1,0,0,
spider-legs,,heldout,5,2.0,from_mention,randdir,0,5,1,3624,1,0,0,
spider-legs,,heldout,5,2.0,from_mention,randdir,1,5,2,1440,1,0,0,
spider-legs,,heldout,5,2.0,from_mention,randdir,2,5,2,1440,1,0,0,
spider-legs,,heldout,5,2.0,from_mention,randnorm,0,5,1,3624,1,0,0,
spider-legs,,heldout,5,2.0,from_mention,randnorm,1,5,1,3624,1,0,0,
spider-legs,,heldout,5,2.0,from_mention,randnorm,2,5,2,1440,1,0,0,
spider-legs,,heldout,5,2.0,answer_only,lens,-1,5,2,1440,1,0,0,
spider-legs,,heldout,5,2.0,answer_only,randdir,0,5,2,1440,1,0,0,
spider-legs,,heldout,5,2.0,answer_only,randdir,1,5,2,1440,1,0,0,
spider-legs,,heldout,5,2.0,answer_only,randdir,2,5,2,1440,1,0,0,
spider-legs,,heldout,5,2.0,answer_only,randnorm,0,5,2,1440,1,0,0,
spider-legs,,heldout,5,2.0,answer_only,randnorm,1,5,2,1440,1,0,0,
spider-legs,,heldout,5,2.0,answer_only,randnorm,2,5,2,1440,1,0,0,
spider-legs,,heldout,6,0.5,all_no_bos,lens,-1,5,2,1440,1,0,0,
spider-legs,,heldout,6,0.5,all_no_bos,randdir,0,5,2,1440,1,0,0,
spider-legs,,heldout,6,0.5,all_no_bos,randdir,1,5,2,1440,1,0,0,
spider-legs,,heldout,6,0.5,all_no_bos,randdir,2,5,2,1440,1,0,0,
spider-legs,,heldout,6,0.5,all_no_bos,randnorm,0,5,2,1440,1,0,0,
spider-legs,,heldout,6,0.5,all_no_bos,randnorm,1,5,2,1440,1,0,0,
spider-legs,,heldout,6,0.5,all_no_bos,randnorm,2,5,2,1440,1,0,0,
spider-legs,,heldout,6,0.5,from_mention,lens,-1,5,2,1440,1,0,0,
spider-legs,,heldout,6,0.5,from_mention,randdir,0,5,2,1440,1,0,0,
spider-legs,,heldout,6,0.5,from_mention,randdir,1,5,2,1440,1,0,0,
spider-legs,,heldout,6,0.5,from_mention,randdir,2,5,2,1440,1,0,0,
spider-legs,,heldout,6,0.5,from_mention,randnorm,0,5,2,1440,1,0,0,
spider-legs,,heldout,6,0.5,from_mention,randnorm,1,5,2,1440,1,0,0,
spider-legs,,heldout,6,0.5,from_mention,randnorm,2,5,2,1440,1,0,0,
spider-legs,,heldout,6,0.5,answer_only,lens,-1,5,2,1440,1,0,0,
spider-legs,,heldout,6,0.5,answer_only,randdir,0,5,2,1440,1,0,0,
spider-legs,,heldout,6,0.5,answer_only,randdir,1,5,2,1440,1,0,0,
spider-legs,,heldout,6,0.5,answer_only,randdir,2,5,2,1440,1,0,0,
spider-legs,,heldout,6,0.5,answer_only,randnorm,0,5,2,1440,1,0,0,
spider-legs,,heldout,6,0.5,answer_only,randnorm,1,5,2,1440,1,0,0,
spider-legs,,heldout,6,0.5,answer_only,randnorm,2,5,2,1440,1,0,0,
spider-legs,,heldout,6,1.0,all_no_bos,lens,-1,5,1,3624,1,0,0,
spider-legs,,heldout,6,1.0,all_no_bos,randdir,0,5,1,3624,1,0,0,
spider-legs,,heldout,6,1.0,all_no_bos,randdir,1,5,2,1440,1,0,0,
spider-legs,,heldout,6,1.0,all_no_bos,randdir,2,5,2,1440,1,0,0,
spider-legs,,heldout,6,1.0,all_no_bos,randnorm,0,5,2,1440,1,0,0,
spider-legs,,heldout,6,1.0,all_no_bos,randnorm,1,5,1,3624,1,0,0,
spider-legs,,heldout,6,1.0,all_no_bos,randnorm,2,5,2,1440,1,0,0,
spider-legs,,heldout,6,1.0,from_mention,lens,-1,5,1,3624,1,0,0,
spider-legs,,heldout,6,1.0,from_mention,randdir,0,5,1,3624,1,0,0,
spider-legs,,heldout,6,1.0,from_mention,randdir,1,5,2,1440,1,0,0,
spider-legs,,heldout,6,1.0,from_mention,randdir,2,5,2,1440,1,0,0,
spider-legs,,heldout,6,1.0,from_mention,randnorm,0,5,2,1440,1,0,0,
spider-legs,,heldout,6,1.0,from_mention,randnorm,1,5,1,3624,1,0,0,
spider-legs,,heldout,6,1.0,from_mention,randnorm,2,5,2,1440,1,0,0,
spider-legs,,heldout,6,1.0,answer_only,lens,-1,5,2,1440,1,0,0,
spider-legs,,heldout,6,1.0,answer_only,randdir,0,5,2,1440,1,0,0,
spider-legs,,heldout,6,1.0,answer_only,randdir,1,5,2,1440,1,0,0,
spider-legs,,heldout,6,1.0,answer_only,randdir,2,5,2,1440,1,0,0,
spider-legs,,heldout,6,1.0,answer_only,randnorm,0,5,2,1440,1,0,0,
spider-legs,,heldout,6,1.0,answer_only,randnorm,1,5,2,1440,1,0,0,
spider-legs,,heldout,6,1.0,answer_only,randnorm,2,5,2,1440,1,0,0,
spider-legs,,heldout,6,2.0,all_no_bos,lens,-1,5,1,3624,1,0,0,
spider-legs,,heldout,6,2.0,all_no_bos,randdir,0,5,1,3624,1,0,0,
spider-legs,,heldout,6,2.0,all_no_bos,randdir,1,5,2,1440,1,0,0,
spider-legs,,heldout,6,2.0,all_no_bos,randdir,2,5,2,1440,1,0,0,
spider-legs,,heldout,6,2.0,all_no_bos,randnorm,0,5,1,3624,1,0,0,
spider-legs,,heldout,6,2.0,all_no_bos,randnorm,1,3,1,3624,1,0,0,
spider-legs,,heldout,6,2.0,all_no_bos,randnorm,2,5,2,1440,1,0,0,
spider-legs,,heldout,6,2.0,from_mention,lens,-1,5,1,3624,1,0,0,
spider-legs,,heldout,6,2.0,from_mention,randdir,0,5,1,3624,1,0,0,
spider-legs,,heldout,6,2.0,from_mention,randdir,1,5,2,1440,1,0,0,
spider-legs,,heldout,6,2.0,from_mention,randdir,2,5,2,1440,1,0,0,
spider-legs,,heldout,6,2.0,from_mention,randnorm,0,5,1,3624,1,0,0,
spider-legs,,heldout,6,2.0,from_mention,randnorm,1,3,1,3624,1,0,0,
spider-legs,,heldout,6,2.0,from_mention,randnorm,2,5,2,1440,1,0,0,
spider-legs,,heldout,6,2.0,answer_only,lens,-1,5,2,1440,1,0,0,
spider-legs,,heldout,6,2.0,answer_only,randdir,0,5,2,1440,1,0,0,
spider-legs,,heldout,6,2.0,answer_only,randdir,1,5,2,1440,1,0,0,
spider-legs,,heldout,6,2.0,answer_only,randdir,2,5,2,1440,1,0,0,
spider-legs,,heldout,6,2.0,answer_only,randnorm,0,5,2,1440,1,0,0,
spider-legs,,heldout,6,2.0,answer_only,randnorm,1,5,1,3624,1,0,0,
spider-legs,,heldout,6,2.0,answer_only,randnorm,2,5,2,1440,1,0,0,
spider-legs,,heldout,7,0.5,all_no_bos,lens,-1,5,2,1440,1,0,0,
spider-legs,,heldout,7,0.5,all_no_bos,randdir,0,5,2,1440,1,0,0,
spider-legs,,heldout,7,0.5,all_no_bos,randdir,1,5,2,1440,1,0,0,
spider-legs,,heldout,7,0.5,all_no_bos,randdir,2,5,2,1440,1,0,0,
spider-legs,,heldout,7,0.5,all_no_bos,randnorm,0,5,2,1440,1,0,0,
spider-legs,,heldout,7,0.5,all_no_bos,randnorm,1,5,2,1440,1,0,0,
spider-legs,,heldout,7,0.5,all_no_bos,randnorm,2,5,2,1440,1,0,0,
spider-legs,,heldout,7,0.5,from_mention,lens,-1,5,2,1440,1,0,0,
spider-legs,,heldout,7,0.5,from_mention,randdir,0,5,2,1440,1,0,0,
spider-legs,,heldout,7,0.5,from_mention,randdir,1,5,2,1440,1,0,0,
spider-legs,,heldout,7,0.5,from_mention,randdir,2,5,2,1440,1,0,0,
spider-legs,,heldout,7,0.5,from_mention,randnorm,0,5,2,1440,1,0,0,
spider-legs,,heldout,7,0.5,from_mention,randnorm,1,5,2,1440,1,0,0,
spider-legs,,heldout,7,0.5,from_mention,randnorm,2,5,2,1440,1,0,0,
spider-legs,,heldout,7,0.5,answer_only,lens,-1,5,2,1440,1,0,0,
spider-legs,,heldout,7,0.5,answer_only,randdir,0,5,2,1440,1,0,0,
spider-legs,,heldout,7,0.5,answer_only,randdir,1,5,2,1440,1,0,0,
spider-legs,,heldout,7,0.5,answer_only,randdir,2,5,2,1440,1,0,0,
spider-legs,,heldout,7,0.5,answer_only,randnorm,0,5,2,1440,1,0,0,
spider-legs,,heldout,7,0.5,answer_only,randnorm,1,5,2,1440,1,0,0,
spider-legs,,heldout,7,0.5,answer_only,randnorm,2,5,2,1440,1,0,0,
spider-legs,,heldout,7,1.0,all_no_bos,lens,-1,5,2,1440,1,0,0,
spider-legs,,heldout,7,1.0,all_no_bos,randdir,0,5,3,1440,1,0,0,
spider-legs,,heldout,7,1.0,all_no_bos,randdir,1,5,1,3624,1,0,0,
spider-legs,,heldout,7,1.0,all_no_bos,randdir,2,5,2,1440,1,0,0,
spider-legs,,heldout,7,1.0,all_no_bos,randnorm,0,5,2,1440,1,0,0,
spider-legs,,heldout,7,1.0,all_no_bos,randnorm,1,5,1,3624,1,0,0,
spider-legs,,heldout,7,1.0,all_no_bos,randnorm,2,5,2,1440,1,0,0,
spider-legs,,heldout,7,1.0,from_mention,lens,-1,5,2,1440,1,0,0,
spider-legs,,heldout,7,1.0,from_mention,randdir,0,5,3,1440,1,0,0,
spider-legs,,heldout,7,1.0,from_mention,randdir,1,5,1,3624,1,0,0,
spider-legs,,heldout,7,1.0,from_mention,randdir,2,5,2,1440,1,0,0,
spider-legs,,heldout,7,1.0,from_mention,randnorm,0,5,2,1440,1,0,0,
spider-legs,,heldout,7,1.0,from_mention,randnorm,1,5,1,3624,1,0,0,
spider-legs,,heldout,7,1.0,from_mention,randnorm,2,5,2,1440,1,0,0,
spider-legs,,heldout,7,1.0,answer_only,lens,-1,5,2,1440,1,0,0,
spider-legs,,heldout,7,1.0,answer_only,randdir,0,5,2,1440,1,0,0,
spider-legs,,heldout,7,1.0,answer_only,randdir,1,5,2,1440,1,0,0,
spider-legs,,heldout,7,1.0,answer_only,randdir,2,5,2,1440,1,0,0,
spider-legs,,heldout,7,1.0,answer_only,randnorm,0,5,2,1440,1,0,0,
spider-legs,,heldout,7,1.0,answer_only,randnorm,1,5,2,1440,1,0,0,
spider-legs,,heldout,7,1.0,answer_only,randnorm,2,5,2,1440,1,0,0,
spider-legs,,heldout,7,2.0,all_no_bos,lens,-1,5,1,3624,1,0,0,
spider-legs,,heldout,7,2.0,all_no_bos,randdir,0,5,4,257,1,0,0,
spider-legs,,heldout,7,2.0,all_no_bos,randdir,1,4,1,3624,1,0,0,
spider-legs,,heldout,7,2.0,all_no_bos,randdir,2,5,2,1440,1,0,0,
spider-legs,,heldout,7,2.0,all_no_bos,randnorm,0,5,4,257,1,0,0,
spider-legs,,heldout,7,2.0,all_no_bos,randnorm,1,4,1,3624,1,0,0,
spider-legs,,heldout,7,2.0,all_no_bos,randnorm,2,5,3,1440,1,0,0,
spider-legs,,heldout,7,2.0,from_mention,lens,-1,5,1,3624,1,0,0,
spider-legs,,heldout,7,2.0,from_mention,randdir,0,5,4,257,1,0,0,
spider-legs,,heldout,7,2.0,from_mention,randdir,1,4,1,3624,1,0,0,
spider-legs,,heldout,7,2.0,from_mention,randdir,2,5,2,1440,1,0,0,
spider-legs,,heldout,7,2.0,from_mention,randnorm,0,5,4,257,1,0,0,
spider-legs,,heldout,7,2.0,from_mention,randnorm,1,4,1,3624,1,0,0,
spider-legs,,heldout,7,2.0,from_mention,randnorm,2,5,3,1440,1,0,0,
spider-legs,,heldout,7,2.0,answer_only,lens,-1,5,2,1440,1,0,0,
spider-legs,,heldout,7,2.0,answer_only,randdir,0,5,4,257,1,0,0,
spider-legs,,heldout,7,2.0,answer_only,randdir,1,5,2,1440,1,0,0,
spider-legs,,heldout,7,2.0,answer_only,randdir,2,5,3,1440,1,0,0,
spider-legs,,heldout,7,2.0,answer_only,randnorm,0,5,4,1440,1,0,0,
spider-legs,,heldout,7,2.0,answer_only,randnorm,1,5,2,1440,1,0,0,
spider-legs,,heldout,7,2.0,answer_only,randnorm,2,5,3,1440,1,0,0,
spider-legs,,heldout,8,0.5,all_no_bos,lens,-1,5,2,1440,1,0,0,
spider-legs,,heldout,8,0.5,all_no_bos,randdir,0,5,2,1440,1,0,0,
spider-legs,,heldout,8,0.5,all_no_bos,randdir,1,5,1,3624,1,0,0,
spider-legs,,heldout,8,0.5,all_no_bos,randdir,2,5,2,1440,1,0,0,
spider-legs,,heldout,8,0.5,all_no_bos,randnorm,0,5,2,1440,1,0,0,
spider-legs,,heldout,8,0.5,all_no_bos,randnorm,1,5,2,1440,1,0,0,
spider-legs,,heldout,8,0.5,all_no_bos,randnorm,2,5,2,1440,1,0,0,
spider-legs,,heldout,8,0.5,from_mention,lens,-1,5,2,1440,1,0,0,
spider-legs,,heldout,8,0.5,from_mention,randdir,0,5,2,1440,1,0,0,
spider-legs,,heldout,8,0.5,from_mention,randdir,1,5,1,3624,1,0,0,
spider-legs,,heldout,8,0.5,from_mention,randdir,2,5,2,1440,1,0,0,
spider-legs,,heldout,8,0.5,from_mention,randnorm,0,5,2,1440,1,0,0,
spider-legs,,heldout,8,0.5,from_mention,randnorm,1,5,2,1440,1,0,0,
spider-legs,,heldout,8,0.5,from_mention,randnorm,2,5,2,1440,1,0,0,
spider-legs,,heldout,8,0.5,answer_only,lens,-1,5,2,1440,1,0,0,
spider-legs,,heldout,8,0.5,answer_only,randdir,0,5,2,1440,1,0,0,
spider-legs,,heldout,8,0.5,answer_only,randdir,1,5,2,1440,1,0,0,
spider-legs,,heldout,8,0.5,answer_only,randdir,2,5,2,1440,1,0,0,
spider-legs,,heldout,8,0.5,answer_only,randnorm,0,5,2,1440,1,0,0,
spider-legs,,heldout,8,0.5,answer_only,randnorm,1,5,2,1440,1,0,0,
spider-legs,,heldout,8,0.5,answer_only,randnorm,2,5,2,1440,1,0,0,
spider-legs,,heldout,8,1.0,all_no_bos,lens,-1,5,2,1440,1,0,0,
spider-legs,,heldout,8,1.0,all_no_bos,randdir,0,5,2,1440,1,0,0,
spider-legs,,heldout,8,1.0,all_no_bos,randdir,1,4,1,3624,1,0,0,
spider-legs,,heldout,8,1.0,all_no_bos,randdir,2,5,2,1440,1,0,0,
spider-legs,,heldout,8,1.0,all_no_bos,randnorm,0,5,2,1440,1,0,0,
spider-legs,,heldout,8,1.0,all_no_bos,randnorm,1,5,2,1440,1,0,0,
spider-legs,,heldout,8,1.0,all_no_bos,randnorm,2,5,2,1440,1,0,0,
spider-legs,,heldout,8,1.0,from_mention,lens,-1,5,2,1440,1,0,0,
spider-legs,,heldout,8,1.0,from_mention,randdir,0,5,2,1440,1,0,0,
spider-legs,,heldout,8,1.0,from_mention,randdir,1,4,1,3624,1,0,0,
spider-legs,,heldout,8,1.0,from_mention,randdir,2,5,2,1440,1,0,0,
spider-legs,,heldout,8,1.0,from_mention,randnorm,0,5,2,1440,1,0,0,
spider-legs,,heldout,8,1.0,from_mention,randnorm,1,5,2,1440,1,0,0,
spider-legs,,heldout,8,1.0,from_mention,randnorm,2,5,2,1440,1,0,0,
spider-legs,,heldout,8,1.0,answer_only,lens,-1,5,2,1440,1,0,0,
spider-legs,,heldout,8,1.0,answer_only,randdir,0,5,2,1440,1,0,0,
spider-legs,,heldout,8,1.0,answer_only,randdir,1,5,1,3624,1,0,0,
spider-legs,,heldout,8,1.0,answer_only,randdir,2,5,2,1440,1,0,0,
spider-legs,,heldout,8,1.0,answer_only,randnorm,0,5,2,1440,1,0,0,
spider-legs,,heldout,8,1.0,answer_only,randnorm,1,5,2,1440,1,0,0,
spider-legs,,heldout,8,1.0,answer_only,randnorm,2,5,2,1440,1,0,0,
spider-legs,,heldout,8,2.0,all_no_bos,lens,-1,5,2,1440,1,0,0,
spider-legs,,heldout,8,2.0,all_no_bos,randdir,0,5,2,1440,1,0,0,
spider-legs,,heldout,8,2.0,all_no_bos,randdir,1,4,1,3624,1,0,0,
spider-legs,,heldout,8,2.0,all_no_bos,randdir,2,5,4,1440,1,0,0,
spider-legs,,heldout,8,2.0,all_no_bos,randnorm,0,5,2,1440,1,0,0,
spider-legs,,heldout,8,2.0,all_no_bos,randnorm,1,5,2,1440,1,0,0,
spider-legs,,heldout,8,2.0,all_no_bos,randnorm,2,5,2,1440,1,0,0,
spider-legs,,heldout,8,2.0,from_mention,lens,-1,5,2,1440,1,0,0,
spider-legs,,heldout,8,2.0,from_mention,randdir,0,5,2,1440,1,0,0,
spider-legs,,heldout,8,2.0,from_mention,randdir,1,4,1,3624,1,0,0,
spider-legs,,heldout,8,2.0,from_mention,randdir,2,5,4,1440,1,0,0,
spider-legs,,heldout,8,2.0,from_mention,randnorm,0,5,2,1440,1,0,0,
spider-legs,,heldout,8,2.0,from_mention,randnorm,1,5,2,1440,1,0,0,
spider-legs,,heldout,8,2.0,from_mention,randnorm,2,5,2,1440,1,0,0,
spider-legs,,heldout,8,2.0,answer_only,lens,-1,5,2,1440,1,0,0,
spider-legs,,heldout,8,2.0,answer_only,randdir,0,5,2,1440,1,0,0,
spider-legs,,heldout,8,2.0,answer_only,randdir,1,4,1,3624,1,0,0,
spider-legs,,heldout,8,2.0,answer_only,randdir,2,5,2,1440,1,0,0,
spider-legs,,heldout,8,2.0,answer_only,randnorm,0,5,2,1440,1,0,0,
spider-legs,,heldout,8,2.0,answer_only,randnorm,1,5,2,1440,1,0,0,
spider-legs,,heldout,8,2.0,answer_only,randnorm,2,5,2,1440,1,0,0,
spider-legs,,heldout,9,0.5,all_no_bos,lens,-1,5,2,1440,1,0,0,
spider-legs,,heldout,9,0.5,all_no_bos,randdir,0,5,2,1440,1,0,0,
spider-legs,,heldout,9,0.5,all_no_bos,randdir,1,5,2,1440,1,0,0,
spider-legs,,heldout,9,0.5,all_no_bos,randdir,2,5,2,1440,1,0,0,
spider-legs,,heldout,9,0.5,all_no_bos,randnorm,0,5,2,1440,1,0,0,
spider-legs,,heldout,9,0.5,all_no_bos,randnorm,1,5,2,1440,1,0,0,
spider-legs,,heldout,9,0.5,all_no_bos,randnorm,2,5,2,1440,1,0,0,
spider-legs,,heldout,9,0.5,from_mention,lens,-1,5,2,1440,1,0,0,
spider-legs,,heldout,9,0.5,from_mention,randdir,0,5,2,1440,1,0,0,
spider-legs,,heldout,9,0.5,from_mention,randdir,1,5,2,1440,1,0,0,
spider-legs,,heldout,9,0.5,from_mention,randdir,2,5,2,1440,1,0,0,
spider-legs,,heldout,9,0.5,from_mention,randnorm,0,5,2,1440,1,0,0,
spider-legs,,heldout,9,0.5,from_mention,randnorm,1,5,2,1440,1,0,0,
spider-legs,,heldout,9,0.5,from_mention,randnorm,2,5,2,1440,1,0,0,
spider-legs,,heldout,9,0.5,answer_only,lens,-1,5,2,1440,1,0,0,
spider-legs,,heldout,9,0.5,answer_only,randdir,0,5,2,1440,1,0,0,
spider-legs,,heldout,9,0.5,answer_only,randdir,1,5,2,1440,1,0,0,
spider-legs,,heldout,9,0.5,answer_only,randdir,2,5,2,1440,1,0,0,
spider-legs,,heldout,9,0.5,answer_only,randnorm,0,5,2,1440,1,0,0,
spider-legs,,heldout,9,0.5,answer_only,randnorm,1,5,2,1440,1,0,0,
spider-legs,,heldout,9,0.5,answer_only,randnorm,2,5,2,1440,1,0,0,
spider-legs,,heldout,9,1.0,all_no_bos,lens,-1,5,2,1440,1,0,0,
spider-legs,,heldout,9,1.0,all_no_bos,randdir,0,5,2,1440,1,0,0,
spider-legs,,heldout,9,1.0,all_no_bos,randdir,1,5,2,1440,1,0,0,
spider-legs,,heldout,9,1.0,all_no_bos,randdir,2,5,2,1440,1,0,0,
spider-legs,,heldout,9,1.0,all_no_bos,randnorm,0,5,2,1440,1,0,0,
spider-legs,,heldout,9,1.0,all_no_bos,randnorm,1,5,2,1440,1,0,0,
spider-legs,,heldout,9,1.0,all_no_bos,randnorm,2,5,2,1440,1,0,0,
spider-legs,,heldout,9,1.0,from_mention,lens,-1,5,2,1440,1,0,0,
spider-legs,,heldout,9,1.0,from_mention,randdir,0,5,2,1440,1,0,0,
spider-legs,,heldout,9,1.0,from_mention,randdir,1,5,2,1440,1,0,0,
spider-legs,,heldout,9,1.0,from_mention,randdir,2,5,2,1440,1,0,0,
spider-legs,,heldout,9,1.0,from_mention,randnorm,0,5,2,1440,1,0,0,
spider-legs,,heldout,9,1.0,from_mention,randnorm,1,5,2,1440,1,0,0,
spider-legs,,heldout,9,1.0,from_mention,randnorm,2,5,2,1440,1,0,0,
spider-legs,,heldout,9,1.0,answer_only,lens,-1,5,2,1440,1,0,0,
spider-legs,,heldout,9,1.0,answer_only,randdir,0,5,2,1440,1,0,0,
spider-legs,,heldout,9,1.0,answer_only,randdir,1,5,2,1440,1,0,0,
spider-legs,,heldout,9,1.0,answer_only,randdir,2,5,2,1440,1,0,0,
spider-legs,,heldout,9,1.0,answer_only,randnorm,0,5,2,1440,1,0,0,
spider-legs,,heldout,9,1.0,answer_only,randnorm,1,5,2,1440,1,0,0,
spider-legs,,heldout,9,1.0,answer_only,randnorm,2,5,2,1440,1,0,0,
spider-legs,,heldout,9,2.0,all_no_bos,lens,-1,5,1,3624,1,0,0,
spider-legs,,heldout,9,2.0,all_no_bos,randdir,0,5,2,1440,1,0,0,
spider-legs,,heldout,9,2.0,all_no_bos,randdir,1,5,1,3624,1,0,0,
spider-legs,,heldout,9,2.0,all_no_bos,randdir,2,5,2,1440,1,0,0,
spider-legs,,heldout,9,2.0,all_no_bos,randnorm,0,5,2,1440,1,0,0,
spider-legs,,heldout,9,2.0,all_no_bos,randnorm,1,5,2,1440,1,0,0,
spider-legs,,heldout,9,2.0,all_no_bos,randnorm,2,5,2,1440,1,0,0,
spider-legs,,heldout,9,2.0,from_mention,lens,-1,5,1,3624,1,0,0,
spider-legs,,heldout,9,2.0,from_mention,randdir,0,5,2,1440,1,0,0,
spider-legs,,heldout,9,2.0,from_mention,randdir,1,5,1,3624,1,0,0,
spider-legs,,heldout,9,2.0,from_mention,randdir,2,5,2,1440,1,0,0,
spider-legs,,heldout,9,2.0,from_mention,randnorm,0,5,2,1440,1,0,0,
spider-legs,,heldout,9,2.0,from_mention,randnorm,1,5,2,1440,1,0,0,
spider-legs,,heldout,9,2.0,from_mention,randnorm,2,5,2,1440,1,0,0,
spider-legs,,heldout,9,2.0,answer_only,lens,-1,5,2,1440,1,0,0,
spider-legs,,heldout,9,2.0,answer_only,randdir,0,5,1,3624,1,0,0,
spider-legs,,heldout,9,2.0,answer_only,randdir,1,5,1,3624,1,0,0,
spider-legs,,heldout,9,2.0,answer_only,randdir,2,5,2,1440,1,0,0,
spider-legs,,heldout,9,2.0,answer_only,randnorm,0,5,2,1440,1,0,0,
spider-legs,,heldout,9,2.0,answer_only,randnorm,1,5,1,3624,1,0,0,
spider-legs,,heldout,9,2.0,answer_only,randnorm,2,5,2,1440,1,0,0,
spider-legs,,heldout,10,0.5,all_no_bos,lens,-1,5,2,1440,1,0,0,
spider-legs,,heldout,10,0.5,all_no_bos,randdir,0,5,2,1440,1,0,0,
spider-legs,,heldout,10,0.5,all_no_bos,randdir,1,5,2,1440,1,0,0,
spider-legs,,heldout,10,0.5,all_no_bos,randdir,2,5,2,1440,1,0,0,
spider-legs,,heldout,10,0.5,all_no_bos,randnorm,0,5,2,1440,1,0,0,
spider-legs,,heldout,10,0.5,all_no_bos,randnorm,1,5,2,1440,1,0,0,
spider-legs,,heldout,10,0.5,all_no_bos,randnorm,2,5,2,1440,1,0,0,
spider-legs,,heldout,10,0.5,from_mention,lens,-1,5,2,1440,1,0,0,
spider-legs,,heldout,10,0.5,from_mention,randdir,0,5,2,1440,1,0,0,
spider-legs,,heldout,10,0.5,from_mention,randdir,1,5,2,1440,1,0,0,
spider-legs,,heldout,10,0.5,from_mention,randdir,2,5,2,1440,1,0,0,
spider-legs,,heldout,10,0.5,from_mention,randnorm,0,5,2,1440,1,0,0,
spider-legs,,heldout,10,0.5,from_mention,randnorm,1,5,2,1440,1,0,0,
spider-legs,,heldout,10,0.5,from_mention,randnorm,2,5,2,1440,1,0,0,
spider-legs,,heldout,10,0.5,answer_only,lens,-1,5,2,1440,1,0,0,
spider-legs,,heldout,10,0.5,answer_only,randdir,0,5,2,1440,1,0,0,
spider-legs,,heldout,10,0.5,answer_only,randdir,1,5,2,1440,1,0,0,
spider-legs,,heldout,10,0.5,answer_only,randdir,2,5,2,1440,1,0,0,
spider-legs,,heldout,10,0.5,answer_only,randnorm,0,5,2,1440,1,0,0,
spider-legs,,heldout,10,0.5,answer_only,randnorm,1,5,2,1440,1,0,0,
spider-legs,,heldout,10,0.5,answer_only,randnorm,2,5,2,1440,1,0,0,
spider-legs,,heldout,10,1.0,all_no_bos,lens,-1,5,2,1440,1,0,0,
spider-legs,,heldout,10,1.0,all_no_bos,randdir,0,5,2,1440,1,0,0,
spider-legs,,heldout,10,1.0,all_no_bos,randdir,1,5,2,1440,1,0,0,
spider-legs,,heldout,10,1.0,all_no_bos,randdir,2,5,2,1440,1,0,0,
spider-legs,,heldout,10,1.0,all_no_bos,randnorm,0,5,2,1440,1,0,0,
spider-legs,,heldout,10,1.0,all_no_bos,randnorm,1,5,2,1440,1,0,0,
spider-legs,,heldout,10,1.0,all_no_bos,randnorm,2,5,2,1440,1,0,0,
spider-legs,,heldout,10,1.0,from_mention,lens,-1,5,2,1440,1,0,0,
spider-legs,,heldout,10,1.0,from_mention,randdir,0,5,2,1440,1,0,0,
spider-legs,,heldout,10,1.0,from_mention,randdir,1,5,2,1440,1,0,0,
spider-legs,,heldout,10,1.0,from_mention,randdir,2,5,2,1440,1,0,0,
spider-legs,,heldout,10,1.0,from_mention,randnorm,0,5,2,1440,1,0,0,
spider-legs,,heldout,10,1.0,from_mention,randnorm,1,5,2,1440,1,0,0,
spider-legs,,heldout,10,1.0,from_mention,randnorm,2,5,2,1440,1,0,0,
spider-legs,,heldout,10,1.0,answer_only,lens,-1,5,2,1440,1,0,0,
spider-legs,,heldout,10,1.0,answer_only,randdir,0,5,2,1440,1,0,0,
spider-legs,,heldout,10,1.0,answer_only,randdir,1,5,2,1440,1,0,0,
spider-legs,,heldout,10,1.0,answer_only,randdir,2,5,2,1440,1,0,0,
spider-legs,,heldout,10,1.0,answer_only,randnorm,0,5,2,1440,1,0,0,
spider-legs,,heldout,10,1.0,answer_only,randnorm,1,5,2,1440,1,0,0,
spider-legs,,heldout,10,1.0,answer_only,randnorm,2,5,2,1440,1,0,0,
spider-legs,,heldout,10,2.0,all_no_bos,lens,-1,5,3,1440,1,0,0,
spider-legs,,heldout,10,2.0,all_no_bos,randdir,0,5,2,1440,1,0,0,
spider-legs,,heldout,10,2.0,all_no_bos,randdir,1,4,1,3624,1,0,0,
spider-legs,,heldout,10,2.0,all_no_bos,randdir,2,5,2,1440,1,0,0,
spider-legs,,heldout,10,2.0,all_no_bos,randnorm,0,5,2,1440,1,0,0,
spider-legs,,heldout,10,2.0,all_no_bos,randnorm,1,4,2,1440,1,0,0,
spider-legs,,heldout,10,2.0,all_no_bos,randnorm,2,5,2,1440,1,0,0,
spider-legs,,heldout,10,2.0,from_mention,lens,-1,5,3,1440,1,0,0,
spider-legs,,heldout,10,2.0,from_mention,randdir,0,5,2,1440,1,0,0,
spider-legs,,heldout,10,2.0,from_mention,randdir,1,4,1,3624,1,0,0,
spider-legs,,heldout,10,2.0,from_mention,randdir,2,5,2,1440,1,0,0,
spider-legs,,heldout,10,2.0,from_mention,randnorm,0,5,2,1440,1,0,0,
spider-legs,,heldout,10,2.0,from_mention,randnorm,1,4,2,1440,1,0,0,
spider-legs,,heldout,10,2.0,from_mention,randnorm,2,5,2,1440,1,0,0,
spider-legs,,heldout,10,2.0,answer_only,lens,-1,5,2,1440,1,0,0,
spider-legs,,heldout,10,2.0,answer_only,randdir,0,5,2,1440,1,0,0,
spider-legs,,heldout,10,2.0,answer_only,randdir,1,5,2,1440,1,0,0,
spider-legs,,heldout,10,2.0,answer_only,randdir,2,5,2,1440,1,0,0,
spider-legs,,heldout,10,2.0,answer_only,randnorm,0,5,2,1440,1,0,0,
spider-legs,,heldout,10,2.0,answer_only,randnorm,1,5,2,1440,1,0,0,
spider-legs,,heldout,10,2.0,answer_only,randnorm,2,5,2,1440,1,0,0,
spider-legs,,heldout,5-6,0.5,all_no_bos,lens,-1,5,2,1440,1,0,0,
spider-legs,,heldout,5-6,0.5,all_no_bos,randdir,0,5,1,3624,1,0,0,
spider-legs,,heldout,5-6,0.5,all_no_bos,randdir,1,5,2,1440,1,0,0,
spider-legs,,heldout,5-6,0.5,all_no_bos,randdir,2,5,2,1440,1,0,0,
spider-legs,,heldout,5-6,0.5,all_no_bos,randnorm,0,5,1,3624,1,0,0,
spider-legs,,heldout,5-6,0.5,all_no_bos,randnorm,1,5,1,3624,1,0,0,
spider-legs,,heldout,5-6,0.5,all_no_bos,randnorm,2,5,2,1440,1,0,0,
spider-legs,,heldout,5-6,0.5,from_mention,lens,-1,5,2,1440,1,0,0,
spider-legs,,heldout,5-6,0.5,from_mention,randdir,0,5,1,3624,1,0,0,
spider-legs,,heldout,5-6,0.5,from_mention,randdir,1,5,2,1440,1,0,0,
spider-legs,,heldout,5-6,0.5,from_mention,randdir,2,5,2,1440,1,0,0,
spider-legs,,heldout,5-6,0.5,from_mention,randnorm,0,5,1,3624,1,0,0,
spider-legs,,heldout,5-6,0.5,from_mention,randnorm,1,5,1,3624,1,0,0,
spider-legs,,heldout,5-6,0.5,from_mention,randnorm,2,5,2,1440,1,0,0,
spider-legs,,heldout,5-6,0.5,answer_only,lens,-1,5,2,1440,1,0,0,
spider-legs,,heldout,5-6,0.5,answer_only,randdir,0,5,2,1440,1,0,0,
spider-legs,,heldout,5-6,0.5,answer_only,randdir,1,5,2,1440,1,0,0,
spider-legs,,heldout,5-6,0.5,answer_only,randdir,2,5,2,1440,1,0,0,
spider-legs,,heldout,5-6,0.5,answer_only,randnorm,0,5,2,1440,1,0,0,
spider-legs,,heldout,5-6,0.5,answer_only,randnorm,1,5,2,1440,1,0,0,
spider-legs,,heldout,5-6,0.5,answer_only,randnorm,2,5,2,1440,1,0,0,
spider-legs,,heldout,5-6,1.0,all_no_bos,lens,-1,5,2,1440,1,0,0,
spider-legs,,heldout,5-6,1.0,all_no_bos,randdir,0,4,1,3624,1,0,0,
spider-legs,,heldout,5-6,1.0,all_no_bos,randdir,1,5,2,1440,1,0,0,
spider-legs,,heldout,5-6,1.0,all_no_bos,randdir,2,5,2,1440,1,0,0,
spider-legs,,heldout,5-6,1.0,all_no_bos,randnorm,0,4,1,3624,1,0,0,
spider-legs,,heldout,5-6,1.0,all_no_bos,randnorm,1,4,1,3624,1,0,0,
spider-legs,,heldout,5-6,1.0,all_no_bos,randnorm,2,5,2,1440,1,0,0,
spider-legs,,heldout,5-6,1.0,from_mention,lens,-1,5,2,1440,1,0,0,
spider-legs,,heldout,5-6,1.0,from_mention,randdir,0,4,1,3624,1,0,0,
spider-legs,,heldout,5-6,1.0,from_mention,randdir,1,5,2,1440,1,0,0,
spider-legs,,heldout,5-6,1.0,from_mention,randdir,2,5,2,1440,1,0,0,
spider-legs,,heldout,5-6,1.0,from_mention,randnorm,0,4,1,3624,1,0,0,
spider-legs,,heldout,5-6,1.0,from_mention,randnorm,1,4,1,3624,1,0,0,
spider-legs,,heldout,5-6,1.0,from_mention,randnorm,2,5,2,1440,1,0,0,
spider-legs,,heldout,5-6,1.0,answer_only,lens,-1,5,2,1440,1,0,0,
spider-legs,,heldout,5-6,1.0,answer_only,randdir,0,5,2,1440,1,0,0,
spider-legs,,heldout,5-6,1.0,answer_only,randdir,1,5,2,1440,1,0,0,
spider-legs,,heldout,5-6,1.0,answer_only,randdir,2,5,2,1440,1,0,0,
spider-legs,,heldout,5-6,1.0,answer_only,randnorm,0,5,2,1440,1,0,0,
spider-legs,,heldout,5-6,1.0,answer_only,randnorm,1,5,2,1440,1,0,0,
spider-legs,,heldout,5-6,1.0,answer_only,randnorm,2,5,2,1440,1,0,0,
spider-legs,,heldout,5-6,2.0,all_no_bos,lens,-1,6,3,1440,0,0,0,
spider-legs,,heldout,5-6,2.0,all_no_bos,randdir,0,6,1,3624,0,0,0,
spider-legs,,heldout,5-6,2.0,all_no_bos,randdir,1,4,1,3624,1,0,0,
spider-legs,,heldout,5-6,2.0,all_no_bos,randdir,2,6,5,1440,0,0,0,
spider-legs,,heldout,5-6,2.0,all_no_bos,randnorm,0,5,1,3624,1,0,0,
spider-legs,,heldout,5-6,2.0,all_no_bos,randnorm,1,4,1,3624,1,0,0,
spider-legs,,heldout,5-6,2.0,all_no_bos,randnorm,2,5,3,1440,1,0,0,
spider-legs,,heldout,5-6,2.0,from_mention,lens,-1,6,3,1440,0,0,0,
spider-legs,,heldout,5-6,2.0,from_mention,randdir,0,6,1,3624,0,0,0,
spider-legs,,heldout,5-6,2.0,from_mention,randdir,1,4,1,3624,1,0,0,
spider-legs,,heldout,5-6,2.0,from_mention,randdir,2,6,5,1440,0,0,0,
spider-legs,,heldout,5-6,2.0,from_mention,randnorm,0,5,1,3624,1,0,0,
spider-legs,,heldout,5-6,2.0,from_mention,randnorm,1,4,1,3624,1,0,0,
spider-legs,,heldout,5-6,2.0,from_mention,randnorm,2,5,3,1440,1,0,0,
spider-legs,,heldout,5-6,2.0,answer_only,lens,-1,5,3,1440,1,0,0,
spider-legs,,heldout,5-6,2.0,answer_only,randdir,0,5,2,1440,1,0,0,
spider-legs,,heldout,5-6,2.0,answer_only,randdir,1,5,2,1440,1,0,0,
spider-legs,,heldout,5-6,2.0,answer_only,randdir,2,5,2,1440,1,0,0,
spider-legs,,heldout,5-6,2.0,answer_only,randnorm,0,5,2,1440,1,0,0,
spider-legs,,heldout,5-6,2.0,answer_only,randnorm,1,4,1,3624,1,0,0,
spider-legs,,heldout,5-6,2.0,answer_only,randnorm,2,5,2,1440,1,0,0,
spider-legs,,heldout,6-7,0.5,all_no_bos,lens,-1,5,2,1440,1,0,0,
spider-legs,,heldout,6-7,0.5,all_no_bos,randdir,0,5,2,1440,1,0,0,
spider-legs,,heldout,6-7,0.5,all_no_bos,randdir,1,5,1,3624,1,0,0,
spider-legs,,heldout,6-7,0.5,all_no_bos,randdir,2,5,2,1440,1,0,0,
spider-legs,,heldout,6-7,0.5,all_no_bos,randnorm,0,5,2,1440,1,0,0,
spider-legs,,heldout,6-7,0.5,all_no_bos,randnorm,1,5,1,3624,1,0,0,
spider-legs,,heldout,6-7,0.5,all_no_bos,randnorm,2,5,2,1440,1,0,0,
spider-legs,,heldout,6-7,0.5,from_mention,lens,-1,5,2,1440,1,0,0,
spider-legs,,heldout,6-7,0.5,from_mention,randdir,0,5,2,1440,1,0,0,
spider-legs,,heldout,6-7,0.5,from_mention,randdir,1,5,1,3624,1,0,0,
spider-legs,,heldout,6-7,0.5,from_mention,randdir,2,5,2,1440,1,0,0,
spider-legs,,heldout,6-7,0.5,from_mention,randnorm,0,5,2,1440,1,0,0,
spider-legs,,heldout,6-7,0.5,from_mention,randnorm,1,5,1,3624,1,0,0,
spider-legs,,heldout,6-7,0.5,from_mention,randnorm,2,5,2,1440,1,0,0,
spider-legs,,heldout,6-7,0.5,answer_only,lens,-1,5,2,1440,1,0,0,
spider-legs,,heldout,6-7,0.5,answer_only,randdir,0,5,2,1440,1,0,0,
spider-legs,,heldout,6-7,0.5,answer_only,randdir,1,5,2,1440,1,0,0,
spider-legs,,heldout,6-7,0.5,answer_only,randdir,2,5,2,1440,1,0,0,
spider-legs,,heldout,6-7,0.5,answer_only,randnorm,0,5,2,1440,1,0,0,
spider-legs,,heldout,6-7,0.5,answer_only,randnorm,1,5,2,1440,1,0,0,
spider-legs,,heldout,6-7,0.5,answer_only,randnorm,2,5,2,1440,1,0,0,
spider-legs,,heldout,6-7,1.0,all_no_bos,lens,-1,5,2,1440,1,0,0,
spider-legs,,heldout,6-7,1.0,all_no_bos,randdir,0,5,2,1440,1,0,0,
spider-legs,,heldout,6-7,1.0,all_no_bos,randdir,1,4,1,3624,1,0,0,
spider-legs,,heldout,6-7,1.0,all_no_bos,randdir,2,5,2,1440,1,0,0,
spider-legs,,heldout,6-7,1.0,all_no_bos,randnorm,0,5,2,1440,1,0,0,
spider-legs,,heldout,6-7,1.0,all_no_bos,randnorm,1,4,1,3624,1,0,0,
spider-legs,,heldout,6-7,1.0,all_no_bos,randnorm,2,5,2,1440,1,0,0,
spider-legs,,heldout,6-7,1.0,from_mention,lens,-1,5,2,1440,1,0,0,
spider-legs,,heldout,6-7,1.0,from_mention,randdir,0,5,2,1440,1,0,0,
spider-legs,,heldout,6-7,1.0,from_mention,randdir,1,4,1,3624,1,0,0,
spider-legs,,heldout,6-7,1.0,from_mention,randdir,2,5,2,1440,1,0,0,
spider-legs,,heldout,6-7,1.0,from_mention,randnorm,0,5,2,1440,1,0,0,
spider-legs,,heldout,6-7,1.0,from_mention,randnorm,1,4,1,3624,1,0,0,
spider-legs,,heldout,6-7,1.0,from_mention,randnorm,2,5,2,1440,1,0,0,
spider-legs,,heldout,6-7,1.0,answer_only,lens,-1,5,2,1440,1,0,0,
spider-legs,,heldout,6-7,1.0,answer_only,randdir,0,5,2,1440,1,0,0,
spider-legs,,heldout,6-7,1.0,answer_only,randdir,1,5,2,1440,1,0,0,
spider-legs,,heldout,6-7,1.0,answer_only,randdir,2,5,2,1440,1,0,0,
spider-legs,,heldout,6-7,1.0,answer_only,randnorm,0,5,2,1440,1,0,0,
spider-legs,,heldout,6-7,1.0,answer_only,randnorm,1,5,2,1440,1,0,0,
spider-legs,,heldout,6-7,1.0,answer_only,randnorm,2,5,2,1440,1,0,0,
spider-legs,,heldout,6-7,2.0,all_no_bos,lens,-1,4,2,1440,1,0,0,
spider-legs,,heldout,6-7,2.0,all_no_bos,randdir,0,5,4,257,1,0,0,
spider-legs,,heldout,6-7,2.0,all_no_bos,randdir,1,3,1,3624,1,0,0,
spider-legs,,heldout,6-7,2.0,all_no_bos,randdir,2,5,4,1440,1,0,0,
spider-legs,,heldout,6-7,2.0,all_no_bos,randnorm,0,5,4,257,1,0,0,
spider-legs,,heldout,6-7,2.0,all_no_bos,randnorm,1,3,1,3624,1,0,0,
spider-legs,,heldout,6-7,2.0,all_no_bos,randnorm,2,5,4,1440,1,0,0,
spider-legs,,heldout,6-7,2.0,from_mention,lens,-1,4,2,1440,1,0,0,
spider-legs,,heldout,6-7,2.0,from_mention,randdir,0,5,4,257,1,0,0,
spider-legs,,heldout,6-7,2.0,from_mention,randdir,1,3,1,3624,1,0,0,
spider-legs,,heldout,6-7,2.0,from_mention,randdir,2,5,4,1440,1,0,0,
spider-legs,,heldout,6-7,2.0,from_mention,randnorm,0,5,4,257,1,0,0,
spider-legs,,heldout,6-7,2.0,from_mention,randnorm,1,3,1,3624,1,0,0,
spider-legs,,heldout,6-7,2.0,from_mention,randnorm,2,5,4,1440,1,0,0,
spider-legs,,heldout,6-7,2.0,answer_only,lens,-1,5,1,3624,1,0,0,
spider-legs,,heldout,6-7,2.0,answer_only,randdir,0,5,4,257,1,0,0,
spider-legs,,heldout,6-7,2.0,answer_only,randdir,1,5,2,1440,1,0,0,
spider-legs,,heldout,6-7,2.0,answer_only,randdir,2,5,2,1440,1,0,0,
spider-legs,,heldout,6-7,2.0,answer_only,randnorm,0,5,4,257,1,0,0,
spider-legs,,heldout,6-7,2.0,answer_only,randnorm,1,4,2,1440,1,0,0,
spider-legs,,heldout,6-7,2.0,answer_only,randnorm,2,5,3,1440,1,0,0,
spider-legs,,heldout,7-8,0.5,all_no_bos,lens,-1,5,2,1440,1,0,0,
spider-legs,,heldout,7-8,0.5,all_no_bos,randdir,0,5,2,1440,1,0,0,
spider-legs,,heldout,7-8,0.5,all_no_bos,randdir,1,4,1,3624,1,0,0,
spider-legs,,heldout,7-8,0.5,all_no_bos,randdir,2,5,2,1440,1,0,0,
spider-legs,,heldout,7-8,0.5,all_no_bos,randnorm,0,5,2,1440,1,0,0,
spider-legs,,heldout,7-8,0.5,all_no_bos,randnorm,1,5,2,1440,1,0,0,
spider-legs,,heldout,7-8,0.5,all_no_bos,randnorm,2,5,2,1440,1,0,0,
spider-legs,,heldout,7-8,0.5,from_mention,lens,-1,5,2,1440,1,0,0,
spider-legs,,heldout,7-8,0.5,from_mention,randdir,0,5,2,1440,1,0,0,
spider-legs,,heldout,7-8,0.5,from_mention,randdir,1,4,1,3624,1,0,0,
spider-legs,,heldout,7-8,0.5,from_mention,randdir,2,5,2,1440,1,0,0,
spider-legs,,heldout,7-8,0.5,from_mention,randnorm,0,5,2,1440,1,0,0,
spider-legs,,heldout,7-8,0.5,from_mention,randnorm,1,5,2,1440,1,0,0,
spider-legs,,heldout,7-8,0.5,from_mention,randnorm,2,5,2,1440,1,0,0,
spider-legs,,heldout,7-8,0.5,answer_only,lens,-1,5,2,1440,1,0,0,
spider-legs,,heldout,7-8,0.5,answer_only,randdir,0,5,2,1440,1,0,0,
spider-legs,,heldout,7-8,0.5,answer_only,randdir,1,5,2,1440,1,0,0,
spider-legs,,heldout,7-8,0.5,answer_only,randdir,2,5,2,1440,1,0,0,
spider-legs,,heldout,7-8,0.5,answer_only,randnorm,0,5,2,1440,1,0,0,
spider-legs,,heldout,7-8,0.5,answer_only,randnorm,1,5,2,1440,1,0,0,
spider-legs,,heldout,7-8,0.5,answer_only,randnorm,2,5,2,1440,1,0,0,
spider-legs,,heldout,7-8,1.0,all_no_bos,lens,-1,5,1,3624,1,0,0,
spider-legs,,heldout,7-8,1.0,all_no_bos,randdir,0,5,2,1440,1,0,0,
spider-legs,,heldout,7-8,1.0,all_no_bos,randdir,1,4,1,3624,1,0,0,
spider-legs,,heldout,7-8,1.0,all_no_bos,randdir,2,5,3,1440,1,0,0,
spider-legs,,heldout,7-8,1.0,all_no_bos,randnorm,0,5,2,1440,1,0,0,
spider-legs,,heldout,7-8,1.0,all_no_bos,randnorm,1,4,1,3624,1,0,0,
spider-legs,,heldout,7-8,1.0,all_no_bos,randnorm,2,5,2,1440,1,0,0,
spider-legs,,heldout,7-8,1.0,from_mention,lens,-1,5,1,3624,1,0,0,
spider-legs,,heldout,7-8,1.0,from_mention,randdir,0,5,2,1440,1,0,0,
spider-legs,,heldout,7-8,1.0,from_mention,randdir,1,4,1,3624,1,0,0,
spider-legs,,heldout,7-8,1.0,from_mention,randdir,2,5,3,1440,1,0,0,
spider-legs,,heldout,7-8,1.0,from_mention,randnorm,0,5,2,1440,1,0,0,
spider-legs,,heldout,7-8,1.0,from_mention,randnorm,1,4,1,3624,1,0,0,
spider-legs,,heldout,7-8,1.0,from_mention,randnorm,2,5,2,1440,1,0,0,
spider-legs,,heldout,7-8,1.0,answer_only,lens,-1,5,1,3624,1,0,0,
spider-legs,,heldout,7-8,1.0,answer_only,randdir,0,5,2,1440,1,0,0,
spider-legs,,heldout,7-8,1.0,answer_only,randdir,1,5,1,3624,1,0,0,
spider-legs,,heldout,7-8,1.0,answer_only,randdir,2,5,2,1440,1,0,0,
spider-legs,,heldout,7-8,1.0,answer_only,randnorm,0,5,2,1440,1,0,0,
spider-legs,,heldout,7-8,1.0,answer_only,randnorm,1,5,2,1440,1,0,0,
spider-legs,,heldout,7-8,1.0,answer_only,randnorm,2,5,2,1440,1,0,0,
spider-legs,,heldout,7-8,2.0,all_no_bos,lens,-1,5,2,1440,1,0,0,
spider-legs,,heldout,7-8,2.0,all_no_bos,randdir,0,5,4,257,1,0,0,
spider-legs,,heldout,7-8,2.0,all_no_bos,randdir,1,3,1,3624,1,0,0,
spider-legs,,heldout,7-8,2.0,all_no_bos,randdir,2,5,4,257,1,0,0,
spider-legs,,heldout,7-8,2.0,all_no_bos,randnorm,0,5,4,1440,1,0,0,
spider-legs,,heldout,7-8,2.0,all_no_bos,randnorm,1,4,1,3624,1,0,0,
spider-legs,,heldout,7-8,2.0,all_no_bos,randnorm,2,5,4,1440,1,0,0,
spider-legs,,heldout,7-8,2.0,from_mention,lens,-1,5,2,1440,1,0,0,
spider-legs,,heldout,7-8,2.0,from_mention,randdir,0,5,4,257,1,0,0,
spider-legs,,heldout,7-8,2.0,from_mention,randdir,1,3,1,3624,1,0,0,
spider-legs,,heldout,7-8,2.0,from_mention,randdir,2,5,4,257,1,0,0,
spider-legs,,heldout,7-8,2.0,from_mention,randnorm,0,5,4,1440,1,0,0,
spider-legs,,heldout,7-8,2.0,from_mention,randnorm,1,4,1,3624,1,0,0,
spider-legs,,heldout,7-8,2.0,from_mention,randnorm,2,5,4,1440,1,0,0,
spider-legs,,heldout,7-8,2.0,answer_only,lens,-1,4,1,3624,1,0,0,
spider-legs,,heldout,7-8,2.0,answer_only,randdir,0,5,4,257,1,0,0,
spider-legs,,heldout,7-8,2.0,answer_only,randdir,1,4,1,3624,1,0,0,
spider-legs,,heldout,7-8,2.0,answer_only,randdir,2,5,3,1440,1,0,0,
spider-legs,,heldout,7-8,2.0,answer_only,randnorm,0,5,3,1440,1,0,0,
spider-legs,,heldout,7-8,2.0,answer_only,randnorm,1,5,2,1440,1,0,0,
spider-legs,,heldout,7-8,2.0,answer_only,randnorm,2,5,3,1440,1,0,0,
spider-legs,,heldout,8-9,0.5,all_no_bos,lens,-1,5,2,1440,1,0,0,
spider-legs,,heldout,8-9,0.5,all_no_bos,randdir,0,5,2,1440,1,0,0,
spider-legs,,heldout,8-9,0.5,all_no_bos,randdir,1,5,1,3624,1,0,0,
spider-legs,,heldout,8-9,0.5,all_no_bos,randdir,2,5,2,1440,1,0,0,
spider-legs,,heldout,8-9,0.5,all_no_bos,randnorm,0,5,2,1440,1,0,0,
spider-legs,,heldout,8-9,0.5,all_no_bos,randnorm,1,5,2,1440,1,0,0,
spider-legs,,heldout,8-9,0.5,all_no_bos,randnorm,2,5,2,1440,1,0,0,
spider-legs,,heldout,8-9,0.5,from_mention,lens,-1,5,2,1440,1,0,0,
spider-legs,,heldout,8-9,0.5,from_mention,randdir,0,5,2,1440,1,0,0,
spider-legs,,heldout,8-9,0.5,from_mention,randdir,1,5,1,3624,1,0,0,
spider-legs,,heldout,8-9,0.5,from_mention,randdir,2,5,2,1440,1,0,0,
spider-legs,,heldout,8-9,0.5,from_mention,randnorm,0,5,2,1440,1,0,0,
spider-legs,,heldout,8-9,0.5,from_mention,randnorm,1,5,2,1440,1,0,0,
spider-legs,,heldout,8-9,0.5,from_mention,randnorm,2,5,2,1440,1,0,0,
spider-legs,,heldout,8-9,0.5,answer_only,lens,-1,5,2,1440,1,0,0,
spider-legs,,heldout,8-9,0.5,answer_only,randdir,0,5,2,1440,1,0,0,
spider-legs,,heldout,8-9,0.5,answer_only,randdir,1,5,1,3624,1,0,0,
spider-legs,,heldout,8-9,0.5,answer_only,randdir,2,5,2,1440,1,0,0,
spider-legs,,heldout,8-9,0.5,answer_only,randnorm,0,5,2,1440,1,0,0,
spider-legs,,heldout,8-9,0.5,answer_only,randnorm,1,5,2,1440,1,0,0,
spider-legs,,heldout,8-9,0.5,answer_only,randnorm,2,5,2,1440,1,0,0,
spider-legs,,heldout,8-9,1.0,all_no_bos,lens,-1,5,2,1440,1,0,0,
spider-legs,,heldout,8-9,1.0,all_no_bos,randdir,0,5,2,1440,1,0,0,
spider-legs,,heldout,8-9,1.0,all_no_bos,randdir,1,4,1,3624,1,0,0,
spider-legs,,heldout,8-9,1.0,all_no_bos,randdir,2,5,2,1440,1,0,0,
spider-legs,,heldout,8-9,1.0,all_no_bos,randnorm,0,5,2,1440,1,0,0,
spider-legs,,heldout,8-9,1.0,all_no_bos,randnorm,1,5,2,1440,1,0,0,
spider-legs,,heldout,8-9,1.0,all_no_bos,randnorm,2,5,2,1440,1,0,0,
spider-legs,,heldout,8-9,1.0,from_mention,lens,-1,5,2,1440,1,0,0,
spider-legs,,heldout,8-9,1.0,from_mention,randdir,0,5,2,1440,1,0,0,
spider-legs,,heldout,8-9,1.0,from_mention,randdir,1,4,1,3624,1,0,0,
spider-legs,,heldout,8-9,1.0,from_mention,randdir,2,5,2,1440,1,0,0,
spider-legs,,heldout,8-9,1.0,from_mention,randnorm,0,5,2,1440,1,0,0,
spider-legs,,heldout,8-9,1.0,from_mention,randnorm,1,5,2,1440,1,0,0,
spider-legs,,heldout,8-9,1.0,from_mention,randnorm,2,5,2,1440,1,0,0,
spider-legs,,heldout,8-9,1.0,answer_only,lens,-1,5,2,1440,1,0,0,
spider-legs,,heldout,8-9,1.0,answer_only,randdir,0,5,1,3624,1,0,0,
spider-legs,,heldout,8-9,1.0,answer_only,randdir,1,5,1,3624,1,0,0,
spider-legs,,heldout,8-9,1.0,answer_only,randdir,2,5,2,1440,1,0,0,
spider-legs,,heldout,8-9,1.0,answer_only,randnorm,0,5,2,1440,1,0,0,
spider-legs,,heldout,8-9,1.0,answer_only,randnorm,1,5,2,1440,1,0,0,
spider-legs,,heldout,8-9,1.0,answer_only,randnorm,2,5,2,1440,1,0,0,
spider-legs,,heldout,8-9,2.0,all_no_bos,lens,-1,5,1,3624,1,0,0,
spider-legs,,heldout,8-9,2.0,all_no_bos,randdir,0,5,1,3624,1,0,0,
spider-legs,,heldout,8-9,2.0,all_no_bos,randdir,1,4,1,3624,1,0,0,
spider-legs,,heldout,8-9,2.0,all_no_bos,randdir,2,5,4,1440,1,0,0,
spider-legs,,heldout,8-9,2.0,all_no_bos,randnorm,0,5,2,1440,1,0,0,
spider-legs,,heldout,8-9,2.0,all_no_bos,randnorm,1,4,1,3624,1,0,0,
spider-legs,,heldout,8-9,2.0,all_no_bos,randnorm,2,5,2,1440,1,0,0,
spider-legs,,heldout,8-9,2.0,from_mention,lens,-1,5,1,3624,1,0,0,
spider-legs,,heldout,8-9,2.0,from_mention,randdir,0,5,1,3624,1,0,0,
spider-legs,,heldout,8-9,2.0,from_mention,randdir,1,4,1,3624,1,0,0,
spider-legs,,heldout,8-9,2.0,from_mention,randdir,2,5,4,1440,1,0,0,
spider-legs,,heldout,8-9,2.0,from_mention,randnorm,0,5,2,1440,1,0,0,
spider-legs,,heldout,8-9,2.0,from_mention,randnorm,1,4,1,3624,1,0,0,
spider-legs,,heldout,8-9,2.0,from_mention,randnorm,2,5,2,1440,1,0,0,
spider-legs,,heldout,8-9,2.0,answer_only,lens,-1,5,2,1440,1,0,0,
spider-legs,,heldout,8-9,2.0,answer_only,randdir,0,5,1,3624,1,0,0,
spider-legs,,heldout,8-9,2.0,answer_only,randdir,1,4,1,3624,1,0,0,
spider-legs,,heldout,8-9,2.0,answer_only,randdir,2,5,2,1440,1,0,0,
spider-legs,,heldout,8-9,2.0,answer_only,randnorm,0,5,2,1440,1,0,0,
spider-legs,,heldout,8-9,2.0,answer_only,randnorm,1,5,1,3624,1,0,0,
spider-legs,,heldout,8-9,2.0,answer_only,randnorm,2,5,2,1440,1,0,0,
spider-legs,,heldout,6-7-8,0.5,all_no_bos,lens,-1,5,2,1440,1,0,0,
spider-legs,,heldout,6-7-8,0.5,all_no_bos,randdir,0,5,2,1440,1,0,0,
spider-legs,,heldout,6-7-8,0.5,all_no_bos,randdir,1,4,1,3624,1,0,0,
spider-legs,,heldout,6-7-8,0.5,all_no_bos,randdir,2,5,2,1440,1,0,0,
spider-legs,,heldout,6-7-8,0.5,all_no_bos,randnorm,0,5,2,1440,1,0,0,
spider-legs,,heldout,6-7-8,0.5,all_no_bos,randnorm,1,4,1,3624,1,0,0,
spider-legs,,heldout,6-7-8,0.5,all_no_bos,randnorm,2,5,2,1440,1,0,0,
spider-legs,,heldout,6-7-8,0.5,from_mention,lens,-1,5,2,1440,1,0,0,
spider-legs,,heldout,6-7-8,0.5,from_mention,randdir,0,5,2,1440,1,0,0,
spider-legs,,heldout,6-7-8,0.5,from_mention,randdir,1,4,1,3624,1,0,0,
spider-legs,,heldout,6-7-8,0.5,from_mention,randdir,2,5,2,1440,1,0,0,
spider-legs,,heldout,6-7-8,0.5,from_mention,randnorm,0,5,2,1440,1,0,0,
spider-legs,,heldout,6-7-8,0.5,from_mention,randnorm,1,4,1,3624,1,0,0,
spider-legs,,heldout,6-7-8,0.5,from_mention,randnorm,2,5,2,1440,1,0,0,
spider-legs,,heldout,6-7-8,0.5,answer_only,lens,-1,5,2,1440,1,0,0,
spider-legs,,heldout,6-7-8,0.5,answer_only,randdir,0,5,2,1440,1,0,0,
spider-legs,,heldout,6-7-8,0.5,answer_only,randdir,1,5,1,3624,1,0,0,
spider-legs,,heldout,6-7-8,0.5,answer_only,randdir,2,5,2,1440,1,0,0,
spider-legs,,heldout,6-7-8,0.5,answer_only,randnorm,0,5,2,1440,1,0,0,
spider-legs,,heldout,6-7-8,0.5,answer_only,randnorm,1,5,2,1440,1,0,0,
spider-legs,,heldout,6-7-8,0.5,answer_only,randnorm,2,5,2,1440,1,0,0,
spider-legs,,heldout,6-7-8,1.0,all_no_bos,lens,-1,5,1,3624,1,0,0,
spider-legs,,heldout,6-7-8,1.0,all_no_bos,randdir,0,5,2,1440,1,0,0,
spider-legs,,heldout,6-7-8,1.0,all_no_bos,randdir,1,4,1,3624,1,0,0,
spider-legs,,heldout,6-7-8,1.0,all_no_bos,randdir,2,5,3,1440,1,0,0,
spider-legs,,heldout,6-7-8,1.0,all_no_bos,randnorm,0,5,2,1440,1,0,0,
spider-legs,,heldout,6-7-8,1.0,all_no_bos,randnorm,1,3,1,3624,1,0,0,
spider-legs,,heldout,6-7-8,1.0,all_no_bos,randnorm,2,5,2,1440,1,0,0,
spider-legs,,heldout,6-7-8,1.0,from_mention,lens,-1,5,1,3624,1,0,0,
spider-legs,,heldout,6-7-8,1.0,from_mention,randdir,0,5,2,1440,1,0,0,
spider-legs,,heldout,6-7-8,1.0,from_mention,randdir,1,4,1,3624,1,0,0,
spider-legs,,heldout,6-7-8,1.0,from_mention,randdir,2,5,3,1440,1,0,0,
spider-legs,,heldout,6-7-8,1.0,from_mention,randnorm,0,5,2,1440,1,0,0,
spider-legs,,heldout,6-7-8,1.0,from_mention,randnorm,1,3,1,3624,1,0,0,
spider-legs,,heldout,6-7-8,1.0,from_mention,randnorm,2,5,2,1440,1,0,0,
spider-legs,,heldout,6-7-8,1.0,answer_only,lens,-1,5,1,3624,1,0,0,
spider-legs,,heldout,6-7-8,1.0,answer_only,randdir,0,5,2,1440,1,0,0,
spider-legs,,heldout,6-7-8,1.0,answer_only,randdir,1,4,1,3624,1,0,0,
spider-legs,,heldout,6-7-8,1.0,answer_only,randdir,2,5,2,1440,1,0,0,
spider-legs,,heldout,6-7-8,1.0,answer_only,randnorm,0,5,2,1440,1,0,0,
spider-legs,,heldout,6-7-8,1.0,answer_only,randnorm,1,5,2,1440,1,0,0,
spider-legs,,heldout,6-7-8,1.0,answer_only,randnorm,2,5,2,1440,1,0,0,
spider-legs,,heldout,6-7-8,2.0,all_no_bos,lens,-1,7,3,1440,0,0,0,
spider-legs,,heldout,6-7-8,2.0,all_no_bos,randdir,0,5,4,257,1,0,0,
spider-legs,,heldout,6-7-8,2.0,all_no_bos,randdir,1,3,1,3624,1,0,0,
spider-legs,,heldout,6-7-8,2.0,all_no_bos,randdir,2,5,4,257,1,0,0,
spider-legs,,heldout,6-7-8,2.0,all_no_bos,randnorm,0,5,3,257,1,0,0,
spider-legs,,heldout,6-7-8,2.0,all_no_bos,randnorm,1,3,1,3624,1,0,0,
spider-legs,,heldout,6-7-8,2.0,all_no_bos,randnorm,2,5,4,1440,1,0,0,
spider-legs,,heldout,6-7-8,2.0,from_mention,lens,-1,7,3,1440,0,0,0,
spider-legs,,heldout,6-7-8,2.0,from_mention,randdir,0,5,4,257,1,0,0,
spider-legs,,heldout,6-7-8,2.0,from_mention,randdir,1,3,1,3624,1,0,0,
spider-legs,,heldout,6-7-8,2.0,from_mention,randdir,2,5,4,257,1,0,0,
spider-legs,,heldout,6-7-8,2.0,from_mention,randnorm,0,5,3,257,1,0,0,
spider-legs,,heldout,6-7-8,2.0,from_mention,randnorm,1,3,1,3624,1,0,0,
spider-legs,,heldout,6-7-8,2.0,from_mention,randnorm,2,5,4,1440,1,0,0,
spider-legs,,heldout,6-7-8,2.0,answer_only,lens,-1,5,3,1440,1,0,0,
spider-legs,,heldout,6-7-8,2.0,answer_only,randdir,0,5,4,257,1,0,0,
spider-legs,,heldout,6-7-8,2.0,answer_only,randdir,1,4,1,3624,1,0,0,
spider-legs,,heldout,6-7-8,2.0,answer_only,randdir,2,5,3,1440,1,0,0,
spider-legs,,heldout,6-7-8,2.0,answer_only,randnorm,0,5,4,257,1,0,0,
spider-legs,,heldout,6-7-8,2.0,answer_only,randnorm,1,4,1,3624,1,0,0,
spider-legs,,heldout,6-7-8,2.0,answer_only,randnorm,2,5,3,1440,1,0,0,
spider-legs,,heldout,7-8-9,0.5,all_no_bos,lens,-1,5,2,1440,1,0,0,
spider-legs,,heldout,7-8-9,0.5,all_no_bos,randdir,0,5,2,1440,1,0,0,
spider-legs,,heldout,7-8-9,0.5,all_no_bos,randdir,1,4,1,3624,1,0,0,
spider-legs,,heldout,7-8-9,0.5,all_no_bos,randdir,2,5,2,1440,1,0,0,
spider-legs,,heldout,7-8-9,0.5,all_no_bos,randnorm,0,5,2,1440,1,0,0,
spider-legs,,heldout,7-8-9,0.5,all_no_bos,randnorm,1,5,1,3624,1,0,0,
spider-legs,,heldout,7-8-9,0.5,all_no_bos,randnorm,2,5,2,1440,1,0,0,
spider-legs,,heldout,7-8-9,0.5,from_mention,lens,-1,5,2,1440,1,0,0,
spider-legs,,heldout,7-8-9,0.5,from_mention,randdir,0,5,2,1440,1,0,0,
spider-legs,,heldout,7-8-9,0.5,from_mention,randdir,1,4,1,3624,1,0,0,
spider-legs,,heldout,7-8-9,0.5,from_mention,randdir,2,5,2,1440,1,0,0,
spider-legs,,heldout,7-8-9,0.5,from_mention,randnorm,0,5,2,1440,1,0,0,
spider-legs,,heldout,7-8-9,0.5,from_mention,randnorm,1,5,1,3624,1,0,0,
spider-legs,,heldout,7-8-9,0.5,from_mention,randnorm,2,5,2,1440,1,0,0,
spider-legs,,heldout,7-8-9,0.5,answer_only,lens,-1,5,2,1440,1,0,0,
spider-legs,,heldout,7-8-9,0.5,answer_only,randdir,0,5,2,1440,1,0,0,
spider-legs,,heldout,7-8-9,0.5,answer_only,randdir,1,5,1,3624,1,0,0,
spider-legs,,heldout,7-8-9,0.5,answer_only,randdir,2,5,2,1440,1,0,0,
spider-legs,,heldout,7-8-9,0.5,answer_only,randnorm,0,5,2,1440,1,0,0,
spider-legs,,heldout,7-8-9,0.5,answer_only,randnorm,1,5,2,1440,1,0,0,
spider-legs,,heldout,7-8-9,0.5,answer_only,randnorm,2,5,2,1440,1,0,0,
spider-legs,,heldout,7-8-9,1.0,all_no_bos,lens,-1,5,1,3624,1,0,0,
spider-legs,,heldout,7-8-9,1.0,all_no_bos,randdir,0,5,3,1440,1,0,0,
spider-legs,,heldout,7-8-9,1.0,all_no_bos,randdir,1,4,1,3624,1,0,0,
spider-legs,,heldout,7-8-9,1.0,all_no_bos,randdir,2,5,2,1440,1,0,0,
spider-legs,,heldout,7-8-9,1.0,all_no_bos,randnorm,0,5,2,1440,1,0,0,
spider-legs,,heldout,7-8-9,1.0,all_no_bos,randnorm,1,4,1,3624,1,0,0,
spider-legs,,heldout,7-8-9,1.0,all_no_bos,randnorm,2,5,2,1440,1,0,0,
spider-legs,,heldout,7-8-9,1.0,from_mention,lens,-1,5,1,3624,1,0,0,
spider-legs,,heldout,7-8-9,1.0,from_mention,randdir,0,5,3,1440,1,0,0,
spider-legs,,heldout,7-8-9,1.0,from_mention,randdir,1,4,1,3624,1,0,0,
spider-legs,,heldout,7-8-9,1.0,from_mention,randdir,2,5,2,1440,1,0,0,
spider-legs,,heldout,7-8-9,1.0,from_mention,randnorm,0,5,2,1440,1,0,0,
spider-legs,,heldout,7-8-9,1.0,from_mention,randnorm,1,4,1,3624,1,0,0,
spider-legs,,heldout,7-8-9,1.0,from_mention,randnorm,2,5,2,1440,1,0,0,
spider-legs,,heldout,7-8-9,1.0,answer_only,lens,-1,5,1,3624,1,0,0,
spider-legs,,heldout,7-8-9,1.0,answer_only,randdir,0,5,2,1440,1,0,0,
spider-legs,,heldout,7-8-9,1.0,answer_only,randdir,1,4,1,3624,1,0,0,
spider-legs,,heldout,7-8-9,1.0,answer_only,randdir,2,5,2,1440,1,0,0,
spider-legs,,heldout,7-8-9,1.0,answer_only,randnorm,0,5,2,1440,1,0,0,
spider-legs,,heldout,7-8-9,1.0,answer_only,randnorm,1,5,2,1440,1,0,0,
spider-legs,,heldout,7-8-9,1.0,answer_only,randnorm,2,5,2,1440,1,0,0,
spider-legs,,heldout,7-8-9,2.0,all_no_bos,lens,-1,4,1,3624,1,0,0,
spider-legs,,heldout,7-8-9,2.0,all_no_bos,randdir,0,5,4,257,1,0,0,
spider-legs,,heldout,7-8-9,2.0,all_no_bos,randdir,1,3,1,3624,1,0,0,
spider-legs,,heldout,7-8-9,2.0,all_no_bos,randdir,2,5,4,1440,1,0,0,
spider-legs,,heldout,7-8-9,2.0,all_no_bos,randnorm,0,5,4,257,1,0,0,
spider-legs,,heldout,7-8-9,2.0,all_no_bos,randnorm,1,4,1,3624,1,0,0,
spider-legs,,heldout,7-8-9,2.0,all_no_bos,randnorm,2,5,3,1440,1,0,0,
spider-legs,,heldout,7-8-9,2.0,from_mention,lens,-1,4,1,3624,1,0,0,
spider-legs,,heldout,7-8-9,2.0,from_mention,randdir,0,5,4,257,1,0,0,
spider-legs,,heldout,7-8-9,2.0,from_mention,randdir,1,3,1,3624,1,0,0,
spider-legs,,heldout,7-8-9,2.0,from_mention,randdir,2,5,4,1440,1,0,0,
spider-legs,,heldout,7-8-9,2.0,from_mention,randnorm,0,5,4,257,1,0,0,
spider-legs,,heldout,7-8-9,2.0,from_mention,randnorm,1,4,1,3624,1,0,0,
spider-legs,,heldout,7-8-9,2.0,from_mention,randnorm,2,5,3,1440,1,0,0,
spider-legs,,heldout,7-8-9,2.0,answer_only,lens,-1,4,2,1440,1,0,0,
spider-legs,,heldout,7-8-9,2.0,answer_only,randdir,0,5,4,257,1,0,0,
spider-legs,,heldout,7-8-9,2.0,answer_only,randdir,1,4,1,3624,1,0,0,
spider-legs,,heldout,7-8-9,2.0,answer_only,randdir,2,5,3,1440,1,0,0,
spider-legs,,heldout,7-8-9,2.0,answer_only,randnorm,0,5,3,257,1,0,0,
spider-legs,,heldout,7-8-9,2.0,answer_only,randnorm,1,4,1,3624,1,0,0,
spider-legs,,heldout,7-8-9,2.0,answer_only,randnorm,2,5,3,1440,1,0,0,
train-track,,tuning,3,0.5,all_no_bos,lens,-1,2,1,27587,1,0,0,
train-track,,tuning,3,0.5,all_no_bos,randdir,0,2,1,27587,1,0,0,
train-track,,tuning,3,0.5,all_no_bos,randdir,1,2,1,27587,1,0,0,
train-track,,tuning,3,0.5,all_no_bos,randdir,2,2,1,27587,1,0,0,
train-track,,tuning,3,0.5,all_no_bos,randnorm,0,2,1,27587,1,0,0,
train-track,,tuning,3,0.5,all_no_bos,randnorm,1,2,1,27587,1,0,0,
train-track,,tuning,3,0.5,all_no_bos,randnorm,2,2,1,27587,1,0,0,
train-track,,tuning,3,0.5,from_mention,lens,-1,2,1,27587,1,0,0,
train-track,,tuning,3,0.5,from_mention,randdir,0,2,1,27587,1,0,0,
train-track,,tuning,3,0.5,from_mention,randdir,1,2,1,27587,1,0,0,
train-track,,tuning,3,0.5,from_mention,randdir,2,2,1,27587,1,0,0,
train-track,,tuning,3,0.5,from_mention,randnorm,0,2,1,27587,1,0,0,
train-track,,tuning,3,0.5,from_mention,randnorm,1,2,1,27587,1,0,0,
train-track,,tuning,3,0.5,from_mention,randnorm,2,2,1,27587,1,0,0,
train-track,,tuning,3,0.5,answer_only,lens,-1,2,1,27587,1,0,0,
train-track,,tuning,3,0.5,answer_only,randdir,0,2,1,27587,1,0,0,
train-track,,tuning,3,0.5,answer_only,randdir,1,2,1,27587,1,0,0,
train-track,,tuning,3,0.5,answer_only,randdir,2,2,1,27587,1,0,0,
train-track,,tuning,3,0.5,answer_only,randnorm,0,2,1,27587,1,0,0,
train-track,,tuning,3,0.5,answer_only,randnorm,1,2,1,27587,1,0,0,
train-track,,tuning,3,0.5,answer_only,randnorm,2,2,1,27587,1,0,0,
train-track,,tuning,3,1.0,all_no_bos,lens,-1,1,3,1660,1,1,1,
train-track,,tuning,3,1.0,all_no_bos,randdir,0,2,1,27587,1,0,0,
train-track,,tuning,3,1.0,all_no_bos,randdir,1,2,1,27587,1,0,0,
train-track,,tuning,3,1.0,all_no_bos,randdir,2,2,1,27587,1,0,0,
train-track,,tuning,3,1.0,all_no_bos,randnorm,0,2,1,27587,1,0,0,
train-track,,tuning,3,1.0,all_no_bos,randnorm,1,2,1,27587,1,0,0,
train-track,,tuning,3,1.0,all_no_bos,randnorm,2,2,1,27587,1,0,0,
train-track,,tuning,3,1.0,from_mention,lens,-1,1,3,1660,1,1,1,
train-track,,tuning,3,1.0,from_mention,randdir,0,2,1,27587,1,0,0,
train-track,,tuning,3,1.0,from_mention,randdir,1,2,1,27587,1,0,0,
train-track,,tuning,3,1.0,from_mention,randdir,2,2,1,27587,1,0,0,
train-track,,tuning,3,1.0,from_mention,randnorm,0,2,1,27587,1,0,0,
train-track,,tuning,3,1.0,from_mention,randnorm,1,2,1,27587,1,0,0,
train-track,,tuning,3,1.0,from_mention,randnorm,2,2,1,27587,1,0,0,
train-track,,tuning,3,1.0,answer_only,lens,-1,2,1,27587,1,0,0,
train-track,,tuning,3,1.0,answer_only,randdir,0,2,1,27587,1,0,0,
train-track,,tuning,3,1.0,answer_only,randdir,1,2,1,27587,1,0,0,
train-track,,tuning,3,1.0,answer_only,randdir,2,2,1,27587,1,0,0,
train-track,,tuning,3,1.0,answer_only,randnorm,0,2,1,27587,1,0,0,
train-track,,tuning,3,1.0,answer_only,randnorm,1,2,1,27587,1,0,0,
train-track,,tuning,3,1.0,answer_only,randnorm,2,2,1,27587,1,0,0,
train-track,,tuning,3,2.0,all_no_bos,lens,-1,1,4,1660,1,1,1,
train-track,,tuning,3,2.0,all_no_bos,randdir,0,4,1,27587,1,0,0,
train-track,,tuning,3,2.0,all_no_bos,randdir,1,2,1,27587,1,0,0,
train-track,,tuning,3,2.0,all_no_bos,randdir,2,2,1,27587,1,0,0,
train-track,,tuning,3,2.0,all_no_bos,randnorm,0,1,4,1660,1,1,1,
train-track,,tuning,3,2.0,all_no_bos,randnorm,1,2,1,27587,1,0,0,
train-track,,tuning,3,2.0,all_no_bos,randnorm,2,1,2,1660,1,1,1,
train-track,,tuning,3,2.0,from_mention,lens,-1,1,4,1660,1,1,1,
train-track,,tuning,3,2.0,from_mention,randdir,0,4,1,27587,1,0,0,
train-track,,tuning,3,2.0,from_mention,randdir,1,2,1,27587,1,0,0,
train-track,,tuning,3,2.0,from_mention,randdir,2,2,1,27587,1,0,0,
train-track,,tuning,3,2.0,from_mention,randnorm,0,1,4,1660,1,1,1,
train-track,,tuning,3,2.0,from_mention,randnorm,1,2,1,27587,1,0,0,
train-track,,tuning,3,2.0,from_mention,randnorm,2,1,2,1660,1,1,1,
train-track,,tuning,3,2.0,answer_only,lens,-1,2,1,27587,1,0,0,
train-track,,tuning,3,2.0,answer_only,randdir,0,3,1,27587,1,0,0,
train-track,,tuning,3,2.0,answer_only,randdir,1,2,1,27587,1,0,0,
train-track,,tuning,3,2.0,answer_only,randdir,2,2,1,27587,1,0,0,
train-track,,tuning,3,2.0,answer_only,randnorm,0,2,1,27587,1,0,0,
train-track,,tuning,3,2.0,answer_only,randnorm,1,2,1,27587,1,0,0,
train-track,,tuning,3,2.0,answer_only,randnorm,2,2,1,27587,1,0,0,
train-track,,tuning,4,0.5,all_no_bos,lens,-1,1,2,1660,1,1,1,
train-track,,tuning,4,0.5,all_no_bos,randdir,0,2,1,27587,1,0,0,
train-track,,tuning,4,0.5,all_no_bos,randdir,1,2,1,27587,1,0,0,
train-track,,tuning,4,0.5,all_no_bos,randdir,2,2,1,27587,1,0,0,
train-track,,tuning,4,0.5,all_no_bos,randnorm,0,2,1,27587,1,0,0,
train-track,,tuning,4,0.5,all_no_bos,randnorm,1,2,1,27587,1,0,0,
train-track,,tuning,4,0.5,all_no_bos,randnorm,2,2,1,27587,1,0,0,
train-track,,tuning,4,0.5,from_mention,lens,-1,1,2,1660,1,1,1,
train-track,,tuning,4,0.5,from_mention,randdir,0,2,1,27587,1,0,0,
train-track,,tuning,4,0.5,from_mention,randdir,1,2,1,27587,1,0,0,
train-track,,tuning,4,0.5,from_mention,randdir,2,2,1,27587,1,0,0,
train-track,,tuning,4,0.5,from_mention,randnorm,0,2,1,27587,1,0,0,
train-track,,tuning,4,0.5,from_mention,randnorm,1,2,1,27587,1,0,0,
train-track,,tuning,4,0.5,from_mention,randnorm,2,2,1,27587,1,0,0,
train-track,,tuning,4,0.5,answer_only,lens,-1,2,1,27587,1,0,0,
train-track,,tuning,4,0.5,answer_only,randdir,0,2,1,27587,1,0,0,
train-track,,tuning,4,0.5,answer_only,randdir,1,2,1,27587,1,0,0,
train-track,,tuning,4,0.5,answer_only,randdir,2,2,1,27587,1,0,0,
train-track,,tuning,4,0.5,answer_only,randnorm,0,2,1,27587,1,0,0,
train-track,,tuning,4,0.5,answer_only,randnorm,1,2,1,27587,1,0,0,
train-track,,tuning,4,0.5,answer_only,randnorm,2,2,1,27587,1,0,0,
train-track,,tuning,4,1.0,all_no_bos,lens,-1,1,3,1660,1,1,1,
train-track,,tuning,4,1.0,all_no_bos,randdir,0,1,2,1660,1,1,1,
train-track,,tuning,4,1.0,all_no_bos,randdir,1,2,1,27587,1,0,0,
train-track,,tuning,4,1.0,all_no_bos,randdir,2,2,1,27587,1,0,0,
train-track,,tuning,4,1.0,all_no_bos,randnorm,0,1,2,1660,1,1,1,
train-track,,tuning,4,1.0,all_no_bos,randnorm,1,1,2,1660,1,1,1,
train-track,,tuning,4,1.0,all_no_bos,randnorm,2,2,1,27587,1,0,0,
train-track,,tuning,4,1.0,from_mention,lens,-1,1,3,1660,1,1,1,
train-track,,tuning,4,1.0,from_mention,randdir,0,1,2,1660,1,1,1,
train-track,,tuning,4,1.0,from_mention,randdir,1,2,1,27587,1,0,0,
train-track,,tuning,4,1.0,from_mention,randdir,2,2,1,27587,1,0,0,
train-track,,tuning,4,1.0,from_mention,randnorm,0,1,2,1660,1,1,1,
train-track,,tuning,4,1.0,from_mention,randnorm,1,1,2,1660,1,1,1,
train-track,,tuning,4,1.0,from_mention,randnorm,2,2,1,27587,1,0,0,
train-track,,tuning,4,1.0,answer_only,lens,-1,2,1,27587,1,0,0,
train-track,,tuning,4,1.0,answer_only,randdir,0,2,1,27587,1,0,0,
train-track,,tuning,4,1.0,answer_only,randdir,1,2,1,27587,1,0,0,
train-track,,tuning,4,1.0,answer_only,randdir,2,2,1,27587,1,0,0,
train-track,,tuning,4,1.0,answer_only,randnorm,0,2,1,27587,1,0,0,
train-track,,tuning,4,1.0,answer_only,randnorm,1,2,1,27587,1,0,0,
train-track,,tuning,4,1.0,answer_only,randnorm,2,2,1,27587,1,0,0,
train-track,,tuning,4,2.0,all_no_bos,lens,-1,1,8,1660,1,1,1,
train-track,,tuning,4,2.0,all_no_bos,randdir,0,1,2,1660,1,1,1,
train-track,,tuning,4,2.0,all_no_bos,randdir,1,2,1,27587,1,0,0,
train-track,,tuning,4,2.0,all_no_bos,randdir,2,2,1,27587,1,0,0,
train-track,,tuning,4,2.0,all_no_bos,randnorm,0,1,4,1660,1,1,1,
train-track,,tuning,4,2.0,all_no_bos,randnorm,1,1,2,1660,1,1,1,
train-track,,tuning,4,2.0,all_no_bos,randnorm,2,2,1,27587,1,0,0,
train-track,,tuning,4,2.0,from_mention,lens,-1,1,8,1660,1,1,1,
train-track,,tuning,4,2.0,from_mention,randdir,0,1,2,1660,1,1,1,
train-track,,tuning,4,2.0,from_mention,randdir,1,2,1,27587,1,0,0,
train-track,,tuning,4,2.0,from_mention,randdir,2,2,1,27587,1,0,0,
train-track,,tuning,4,2.0,from_mention,randnorm,0,1,4,1660,1,1,1,
train-track,,tuning,4,2.0,from_mention,randnorm,1,1,2,1660,1,1,1,
train-track,,tuning,4,2.0,from_mention,randnorm,2,2,1,27587,1,0,0,
train-track,,tuning,4,2.0,answer_only,lens,-1,2,1,27587,1,0,0,
train-track,,tuning,4,2.0,answer_only,randdir,0,2,1,27587,1,0,0,
train-track,,tuning,4,2.0,answer_only,randdir,1,2,1,27587,1,0,0,
train-track,,tuning,4,2.0,answer_only,randdir,2,2,1,27587,1,0,0,
train-track,,tuning,4,2.0,answer_only,randnorm,0,2,1,27587,1,0,0,
train-track,,tuning,4,2.0,answer_only,randnorm,1,2,1,27587,1,0,0,
train-track,,tuning,4,2.0,answer_only,randnorm,2,2,1,27587,1,0,0,
train-track,,tuning,5,0.5,all_no_bos,lens,-1,1,2,1660,1,1,1,
train-track,,tuning,5,0.5,all_no_bos,randdir,0,2,1,27587,1,0,0,
train-track,,tuning,5,0.5,all_no_bos,randdir,1,2,1,27587,1,0,0,
train-track,,tuning,5,0.5,all_no_bos,randdir,2,2,1,27587,1,0,0,
train-track,,tuning,5,0.5,all_no_bos,randnorm,0,2,1,27587,1,0,0,
train-track,,tuning,5,0.5,all_no_bos,randnorm,1,2,1,27587,1,0,0,
train-track,,tuning,5,0.5,all_no_bos,randnorm,2,2,1,27587,1,0,0,
train-track,,tuning,5,0.5,from_mention,lens,-1,1,2,1660,1,1,1,
train-track,,tuning,5,0.5,from_mention,randdir,0,2,1,27587,1,0,0,
train-track,,tuning,5,0.5,from_mention,randdir,1,2,1,27587,1,0,0,
train-track,,tuning,5,0.5,from_mention,randdir,2,2,1,27587,1,0,0,
train-track,,tuning,5,0.5,from_mention,randnorm,0,2,1,27587,1,0,0,
train-track,,tuning,5,0.5,from_mention,randnorm,1,2,1,27587,1,0,0,
train-track,,tuning,5,0.5,from_mention,randnorm,2,2,1,27587,1,0,0,
train-track,,tuning,5,0.5,answer_only,lens,-1,2,1,27587,1,0,0,
train-track,,tuning,5,0.5,answer_only,randdir,0,2,1,27587,1,0,0,
train-track,,tuning,5,0.5,answer_only,randdir,1,2,1,27587,1,0,0,
train-track,,tuning,5,0.5,answer_only,randdir,2,2,1,27587,1,0,0,
train-track,,tuning,5,0.5,answer_only,randnorm,0,2,1,27587,1,0,0,
train-track,,tuning,5,0.5,answer_only,randnorm,1,2,1,27587,1,0,0,
train-track,,tuning,5,0.5,answer_only,randnorm,2,2,1,27587,1,0,0,
train-track,,tuning,5,1.0,all_no_bos,lens,-1,1,4,1660,1,1,1,
train-track,,tuning,5,1.0,all_no_bos,randdir,0,2,1,27587,1,0,0,
train-track,,tuning,5,1.0,all_no_bos,randdir,1,2,1,27587,1,0,0,
train-track,,tuning,5,1.0,all_no_bos,randdir,2,2,1,27587,1,0,0,
train-track,,tuning,5,1.0,all_no_bos,randnorm,0,1,2,1660,1,1,1,
train-track,,tuning,5,1.0,all_no_bos,randnorm,1,2,1,27587,1,0,0,
train-track,,tuning,5,1.0,all_no_bos,randnorm,2,2,1,27587,1,0,0,
train-track,,tuning,5,1.0,from_mention,lens,-1,1,4,1660,1,1,1,
train-track,,tuning,5,1.0,from_mention,randdir,0,2,1,27587,1,0,0,
train-track,,tuning,5,1.0,from_mention,randdir,1,2,1,27587,1,0,0,
train-track,,tuning,5,1.0,from_mention,randdir,2,2,1,27587,1,0,0,
train-track,,tuning,5,1.0,from_mention,randnorm,0,1,2,1660,1,1,1,
train-track,,tuning,5,1.0,from_mention,randnorm,1,2,1,27587,1,0,0,
train-track,,tuning,5,1.0,from_mention,randnorm,2,2,1,27587,1,0,0,
train-track,,tuning,5,1.0,answer_only,lens,-1,2,1,27587,1,0,0,
train-track,,tuning,5,1.0,answer_only,randdir,0,2,1,27587,1,0,0,
train-track,,tuning,5,1.0,answer_only,randdir,1,2,1,27587,1,0,0,
train-track,,tuning,5,1.0,answer_only,randdir,2,2,1,27587,1,0,0,
train-track,,tuning,5,1.0,answer_only,randnorm,0,2,1,27587,1,0,0,
train-track,,tuning,5,1.0,answer_only,randnorm,1,2,1,27587,1,0,0,
train-track,,tuning,5,1.0,answer_only,randnorm,2,2,1,27587,1,0,0,
train-track,,tuning,5,2.0,all_no_bos,lens,-1,1,22,1660,1,1,1,
train-track,,tuning,5,2.0,all_no_bos,randdir,0,2,1,27587,1,0,0,
train-track,,tuning,5,2.0,all_no_bos,randdir,1,2,1,27587,1,0,0,
train-track,,tuning,5,2.0,all_no_bos,randdir,2,2,1,27587,1,0,0,
train-track,,tuning,5,2.0,all_no_bos,randnorm,0,1,4,1660,1,1,1,
train-track,,tuning,5,2.0,all_no_bos,randnorm,1,1,2,1660,1,1,1,
train-track,,tuning,5,2.0,all_no_bos,randnorm,2,1,3,1660,1,1,1,
train-track,,tuning,5,2.0,from_mention,lens,-1,1,22,1660,1,1,1,
train-track,,tuning,5,2.0,from_mention,randdir,0,2,1,27587,1,0,0,
train-track,,tuning,5,2.0,from_mention,randdir,1,2,1,27587,1,0,0,
train-track,,tuning,5,2.0,from_mention,randdir,2,2,1,27587,1,0,0,
train-track,,tuning,5,2.0,from_mention,randnorm,0,1,4,1660,1,1,1,
train-track,,tuning,5,2.0,from_mention,randnorm,1,1,2,1660,1,1,1,
train-track,,tuning,5,2.0,from_mention,randnorm,2,1,3,1660,1,1,1,
train-track,,tuning,5,2.0,answer_only,lens,-1,2,1,27587,1,0,0,
train-track,,tuning,5,2.0,answer_only,randdir,0,2,1,27587,1,0,0,
train-track,,tuning,5,2.0,answer_only,randdir,1,2,1,27587,1,0,0,
train-track,,tuning,5,2.0,answer_only,randdir,2,2,1,27587,1,0,0,
train-track,,tuning,5,2.0,answer_only,randnorm,0,2,1,27587,1,0,0,
train-track,,tuning,5,2.0,answer_only,randnorm,1,2,1,27587,1,0,0,
train-track,,tuning,5,2.0,answer_only,randnorm,2,2,1,27587,1,0,0,
train-track,,tuning,6,0.5,all_no_bos,lens,-1,1,2,1660,1,1,1,
train-track,,tuning,6,0.5,all_no_bos,randdir,0,2,1,27587,1,0,0,
train-track,,tuning,6,0.5,all_no_bos,randdir,1,2,1,27587,1,0,0,
train-track,,tuning,6,0.5,all_no_bos,randdir,2,2,1,27587,1,0,0,
train-track,,tuning,6,0.5,all_no_bos,randnorm,0,2,1,27587,1,0,0,
train-track,,tuning,6,0.5,all_no_bos,randnorm,1,2,1,27587,1,0,0,
train-track,,tuning,6,0.5,all_no_bos,randnorm,2,2,1,27587,1,0,0,
train-track,,tuning,6,0.5,from_mention,lens,-1,1,2,1660,1,1,1,
train-track,,tuning,6,0.5,from_mention,randdir,0,2,1,27587,1,0,0,
train-track,,tuning,6,0.5,from_mention,randdir,1,2,1,27587,1,0,0,
train-track,,tuning,6,0.5,from_mention,randdir,2,2,1,27587,1,0,0,
train-track,,tuning,6,0.5,from_mention,randnorm,0,2,1,27587,1,0,0,
train-track,,tuning,6,0.5,from_mention,randnorm,1,2,1,27587,1,0,0,
train-track,,tuning,6,0.5,from_mention,randnorm,2,2,1,27587,1,0,0,
train-track,,tuning,6,0.5,answer_only,lens,-1,2,1,27587,1,0,0,
train-track,,tuning,6,0.5,answer_only,randdir,0,2,1,27587,1,0,0,
train-track,,tuning,6,0.5,answer_only,randdir,1,2,1,27587,1,0,0,
train-track,,tuning,6,0.5,answer_only,randdir,2,2,1,27587,1,0,0,
train-track,,tuning,6,0.5,answer_only,randnorm,0,2,1,27587,1,0,0,
train-track,,tuning,6,0.5,answer_only,randnorm,1,2,1,27587,1,0,0,
train-track,,tuning,6,0.5,answer_only,randnorm,2,2,1,27587,1,0,0,
train-track,,tuning,6,1.0,all_no_bos,lens,-1,1,3,1660,1,1,1,
train-track,,tuning,6,1.0,all_no_bos,randdir,0,2,1,27587,1,0,0,
train-track,,tuning,6,1.0,all_no_bos,randdir,1,2,1,27587,1,0,0,
train-track,,tuning,6,1.0,all_no_bos,randdir,2,2,1,27587,1,0,0,
train-track,,tuning,6,1.0,all_no_bos,randnorm,0,1,2,1660,1,1,1,
train-track,,tuning,6,1.0,all_no_bos,randnorm,1,1,2,1660,1,1,1,
train-track,,tuning,6,1.0,all_no_bos,randnorm,2,2,1,27587,1,0,0,
train-track,,tuning,6,1.0,from_mention,lens,-1,1,3,1660,1,1,1,
train-track,,tuning,6,1.0,from_mention,randdir,0,2,1,27587,1,0,0,
train-track,,tuning,6,1.0,from_mention,randdir,1,2,1,27587,1,0,0,
train-track,,tuning,6,1.0,from_mention,randdir,2,2,1,27587,1,0,0,
train-track,,tuning,6,1.0,from_mention,randnorm,0,1,2,1660,1,1,1,
train-track,,tuning,6,1.0,from_mention,randnorm,1,1,2,1660,1,1,1,
train-track,,tuning,6,1.0,from_mention,randnorm,2,2,1,27587,1,0,0,
train-track,,tuning,6,1.0,answer_only,lens,-1,2,1,27587,1,0,0,
train-track,,tuning,6,1.0,answer_only,randdir,0,2,1,27587,1,0,0,
train-track,,tuning,6,1.0,answer_only,randdir,1,2,1,27587,1,0,0,
train-track,,tuning,6,1.0,answer_only,randdir,2,2,1,27587,1,0,0,
train-track,,tuning,6,1.0,answer_only,randnorm,0,2,1,27587,1,0,0,
train-track,,tuning,6,1.0,answer_only,randnorm,1,2,1,27587,1,0,0,
train-track,,tuning,6,1.0,answer_only,randnorm,2,2,1,27587,1,0,0,
train-track,,tuning,6,2.0,all_no_bos,lens,-1,1,5,1660,1,1,1,
train-track,,tuning,6,2.0,all_no_bos,randdir,0,1,2,1660,1,1,1,
train-track,,tuning,6,2.0,all_no_bos,randdir,1,1,2,1660,1,1,1,
train-track,,tuning,6,2.0,all_no_bos,randdir,2,2,1,27587,1,0,0,
train-track,,tuning,6,2.0,all_no_bos,randnorm,0,1,2,1660,1,1,1,
train-track,,tuning,6,2.0,all_no_bos,randnorm,1,1,5,1660,1,1,1,
train-track,,tuning,6,2.0,all_no_bos,randnorm,2,1,3,1660,1,1,1,
train-track,,tuning,6,2.0,from_mention,lens,-1,1,5,1660,1,1,1,
train-track,,tuning,6,2.0,from_mention,randdir,0,1,2,1660,1,1,1,
train-track,,tuning,6,2.0,from_mention,randdir,1,1,2,1660,1,1,1,
train-track,,tuning,6,2.0,from_mention,randdir,2,2,1,27587,1,0,0,
train-track,,tuning,6,2.0,from_mention,randnorm,0,1,2,1660,1,1,1,
train-track,,tuning,6,2.0,from_mention,randnorm,1,1,5,1660,1,1,1,
train-track,,tuning,6,2.0,from_mention,randnorm,2,1,3,1660,1,1,1,
train-track,,tuning,6,2.0,answer_only,lens,-1,2,1,27587,1,0,0,
train-track,,tuning,6,2.0,answer_only,randdir,0,2,1,27587,1,0,0,
train-track,,tuning,6,2.0,answer_only,randdir,1,2,1,27587,1,0,0,
train-track,,tuning,6,2.0,answer_only,randdir,2,2,1,27587,1,0,0,
train-track,,tuning,6,2.0,answer_only,randnorm,0,2,1,27587,1,0,0,
train-track,,tuning,6,2.0,answer_only,randnorm,1,2,1,27587,1,0,0,
train-track,,tuning,6,2.0,answer_only,randnorm,2,2,1,27587,1,0,0,
train-track,,tuning,7,0.5,all_no_bos,lens,-1,1,2,1660,1,1,1,
train-track,,tuning,7,0.5,all_no_bos,randdir,0,2,1,27587,1,0,0,
train-track,,tuning,7,0.5,all_no_bos,randdir,1,2,1,27587,1,0,0,
train-track,,tuning,7,0.5,all_no_bos,randdir,2,2,1,27587,1,0,0,
train-track,,tuning,7,0.5,all_no_bos,randnorm,0,2,1,27587,1,0,0,
train-track,,tuning,7,0.5,all_no_bos,randnorm,1,2,1,27587,1,0,0,
train-track,,tuning,7,0.5,all_no_bos,randnorm,2,2,1,27587,1,0,0,
train-track,,tuning,7,0.5,from_mention,lens,-1,1,2,1660,1,1,1,
train-track,,tuning,7,0.5,from_mention,randdir,0,2,1,27587,1,0,0,
train-track,,tuning,7,0.5,from_mention,randdir,1,2,1,27587,1,0,0,
train-track,,tuning,7,0.5,from_mention,randdir,2,2,1,27587,1,0,0,
train-track,,tuning,7,0.5,from_mention,randnorm,0,2,1,27587,1,0,0,
train-track,,tuning,7,0.5,from_mention,randnorm,1,2,1,27587,1,0,0,
train-track,,tuning,7,0.5,from_mention,randnorm,2,2,1,27587,1,0,0,
train-track,,tuning,7,0.5,answer_only,lens,-1,2,1,27587,1,0,0,
train-track,,tuning,7,0.5,answer_only,randdir,0,2,1,27587,1,0,0,
train-track,,tuning,7,0.5,answer_only,randdir,1,2,1,27587,1,0,0,
train-track,,tuning,7,0.5,answer_only,randdir,2,2,1,27587,1,0,0,
train-track,,tuning,7,0.5,answer_only,randnorm,0,2,1,27587,1,0,0,
train-track,,tuning,7,0.5,answer_only,randnorm,1,2,1,27587,1,0,0,
train-track,,tuning,7,0.5,answer_only,randnorm,2,2,1,27587,1,0,0,
train-track,,tuning,7,1.0,all_no_bos,lens,-1,1,3,1660,1,1,1,
train-track,,tuning,7,1.0,all_no_bos,randdir,0,2,1,27587,1,0,0,
train-track,,tuning,7,1.0,all_no_bos,randdir,1,2,1,27587,1,0,0,
train-track,,tuning,7,1.0,all_no_bos,randdir,2,2,1,27587,1,0,0,
train-track,,tuning,7,1.0,all_no_bos,randnorm,0,2,1,27587,1,0,0,
train-track,,tuning,7,1.0,all_no_bos,randnorm,1,2,1,27587,1,0,0,
train-track,,tuning,7,1.0,all_no_bos,randnorm,2,2,1,27587,1,0,0,
train-track,,tuning,7,1.0,from_mention,lens,-1,1,3,1660,1,1,1,
train-track,,tuning,7,1.0,from_mention,randdir,0,2,1,27587,1,0,0,
train-track,,tuning,7,1.0,from_mention,randdir,1,2,1,27587,1,0,0,
train-track,,tuning,7,1.0,from_mention,randdir,2,2,1,27587,1,0,0,
train-track,,tuning,7,1.0,from_mention,randnorm,0,2,1,27587,1,0,0,
train-track,,tuning,7,1.0,from_mention,randnorm,1,2,1,27587,1,0,0,
train-track,,tuning,7,1.0,from_mention,randnorm,2,2,1,27587,1,0,0,
train-track,,tuning,7,1.0,answer_only,lens,-1,2,1,27587,1,0,0,
train-track,,tuning,7,1.0,answer_only,randdir,0,2,1,27587,1,0,0,
train-track,,tuning,7,1.0,answer_only,randdir,1,2,1,27587,1,0,0,
train-track,,tuning,7,1.0,answer_only,randdir,2,2,1,27587,1,0,0,
train-track,,tuning,7,1.0,answer_only,randnorm,0,2,1,27587,1,0,0,
train-track,,tuning,7,1.0,answer_only,randnorm,1,2,1,27587,1,0,0,
train-track,,tuning,7,1.0,answer_only,randnorm,2,2,1,27587,1,0,0,
train-track,,tuning,7,2.0,all_no_bos,lens,-1,1,8,1660,1,1,1,
train-track,,tuning,7,2.0,all_no_bos,randdir,0,2,1,27587,1,0,0,
train-track,,tuning,7,2.0,all_no_bos,randdir,1,2,1,27587,1,0,0,
train-track,,tuning,7,2.0,all_no_bos,randdir,2,2,1,27587,1,0,0,
train-track,,tuning,7,2.0,all_no_bos,randnorm,0,1,2,1660,1,1,1,
train-track,,tuning,7,2.0,all_no_bos,randnorm,1,2,1,27587,1,0,0,
train-track,,tuning,7,2.0,all_no_bos,randnorm,2,2,1,27587,1,0,0,
train-track,,tuning,7,2.0,from_mention,lens,-1,1,8,1660,1,1,1,
train-track,,tuning,7,2.0,from_mention,randdir,0,2,1,27587,1,0,0,
train-track,,tuning,7,2.0,from_mention,randdir,1,2,1,27587,1,0,0,
train-track,,tuning,7,2.0,from_mention,randdir,2,2,1,27587,1,0,0,
train-track,,tuning,7,2.0,from_mention,randnorm,0,1,2,1660,1,1,1,
train-track,,tuning,7,2.0,from_mention,randnorm,1,2,1,27587,1,0,0,
train-track,,tuning,7,2.0,from_mention,randnorm,2,2,1,27587,1,0,0,
train-track,,tuning,7,2.0,answer_only,lens,-1,2,1,27587,1,0,0,
train-track,,tuning,7,2.0,answer_only,randdir,0,2,1,27587,1,0,0,
train-track,,tuning,7,2.0,answer_only,randdir,1,2,1,27587,1,0,0,
train-track,,tuning,7,2.0,answer_only,randdir,2,2,1,27587,1,0,0,
train-track,,tuning,7,2.0,answer_only,randnorm,0,2,1,27587,1,0,0,
train-track,,tuning,7,2.0,answer_only,randnorm,1,2,1,27587,1,0,0,
train-track,,tuning,7,2.0,answer_only,randnorm,2,2,1,27587,1,0,0,
train-track,,tuning,8,0.5,all_no_bos,lens,-1,1,2,1660,1,1,1,
train-track,,tuning,8,0.5,all_no_bos,randdir,0,2,1,27587,1,0,0,
train-track,,tuning,8,0.5,all_no_bos,randdir,1,2,1,27587,1,0,0,
train-track,,tuning,8,0.5,all_no_bos,randdir,2,2,1,27587,1,0,0,
train-track,,tuning,8,0.5,all_no_bos,randnorm,0,2,1,27587,1,0,0,
train-track,,tuning,8,0.5,all_no_bos,randnorm,1,2,1,27587,1,0,0,
train-track,,tuning,8,0.5,all_no_bos,randnorm,2,2,1,27587,1,0,0,
train-track,,tuning,8,0.5,from_mention,lens,-1,1,2,1660,1,1,1,
train-track,,tuning,8,0.5,from_mention,randdir,0,2,1,27587,1,0,0,
train-track,,tuning,8,0.5,from_mention,randdir,1,2,1,27587,1,0,0,
train-track,,tuning,8,0.5,from_mention,randdir,2,2,1,27587,1,0,0,
train-track,,tuning,8,0.5,from_mention,randnorm,0,2,1,27587,1,0,0,
train-track,,tuning,8,0.5,from_mention,randnorm,1,2,1,27587,1,0,0,
train-track,,tuning,8,0.5,from_mention,randnorm,2,2,1,27587,1,0,0,
train-track,,tuning,8,0.5,answer_only,lens,-1,2,1,27587,1,0,0,
train-track,,tuning,8,0.5,answer_only,randdir,0,2,1,27587,1,0,0,
train-track,,tuning,8,0.5,answer_only,randdir,1,2,1,27587,1,0,0,
train-track,,tuning,8,0.5,answer_only,randdir,2,2,1,27587,1,0,0,
train-track,,tuning,8,0.5,answer_only,randnorm,0,2,1,27587,1,0,0,
train-track,,tuning,8,0.5,answer_only,randnorm,1,2,1,27587,1,0,0,
train-track,,tuning,8,0.5,answer_only,randnorm,2,2,1,27587,1,0,0,
train-track,,tuning,8,1.0,all_no_bos,lens,-1,1,2,1660,1,1,1,
train-track,,tuning,8,1.0,all_no_bos,randdir,0,2,1,27587,1,0,0,
train-track,,tuning,8,1.0,all_no_bos,randdir,1,2,1,27587,1,0,0,
train-track,,tuning,8,1.0,all_no_bos,randdir,2,2,1,27587,1,0,0,
train-track,,tuning,8,1.0,all_no_bos,randnorm,0,2,1,27587,1,0,0,
train-track,,tuning,8,1.0,all_no_bos,randnorm,1,2,1,27587,1,0,0,
train-track,,tuning,8,1.0,all_no_bos,randnorm,2,2,1,27587,1,0,0,
train-track,,tuning,8,1.0,from_mention,lens,-1,1,2,1660,1,1,1,
train-track,,tuning,8,1.0,from_mention,randdir,0,2,1,27587,1,0,0,
train-track,,tuning,8,1.0,from_mention,randdir,1,2,1,27587,1,0,0,
train-track,,tuning,8,1.0,from_mention,randdir,2,2,1,27587,1,0,0,
train-track,,tuning,8,1.0,from_mention,randnorm,0,2,1,27587,1,0,0,
train-track,,tuning,8,1.0,from_mention,randnorm,1,2,1,27587,1,0,0,
train-track,,tuning,8,1.0,from_mention,randnorm,2,2,1,27587,1,0,0,
train-track,,tuning,8,1.0,answer_only,lens,-1,2,1,27587,1,0,0,
train-track,,tuning,8,1.0,answer_only,randdir,0,2,1,27587,1,0,0,
train-track,,tuning,8,1.0,answer_only,randdir,1,2,1,27587,1,0,0,
train-track,,tuning,8,1.0,answer_only,randdir,2,2,1,27587,1,0,0,
train-track,,tuning,8,1.0,answer_only,randnorm,0,2,1,27587,1,0,0,
train-track,,tuning,8,1.0,answer_only,randnorm,1,2,1,27587,1,0,0,
train-track,,tuning,8,1.0,answer_only,randnorm,2,2,1,27587,1,0,0,
train-track,,tuning,8,2.0,all_no_bos,lens,-1,1,4,1660,1,1,1,
train-track,,tuning,8,2.0,all_no_bos,randdir,0,2,1,27587,1,0,0,
train-track,,tuning,8,2.0,all_no_bos,randdir,1,2,1,27587,1,0,0,
train-track,,tuning,8,2.0,all_no_bos,randdir,2,2,1,27587,1,0,0,
train-track,,tuning,8,2.0,all_no_bos,randnorm,0,2,1,27587,1,0,0,
train-track,,tuning,8,2.0,all_no_bos,randnorm,1,1,4,1660,1,1,1,
train-track,,tuning,8,2.0,all_no_bos,randnorm,2,1,2,1660,1,1,1,
train-track,,tuning,8,2.0,from_mention,lens,-1,1,4,1660,1,1,1,
train-track,,tuning,8,2.0,from_mention,randdir,0,2,1,27587,1,0,0,
train-track,,tuning,8,2.0,from_mention,randdir,1,2,1,27587,1,0,0,
train-track,,tuning,8,2.0,from_mention,randdir,2,2,1,27587,1,0,0,
train-track,,tuning,8,2.0,from_mention,randnorm,0,2,1,27587,1,0,0,
train-track,,tuning,8,2.0,from_mention,randnorm,1,1,4,1660,1,1,1,
train-track,,tuning,8,2.0,from_mention,randnorm,2,1,2,1660,1,1,1,
train-track,,tuning,8,2.0,answer_only,lens,-1,2,1,27587,1,0,0,
train-track,,tuning,8,2.0,answer_only,randdir,0,2,1,27587,1,0,0,
train-track,,tuning,8,2.0,answer_only,randdir,1,2,1,27587,1,0,0,
train-track,,tuning,8,2.0,answer_only,randdir,2,2,1,27587,1,0,0,
train-track,,tuning,8,2.0,answer_only,randnorm,0,2,1,27587,1,0,0,
train-track,,tuning,8,2.0,answer_only,randnorm,1,2,1,27587,1,0,0,
train-track,,tuning,8,2.0,answer_only,randnorm,2,1,2,1660,1,1,1,
train-track,,tuning,9,0.5,all_no_bos,lens,-1,2,1,27587,1,0,0,
train-track,,tuning,9,0.5,all_no_bos,randdir,0,2,1,27587,1,0,0,
train-track,,tuning,9,0.5,all_no_bos,randdir,1,2,1,27587,1,0,0,
train-track,,tuning,9,0.5,all_no_bos,randdir,2,2,1,27587,1,0,0,
train-track,,tuning,9,0.5,all_no_bos,randnorm,0,2,1,27587,1,0,0,
train-track,,tuning,9,0.5,all_no_bos,randnorm,1,2,1,27587,1,0,0,
train-track,,tuning,9,0.5,all_no_bos,randnorm,2,2,1,27587,1,0,0,
train-track,,tuning,9,0.5,from_mention,lens,-1,2,1,27587,1,0,0,
train-track,,tuning,9,0.5,from_mention,randdir,0,2,1,27587,1,0,0,
train-track,,tuning,9,0.5,from_mention,randdir,1,2,1,27587,1,0,0,
train-track,,tuning,9,0.5,from_mention,randdir,2,2,1,27587,1,0,0,
train-track,,tuning,9,0.5,from_mention,randnorm,0,2,1,27587,1,0,0,
train-track,,tuning,9,0.5,from_mention,randnorm,1,2,1,27587,1,0,0,
train-track,,tuning,9,0.5,from_mention,randnorm,2,2,1,27587,1,0,0,
train-track,,tuning,9,0.5,answer_only,lens,-1,2,1,27587,1,0,0,
train-track,,tuning,9,0.5,answer_only,randdir,0,2,1,27587,1,0,0,
train-track,,tuning,9,0.5,answer_only,randdir,1,2,1,27587,1,0,0,
train-track,,tuning,9,0.5,answer_only,randdir,2,2,1,27587,1,0,0,
train-track,,tuning,9,0.5,answer_only,randnorm,0,2,1,27587,1,0,0,
train-track,,tuning,9,0.5,answer_only,randnorm,1,2,1,27587,1,0,0,
train-track,,tuning,9,0.5,answer_only,randnorm,2,2,1,27587,1,0,0,
train-track,,tuning,9,1.0,all_no_bos,lens,-1,1,2,1660,1,1,1,
train-track,,tuning,9,1.0,all_no_bos,randdir,0,2,1,27587,1,0,0,
train-track,,tuning,9,1.0,all_no_bos,randdir,1,2,1,27587,1,0,0,
train-track,,tuning,9,1.0,all_no_bos,randdir,2,2,1,27587,1,0,0,
train-track,,tuning,9,1.0,all_no_bos,randnorm,0,2,1,27587,1,0,0,
train-track,,tuning,9,1.0,all_no_bos,randnorm,1,2,1,27587,1,0,0,
train-track,,tuning,9,1.0,all_no_bos,randnorm,2,2,1,27587,1,0,0,
train-track,,tuning,9,1.0,from_mention,lens,-1,1,2,1660,1,1,1,
train-track,,tuning,9,1.0,from_mention,randdir,0,2,1,27587,1,0,0,
train-track,,tuning,9,1.0,from_mention,randdir,1,2,1,27587,1,0,0,
train-track,,tuning,9,1.0,from_mention,randdir,2,2,1,27587,1,0,0,
train-track,,tuning,9,1.0,from_mention,randnorm,0,2,1,27587,1,0,0,
train-track,,tuning,9,1.0,from_mention,randnorm,1,2,1,27587,1,0,0,
train-track,,tuning,9,1.0,from_mention,randnorm,2,2,1,27587,1,0,0,
train-track,,tuning,9,1.0,answer_only,lens,-1,2,1,27587,1,0,0,
train-track,,tuning,9,1.0,answer_only,randdir,0,2,1,27587,1,0,0,
train-track,,tuning,9,1.0,answer_only,randdir,1,2,1,27587,1,0,0,
train-track,,tuning,9,1.0,answer_only,randdir,2,2,1,27587,1,0,0,
train-track,,tuning,9,1.0,answer_only,randnorm,0,2,1,27587,1,0,0,
train-track,,tuning,9,1.0,answer_only,randnorm,1,2,1,27587,1,0,0,
train-track,,tuning,9,1.0,answer_only,randnorm,2,2,1,27587,1,0,0,
train-track,,tuning,9,2.0,all_no_bos,lens,-1,1,2,1660,1,1,1,
train-track,,tuning,9,2.0,all_no_bos,randdir,0,2,1,27587,1,0,0,
train-track,,tuning,9,2.0,all_no_bos,randdir,1,2,1,27587,1,0,0,
train-track,,tuning,9,2.0,all_no_bos,randdir,2,2,1,27587,1,0,0,
train-track,,tuning,9,2.0,all_no_bos,randnorm,0,2,1,27587,1,0,0,
train-track,,tuning,9,2.0,all_no_bos,randnorm,1,2,1,27587,1,0,0,
train-track,,tuning,9,2.0,all_no_bos,randnorm,2,2,1,27587,1,0,0,
train-track,,tuning,9,2.0,from_mention,lens,-1,1,2,1660,1,1,1,
train-track,,tuning,9,2.0,from_mention,randdir,0,2,1,27587,1,0,0,
train-track,,tuning,9,2.0,from_mention,randdir,1,2,1,27587,1,0,0,
train-track,,tuning,9,2.0,from_mention,randdir,2,2,1,27587,1,0,0,
train-track,,tuning,9,2.0,from_mention,randnorm,0,2,1,27587,1,0,0,
train-track,,tuning,9,2.0,from_mention,randnorm,1,2,1,27587,1,0,0,
train-track,,tuning,9,2.0,from_mention,randnorm,2,2,1,27587,1,0,0,
train-track,,tuning,9,2.0,answer_only,lens,-1,2,1,27587,1,0,0,
train-track,,tuning,9,2.0,answer_only,randdir,0,2,1,27587,1,0,0,
train-track,,tuning,9,2.0,answer_only,randdir,1,2,1,27587,1,0,0,
train-track,,tuning,9,2.0,answer_only,randdir,2,2,1,27587,1,0,0,
train-track,,tuning,9,2.0,answer_only,randnorm,0,2,1,27587,1,0,0,
train-track,,tuning,9,2.0,answer_only,randnorm,1,2,1,27587,1,0,0,
train-track,,tuning,9,2.0,answer_only,randnorm,2,2,1,27587,1,0,0,
train-track,,tuning,10,0.5,all_no_bos,lens,-1,2,1,27587,1,0,0,
train-track,,tuning,10,0.5,all_no_bos,randdir,0,2,1,27587,1,0,0,
train-track,,tuning,10,0.5,all_no_bos,randdir,1,2,1,27587,1,0,0,
train-track,,tuning,10,0.5,all_no_bos,randdir,2,2,1,27587,1,0,0,
train-track,,tuning,10,0.5,all_no_bos,randnorm,0,2,1,27587,1,0,0,
train-track,,tuning,10,0.5,all_no_bos,randnorm,1,2,1,27587,1,0,0,
train-track,,tuning,10,0.5,all_no_bos,randnorm,2,2,1,27587,1,0,0,
train-track,,tuning,10,0.5,from_mention,lens,-1,2,1,27587,1,0,0,
train-track,,tuning,10,0.5,from_mention,randdir,0,2,1,27587,1,0,0,
train-track,,tuning,10,0.5,from_mention,randdir,1,2,1,27587,1,0,0,
train-track,,tuning,10,0.5,from_mention,randdir,2,2,1,27587,1,0,0,
train-track,,tuning,10,0.5,from_mention,randnorm,0,2,1,27587,1,0,0,
train-track,,tuning,10,0.5,from_mention,randnorm,1,2,1,27587,1,0,0,
train-track,,tuning,10,0.5,from_mention,randnorm,2,2,1,27587,1,0,0,
train-track,,tuning,10,0.5,answer_only,lens,-1,2,1,27587,1,0,0,
train-track,,tuning,10,0.5,answer_only,randdir,0,2,1,27587,1,0,0,
train-track,,tuning,10,0.5,answer_only,randdir,1,2,1,27587,1,0,0,
train-track,,tuning,10,0.5,answer_only,randdir,2,2,1,27587,1,0,0,
train-track,,tuning,10,0.5,answer_only,randnorm,0,2,1,27587,1,0,0,
train-track,,tuning,10,0.5,answer_only,randnorm,1,2,1,27587,1,0,0,
train-track,,tuning,10,0.5,answer_only,randnorm,2,2,1,27587,1,0,0,
train-track,,tuning,10,1.0,all_no_bos,lens,-1,2,1,27587,1,0,0,
train-track,,tuning,10,1.0,all_no_bos,randdir,0,2,1,27587,1,0,0,
train-track,,tuning,10,1.0,all_no_bos,randdir,1,2,1,27587,1,0,0,
train-track,,tuning,10,1.0,all_no_bos,randdir,2,2,1,27587,1,0,0,
train-track,,tuning,10,1.0,all_no_bos,randnorm,0,2,1,27587,1,0,0,
train-track,,tuning,10,1.0,all_no_bos,randnorm,1,2,1,27587,1,0,0,
train-track,,tuning,10,1.0,all_no_bos,randnorm,2,2,1,27587,1,0,0,
train-track,,tuning,10,1.0,from_mention,lens,-1,2,1,27587,1,0,0,
train-track,,tuning,10,1.0,from_mention,randdir,0,2,1,27587,1,0,0,
train-track,,tuning,10,1.0,from_mention,randdir,1,2,1,27587,1,0,0,
train-track,,tuning,10,1.0,from_mention,randdir,2,2,1,27587,1,0,0,
train-track,,tuning,10,1.0,from_mention,randnorm,0,2,1,27587,1,0,0,
train-track,,tuning,10,1.0,from_mention,randnorm,1,2,1,27587,1,0,0,
train-track,,tuning,10,1.0,from_mention,randnorm,2,2,1,27587,1,0,0,
train-track,,tuning,10,1.0,answer_only,lens,-1,2,1,27587,1,0,0,
train-track,,tuning,10,1.0,answer_only,randdir,0,2,1,27587,1,0,0,
train-track,,tuning,10,1.0,answer_only,randdir,1,2,1,27587,1,0,0,
train-track,,tuning,10,1.0,answer_only,randdir,2,2,1,27587,1,0,0,
train-track,,tuning,10,1.0,answer_only,randnorm,0,2,1,27587,1,0,0,
train-track,,tuning,10,1.0,answer_only,randnorm,1,2,1,27587,1,0,0,
train-track,,tuning,10,1.0,answer_only,randnorm,2,2,1,27587,1,0,0,
train-track,,tuning,10,2.0,all_no_bos,lens,-1,2,1,27587,1,0,0,
train-track,,tuning,10,2.0,all_no_bos,randdir,0,2,1,27587,1,0,0,
train-track,,tuning,10,2.0,all_no_bos,randdir,1,2,1,27587,1,0,0,
train-track,,tuning,10,2.0,all_no_bos,randdir,2,2,1,27587,1,0,0,
train-track,,tuning,10,2.0,all_no_bos,randnorm,0,2,1,27587,1,0,0,
train-track,,tuning,10,2.0,all_no_bos,randnorm,1,1,2,1660,1,1,1,
train-track,,tuning,10,2.0,all_no_bos,randnorm,2,2,1,27587,1,0,0,
train-track,,tuning,10,2.0,from_mention,lens,-1,2,1,27587,1,0,0,
train-track,,tuning,10,2.0,from_mention,randdir,0,2,1,27587,1,0,0,
train-track,,tuning,10,2.0,from_mention,randdir,1,2,1,27587,1,0,0,
train-track,,tuning,10,2.0,from_mention,randdir,2,2,1,27587,1,0,0,
train-track,,tuning,10,2.0,from_mention,randnorm,0,2,1,27587,1,0,0,
train-track,,tuning,10,2.0,from_mention,randnorm,1,1,2,1660,1,1,1,
train-track,,tuning,10,2.0,from_mention,randnorm,2,2,1,27587,1,0,0,
train-track,,tuning,10,2.0,answer_only,lens,-1,2,1,27587,1,0,0,
train-track,,tuning,10,2.0,answer_only,randdir,0,2,1,27587,1,0,0,
train-track,,tuning,10,2.0,answer_only,randdir,1,2,1,27587,1,0,0,
train-track,,tuning,10,2.0,answer_only,randdir,2,2,1,27587,1,0,0,
train-track,,tuning,10,2.0,answer_only,randnorm,0,2,1,27587,1,0,0,
train-track,,tuning,10,2.0,answer_only,randnorm,1,2,1,27587,1,0,0,
train-track,,tuning,10,2.0,answer_only,randnorm,2,2,1,27587,1,0,0,
train-track,,tuning,5-6,0.5,all_no_bos,lens,-1,1,2,1660,1,1,1,
train-track,,tuning,5-6,0.5,all_no_bos,randdir,0,2,1,27587,1,0,0,
train-track,,tuning,5-6,0.5,all_no_bos,randdir,1,2,1,27587,1,0,0,
train-track,,tuning,5-6,0.5,all_no_bos,randdir,2,2,1,27587,1,0,0,
train-track,,tuning,5-6,0.5,all_no_bos,randnorm,0,1,2,1660,1,1,1,
train-track,,tuning,5-6,0.5,all_no_bos,randnorm,1,1,2,1660,1,1,1,
train-track,,tuning,5-6,0.5,all_no_bos,randnorm,2,2,1,27587,1,0,0,
train-track,,tuning,5-6,0.5,from_mention,lens,-1,1,2,1660,1,1,1,
train-track,,tuning,5-6,0.5,from_mention,randdir,0,2,1,27587,1,0,0,
train-track,,tuning,5-6,0.5,from_mention,randdir,1,2,1,27587,1,0,0,
train-track,,tuning,5-6,0.5,from_mention,randdir,2,2,1,27587,1,0,0,
train-track,,tuning,5-6,0.5,from_mention,randnorm,0,1,2,1660,1,1,1,
train-track,,tuning,5-6,0.5,from_mention,randnorm,1,1,2,1660,1,1,1,
train-track,,tuning,5-6,0.5,from_mention,randnorm,2,2,1,27587,1,0,0,
train-track,,tuning,5-6,0.5,answer_only,lens,-1,2,1,27587,1,0,0,
train-track,,tuning,5-6,0.5,answer_only,randdir,0,2,1,27587,1,0,0,
train-track,,tuning,5-6,0.5,answer_only,randdir,1,2,1,27587,1,0,0,
train-track,,tuning,5-6,0.5,answer_only,randdir,2,2,1,27587,1,0,0,
train-track,,tuning,5-6,0.5,answer_only,randnorm,0,2,1,27587,1,0,0,
train-track,,tuning,5-6,0.5,answer_only,randnorm,1,2,1,27587,1,0,0,
train-track,,tuning,5-6,0.5,answer_only,randnorm,2,2,1,27587,1,0,0,
train-track,,tuning,5-6,1.0,all_no_bos,lens,-1,2,1,27587,1,0,0,
train-track,,tuning,5-6,1.0,all_no_bos,randdir,0,2,1,27587,1,0,0,
train-track,,tuning,5-6,1.0,all_no_bos,randdir,1,2,1,27587,1,0,0,
train-track,,tuning,5-6,1.0,all_no_bos,randdir,2,2,1,27587,1,0,0,
train-track,,tuning,5-6,1.0,all_no_bos,randnorm,0,1,3,1660,1,1,1,
train-track,,tuning,5-6,1.0,all_no_bos,randnorm,1,1,2,1660,1,1,1,
train-track,,tuning,5-6,1.0,all_no_bos,randnorm,2,1,2,1660,1,1,1,
train-track,,tuning,5-6,1.0,from_mention,lens,-1,2,1,27587,1,0,0,
train-track,,tuning,5-6,1.0,from_mention,randdir,0,2,1,27587,1,0,0,
train-track,,tuning,5-6,1.0,from_mention,randdir,1,2,1,27587,1,0,0,
train-track,,tuning,5-6,1.0,from_mention,randdir,2,2,1,27587,1,0,0,
train-track,,tuning,5-6,1.0,from_mention,randnorm,0,1,3,1660,1,1,1,
train-track,,tuning,5-6,1.0,from_mention,randnorm,1,1,2,1660,1,1,1,
train-track,,tuning,5-6,1.0,from_mention,randnorm,2,1,2,1660,1,1,1,
train-track,,tuning,5-6,1.0,answer_only,lens,-1,2,1,27587,1,0,0,
train-track,,tuning,5-6,1.0,answer_only,randdir,0,2,1,27587,1,0,0,
train-track,,tuning,5-6,1.0,answer_only,randdir,1,2,1,27587,1,0,0,
train-track,,tuning,5-6,1.0,answer_only,randdir,2,2,1,27587,1,0,0,
train-track,,tuning,5-6,1.0,answer_only,randnorm,0,2,1,27587,1,0,0,
train-track,,tuning,5-6,1.0,answer_only,randnorm,1,2,1,27587,1,0,0,
train-track,,tuning,5-6,1.0,answer_only,randnorm,2,2,1,27587,1,0,0,
train-track,,tuning,5-6,2.0,all_no_bos,lens,-1,6,81,262,0,0,1,
train-track,,tuning,5-6,2.0,all_no_bos,randdir,0,1,2,1660,1,1,1,
train-track,,tuning,5-6,2.0,all_no_bos,randdir,1,1,2,1660,1,1,1,
train-track,,tuning,5-6,2.0,all_no_bos,randdir,2,2,1,27587,1,0,0,
train-track,,tuning,5-6,2.0,all_no_bos,randnorm,0,2,5,257,1,0,1,
train-track,,tuning,5-6,2.0,all_no_bos,randnorm,1,1,5,1660,1,1,1,
train-track,,tuning,5-6,2.0,all_no_bos,randnorm,2,2,4,262,1,0,1,
train-track,,tuning,5-6,2.0,from_mention,lens,-1,6,81,262,0,0,1,
train-track,,tuning,5-6,2.0,from_mention,randdir,0,1,2,1660,1,1,1,
train-track,,tuning,5-6,2.0,from_mention,randdir,1,1,2,1660,1,1,1,
train-track,,tuning,5-6,2.0,from_mention,randdir,2,2,1,27587,1,0,0,
train-track,,tuning,5-6,2.0,from_mention,randnorm,0,2,5,257,1,0,1,
train-track,,tuning,5-6,2.0,from_mention,randnorm,1,1,5,1660,1,1,1,
train-track,,tuning,5-6,2.0,from_mention,randnorm,2,2,4,262,1,0,1,
train-track,,tuning,5-6,2.0,answer_only,lens,-1,2,1,27587,1,0,0,
train-track,,tuning,5-6,2.0,answer_only,randdir,0,2,1,27587,1,0,0,
train-track,,tuning,5-6,2.0,answer_only,randdir,1,2,1,27587,1,0,0,
train-track,,tuning,5-6,2.0,answer_only,randdir,2,2,1,27587,1,0,0,
train-track,,tuning,5-6,2.0,answer_only,randnorm,0,2,1,27587,1,0,0,
train-track,,tuning,5-6,2.0,answer_only,randnorm,1,2,1,27587,1,0,0,
train-track,,tuning,5-6,2.0,answer_only,randnorm,2,2,1,27587,1,0,0,
train-track,,tuning,6-7,0.5,all_no_bos,lens,-1,1,2,1660,1,1,1,
train-track,,tuning,6-7,0.5,all_no_bos,randdir,0,2,1,27587,1,0,0,
train-track,,tuning,6-7,0.5,all_no_bos,randdir,1,2,1,27587,1,0,0,
train-track,,tuning,6-7,0.5,all_no_bos,randdir,2,2,1,27587,1,0,0,
train-track,,tuning,6-7,0.5,all_no_bos,randnorm,0,2,1,27587,1,0,0,
train-track,,tuning,6-7,0.5,all_no_bos,randnorm,1,2,1,27587,1,0,0,
train-track,,tuning,6-7,0.5,all_no_bos,randnorm,2,2,1,27587,1,0,0,
train-track,,tuning,6-7,0.5,from_mention,lens,-1,1,2,1660,1,1,1,
train-track,,tuning,6-7,0.5,from_mention,randdir,0,2,1,27587,1,0,0,
train-track,,tuning,6-7,0.5,from_mention,randdir,1,2,1,27587,1,0,0,
train-track,,tuning,6-7,0.5,from_mention,randdir,2,2,1,27587,1,0,0,
train-track,,tuning,6-7,0.5,from_mention,randnorm,0,2,1,27587,1,0,0,
train-track,,tuning,6-7,0.5,from_mention,randnorm,1,2,1,27587,1,0,0,
train-track,,tuning,6-7,0.5,from_mention,randnorm,2,2,1,27587,1,0,0,
train-track,,tuning,6-7,0.5,answer_only,lens,-1,2,1,27587,1,0,0,
train-track,,tuning,6-7,0.5,answer_only,randdir,0,2,1,27587,1,0,0,
train-track,,tuning,6-7,0.5,answer_only,randdir,1,2,1,27587,1,0,0,
train-track,,tuning,6-7,0.5,answer_only,randdir,2,2,1,27587,1,0,0,
train-track,,tuning,6-7,0.5,answer_only,randnorm,0,2,1,27587,1,0,0,
train-track,,tuning,6-7,0.5,answer_only,randnorm,1,2,1,27587,1,0,0,
train-track,,tuning,6-7,0.5,answer_only,randnorm,2,2,1,27587,1,0,0,
train-track,,tuning,6-7,1.0,all_no_bos,lens,-1,2,1,27587,1,0,0,
train-track,,tuning,6-7,1.0,all_no_bos,randdir,0,2,1,27587,1,0,0,
train-track,,tuning,6-7,1.0,all_no_bos,randdir,1,2,1,27587,1,0,0,
train-track,,tuning,6-7,1.0,all_no_bos,randdir,2,2,1,27587,1,0,0,
train-track,,tuning,6-7,1.0,all_no_bos,randnorm,0,1,2,1660,1,1,1,
train-track,,tuning,6-7,1.0,all_no_bos,randnorm,1,2,1,27587,1,0,0,
train-track,,tuning,6-7,1.0,all_no_bos,randnorm,2,2,1,27587,1,0,0,
train-track,,tuning,6-7,1.0,from_mention,lens,-1,2,1,27587,1,0,0,
train-track,,tuning,6-7,1.0,from_mention,randdir,0,2,1,27587,1,0,0,
train-track,,tuning,6-7,1.0,from_mention,randdir,1,2,1,27587,1,0,0,
train-track,,tuning,6-7,1.0,from_mention,randdir,2,2,1,27587,1,0,0,
train-track,,tuning,6-7,1.0,from_mention,randnorm,0,1,2,1660,1,1,1,
train-track,,tuning,6-7,1.0,from_mention,randnorm,1,2,1,27587,1,0,0,
train-track,,tuning,6-7,1.0,from_mention,randnorm,2,2,1,27587,1,0,0,
train-track,,tuning,6-7,1.0,answer_only,lens,-1,2,1,27587,1,0,0,
train-track,,tuning,6-7,1.0,answer_only,randdir,0,2,1,27587,1,0,0,
train-track,,tuning,6-7,1.0,answer_only,randdir,1,2,1,27587,1,0,0,
train-track,,tuning,6-7,1.0,answer_only,randdir,2,2,1,27587,1,0,0,
train-track,,tuning,6-7,1.0,answer_only,randnorm,0,2,1,27587,1,0,0,
train-track,,tuning,6-7,1.0,answer_only,randnorm,1,2,1,27587,1,0,0,
train-track,,tuning,6-7,1.0,answer_only,randnorm,2,2,1,27587,1,0,0,
train-track,,tuning,6-7,2.0,all_no_bos,lens,-1,1,12,1660,1,1,1,
train-track,,tuning,6-7,2.0,all_no_bos,randdir,0,1,2,1660,1,1,1,
train-track,,tuning,6-7,2.0,all_no_bos,randdir,1,2,1,27587,1,0,0,
train-track,,tuning,6-7,2.0,all_no_bos,randdir,2,2,1,27587,1,0,0,
train-track,,tuning,6-7,2.0,all_no_bos,randnorm,0,1,3,1660,1,1,1,
train-track,,tuning,6-7,2.0,all_no_bos,randnorm,1,1,5,1660,1,1,1,
train-track,,tuning,6-7,2.0,all_no_bos,randnorm,2,1,2,1660,1,1,1,
train-track,,tuning,6-7,2.0,from_mention,lens,-1,1,12,1660,1,1,1,
train-track,,tuning,6-7,2.0,from_mention,randdir,0,1,2,1660,1,1,1,
train-track,,tuning,6-7,2.0,from_mention,randdir,1,2,1,27587,1,0,0,
train-track,,tuning,6-7,2.0,from_mention,randdir,2,2,1,27587,1,0,0,
train-track,,tuning,6-7,2.0,from_mention,randnorm,0,1,3,1660,1,1,1,
train-track,,tuning,6-7,2.0,from_mention,randnorm,1,1,5,1660,1,1,1,
train-track,,tuning,6-7,2.0,from_mention,randnorm,2,1,2,1660,1,1,1,
train-track,,tuning,6-7,2.0,answer_only,lens,-1,2,1,27587,1,0,0,
train-track,,tuning,6-7,2.0,answer_only,randdir,0,2,1,27587,1,0,0,
train-track,,tuning,6-7,2.0,answer_only,randdir,1,2,1,27587,1,0,0,
train-track,,tuning,6-7,2.0,answer_only,randdir,2,2,1,27587,1,0,0,
train-track,,tuning,6-7,2.0,answer_only,randnorm,0,2,1,27587,1,0,0,
train-track,,tuning,6-7,2.0,answer_only,randnorm,1,2,1,27587,1,0,0,
train-track,,tuning,6-7,2.0,answer_only,randnorm,2,2,1,27587,1,0,0,
train-track,,tuning,7-8,0.5,all_no_bos,lens,-1,1,2,1660,1,1,1,
train-track,,tuning,7-8,0.5,all_no_bos,randdir,0,2,1,27587,1,0,0,
train-track,,tuning,7-8,0.5,all_no_bos,randdir,1,2,1,27587,1,0,0,
train-track,,tuning,7-8,0.5,all_no_bos,randdir,2,2,1,27587,1,0,0,
train-track,,tuning,7-8,0.5,all_no_bos,randnorm,0,2,1,27587,1,0,0,
train-track,,tuning,7-8,0.5,all_no_bos,randnorm,1,2,1,27587,1,0,0,
train-track,,tuning,7-8,0.5,all_no_bos,randnorm,2,2,1,27587,1,0,0,
train-track,,tuning,7-8,0.5,from_mention,lens,-1,1,2,1660,1,1,1,
train-track,,tuning,7-8,0.5,from_mention,randdir,0,2,1,27587,1,0,0,
train-track,,tuning,7-8,0.5,from_mention,randdir,1,2,1,27587,1,0,0,
train-track,,tuning,7-8,0.5,from_mention,randdir,2,2,1,27587,1,0,0,
train-track,,tuning,7-8,0.5,from_mention,randnorm,0,2,1,27587,1,0,0,
train-track,,tuning,7-8,0.5,from_mention,randnorm,1,2,1,27587,1,0,0,
train-track,,tuning,7-8,0.5,from_mention,randnorm,2,2,1,27587,1,0,0,
train-track,,tuning,7-8,0.5,answer_only,lens,-1,2,1,27587,1,0,0,
train-track,,tuning,7-8,0.5,answer_only,randdir,0,2,1,27587,1,0,0,
train-track,,tuning,7-8,0.5,answer_only,randdir,1,2,1,27587,1,0,0,
train-track,,tuning,7-8,0.5,answer_only,randdir,2,2,1,27587,1,0,0,
train-track,,tuning,7-8,0.5,answer_only,randnorm,0,2,1,27587,1,0,0,
train-track,,tuning,7-8,0.5,answer_only,randnorm,1,2,1,27587,1,0,0,
train-track,,tuning,7-8,0.5,answer_only,randnorm,2,2,1,27587,1,0,0,
train-track,,tuning,7-8,1.0,all_no_bos,lens,-1,2,1,27587,1,0,0,
train-track,,tuning,7-8,1.0,all_no_bos,randdir,0,2,1,27587,1,0,0,
train-track,,tuning,7-8,1.0,all_no_bos,randdir,1,2,1,27587,1,0,0,
train-track,,tuning,7-8,1.0,all_no_bos,randdir,2,2,1,27587,1,0,0,
train-track,,tuning,7-8,1.0,all_no_bos,randnorm,0,2,1,27587,1,0,0,
train-track,,tuning,7-8,1.0,all_no_bos,randnorm,1,2,1,27587,1,0,0,
train-track,,tuning,7-8,1.0,all_no_bos,randnorm,2,2,1,27587,1,0,0,
train-track,,tuning,7-8,1.0,from_mention,lens,-1,2,1,27587,1,0,0,
train-track,,tuning,7-8,1.0,from_mention,randdir,0,2,1,27587,1,0,0,
train-track,,tuning,7-8,1.0,from_mention,randdir,1,2,1,27587,1,0,0,
train-track,,tuning,7-8,1.0,from_mention,randdir,2,2,1,27587,1,0,0,
train-track,,tuning,7-8,1.0,from_mention,randnorm,0,2,1,27587,1,0,0,
train-track,,tuning,7-8,1.0,from_mention,randnorm,1,2,1,27587,1,0,0,
train-track,,tuning,7-8,1.0,from_mention,randnorm,2,2,1,27587,1,0,0,
train-track,,tuning,7-8,1.0,answer_only,lens,-1,2,1,27587,1,0,0,
train-track,,tuning,7-8,1.0,answer_only,randdir,0,2,1,27587,1,0,0,
train-track,,tuning,7-8,1.0,answer_only,randdir,1,2,1,27587,1,0,0,
train-track,,tuning,7-8,1.0,answer_only,randdir,2,2,1,27587,1,0,0,
train-track,,tuning,7-8,1.0,answer_only,randnorm,0,2,1,27587,1,0,0,
train-track,,tuning,7-8,1.0,answer_only,randnorm,1,2,1,27587,1,0,0,
train-track,,tuning,7-8,1.0,answer_only,randnorm,2,2,1,27587,1,0,0,
train-track,,tuning,7-8,2.0,all_no_bos,lens,-1,5,8,4512,1,0,1,
train-track,,tuning,7-8,2.0,all_no_bos,randdir,0,2,1,27587,1,0,0,
train-track,,tuning,7-8,2.0,all_no_bos,randdir,1,2,1,27587,1,0,0,
train-track,,tuning,7-8,2.0,all_no_bos,randdir,2,2,1,27587,1,0,0,
train-track,,tuning,7-8,2.0,all_no_bos,randnorm,0,1,3,1660,1,1,1,
train-track,,tuning,7-8,2.0,all_no_bos,randnorm,1,3,4,262,1,0,1,
train-track,,tuning,7-8,2.0,all_no_bos,randnorm,2,1,2,1660,1,1,1,
train-track,,tuning,7-8,2.0,from_mention,lens,-1,5,8,4512,1,0,1,
train-track,,tuning,7-8,2.0,from_mention,randdir,0,2,1,27587,1,0,0,
train-track,,tuning,7-8,2.0,from_mention,randdir,1,2,1,27587,1,0,0,
train-track,,tuning,7-8,2.0,from_mention,randdir,2,2,1,27587,1,0,0,
train-track,,tuning,7-8,2.0,from_mention,randnorm,0,1,3,1660,1,1,1,
train-track,,tuning,7-8,2.0,from_mention,randnorm,1,3,4,262,1,0,1,
train-track,,tuning,7-8,2.0,from_mention,randnorm,2,1,2,1660,1,1,1,
train-track,,tuning,7-8,2.0,answer_only,lens,-1,2,1,27587,1,0,0,
train-track,,tuning,7-8,2.0,answer_only,randdir,0,2,1,27587,1,0,0,
train-track,,tuning,7-8,2.0,answer_only,randdir,1,2,1,27587,1,0,0,
train-track,,tuning,7-8,2.0,answer_only,randdir,2,2,1,27587,1,0,0,
train-track,,tuning,7-8,2.0,answer_only,randnorm,0,2,1,27587,1,0,0,
train-track,,tuning,7-8,2.0,answer_only,randnorm,1,2,1,27587,1,0,0,
train-track,,tuning,7-8,2.0,answer_only,randnorm,2,1,2,1660,1,1,1,
train-track,,tuning,8-9,0.5,all_no_bos,lens,-1,1,2,1660,1,1,1,
train-track,,tuning,8-9,0.5,all_no_bos,randdir,0,2,1,27587,1,0,0,
train-track,,tuning,8-9,0.5,all_no_bos,randdir,1,2,1,27587,1,0,0,
train-track,,tuning,8-9,0.5,all_no_bos,randdir,2,2,1,27587,1,0,0,
train-track,,tuning,8-9,0.5,all_no_bos,randnorm,0,2,1,27587,1,0,0,
train-track,,tuning,8-9,0.5,all_no_bos,randnorm,1,2,1,27587,1,0,0,
train-track,,tuning,8-9,0.5,all_no_bos,randnorm,2,2,1,27587,1,0,0,
train-track,,tuning,8-9,0.5,from_mention,lens,-1,1,2,1660,1,1,1,
train-track,,tuning,8-9,0.5,from_mention,randdir,0,2,1,27587,1,0,0,
train-track,,tuning,8-9,0.5,from_mention,randdir,1,2,1,27587,1,0,0,
train-track,,tuning,8-9,0.5,from_mention,randdir,2,2,1,27587,1,0,0,
train-track,,tuning,8-9,0.5,from_mention,randnorm,0,2,1,27587,1,0,0,
train-track,,tuning,8-9,0.5,from_mention,randnorm,1,2,1,27587,1,0,0,
train-track,,tuning,8-9,0.5,from_mention,randnorm,2,2,1,27587,1,0,0,
train-track,,tuning,8-9,0.5,answer_only,lens,-1,2,1,27587,1,0,0,
train-track,,tuning,8-9,0.5,answer_only,randdir,0,2,1,27587,1,0,0,
train-track,,tuning,8-9,0.5,answer_only,randdir,1,2,1,27587,1,0,0,
train-track,,tuning,8-9,0.5,answer_only,randdir,2,2,1,27587,1,0,0,
train-track,,tuning,8-9,0.5,answer_only,randnorm,0,2,1,27587,1,0,0,
train-track,,tuning,8-9,0.5,answer_only,randnorm,1,2,1,27587,1,0,0,
train-track,,tuning,8-9,0.5,answer_only,randnorm,2,2,1,27587,1,0,0,
train-track,,tuning,8-9,1.0,all_no_bos,lens,-1,2,1,27587,1,0,0,
train-track,,tuning,8-9,1.0,all_no_bos,randdir,0,2,1,27587,1,0,0,
train-track,,tuning,8-9,1.0,all_no_bos,randdir,1,2,1,27587,1,0,0,
train-track,,tuning,8-9,1.0,all_no_bos,randdir,2,2,1,27587,1,0,0,
train-track,,tuning,8-9,1.0,all_no_bos,randnorm,0,2,1,27587,1,0,0,
train-track,,tuning,8-9,1.0,all_no_bos,randnorm,1,1,2,1660,1,1,1,
train-track,,tuning,8-9,1.0,all_no_bos,randnorm,2,2,1,27587,1,0,0,
train-track,,tuning,8-9,1.0,from_mention,lens,-1,2,1,27587,1,0,0,
train-track,,tuning,8-9,1.0,from_mention,randdir,0,2,1,27587,1,0,0,
train-track,,tuning,8-9,1.0,from_mention,randdir,1,2,1,27587,1,0,0,
train-track,,tuning,8-9,1.0,from_mention,randdir,2,2,1,27587,1,0,0,
train-track,,tuning,8-9,1.0,from_mention,randnorm,0,2,1,27587,1,0,0,
train-track,,tuning,8-9,1.0,from_mention,randnorm,1,1,2,1660,1,1,1,
train-track,,tuning,8-9,1.0,from_mention,randnorm,2,2,1,27587,1,0,0,
train-track,,tuning,8-9,1.0,answer_only,lens,-1,2,1,27587,1,0,0,
train-track,,tuning,8-9,1.0,answer_only,randdir,0,2,1,27587,1,0,0,
train-track,,tuning,8-9,1.0,answer_only,randdir,1,2,1,27587,1,0,0,
train-track,,tuning,8-9,1.0,answer_only,randdir,2,2,1,27587,1,0,0,
train-track,,tuning,8-9,1.0,answer_only,randnorm,0,2,1,27587,1,0,0,
train-track,,tuning,8-9,1.0,answer_only,randnorm,1,2,1,27587,1,0,0,
train-track,,tuning,8-9,1.0,answer_only,randnorm,2,2,1,27587,1,0,0,
train-track,,tuning,8-9,2.0,all_no_bos,lens,-1,4,5,4512,1,0,1,
train-track,,tuning,8-9,2.0,all_no_bos,randdir,0,2,1,27587,1,0,0,
train-track,,tuning,8-9,2.0,all_no_bos,randdir,1,2,1,27587,1,0,0,
train-track,,tuning,8-9,2.0,all_no_bos,randdir,2,2,1,27587,1,0,0,
train-track,,tuning,8-9,2.0,all_no_bos,randnorm,0,2,1,27587,1,0,0,
train-track,,tuning,8-9,2.0,all_no_bos,randnorm,1,1,4,1660,1,1,1,
train-track,,tuning,8-9,2.0,all_no_bos,randnorm,2,1,2,1660,1,1,1,
train-track,,tuning,8-9,2.0,from_mention,lens,-1,4,5,4512,1,0,1,
train-track,,tuning,8-9,2.0,from_mention,randdir,0,2,1,27587,1,0,0,
train-track,,tuning,8-9,2.0,from_mention,randdir,1,2,1,27587,1,0,0,
train-track,,tuning,8-9,2.0,from_mention,randdir,2,2,1,27587,1,0,0,
train-track,,tuning,8-9,2.0,from_mention,randnorm,0,2,1,27587,1,0,0,
train-track,,tuning,8-9,2.0,from_mention,randnorm,1,1,4,1660,1,1,1,
train-track,,tuning,8-9,2.0,from_mention,randnorm,2,1,2,1660,1,1,1,
train-track,,tuning,8-9,2.0,answer_only,lens,-1,1,2,1660,1,1,1,
train-track,,tuning,8-9,2.0,answer_only,randdir,0,2,1,27587,1,0,0,
train-track,,tuning,8-9,2.0,answer_only,randdir,1,2,1,27587,1,0,0,
train-track,,tuning,8-9,2.0,answer_only,randdir,2,2,1,27587,1,0,0,
train-track,,tuning,8-9,2.0,answer_only,randnorm,0,2,1,27587,1,0,0,
train-track,,tuning,8-9,2.0,answer_only,randnorm,1,2,1,27587,1,0,0,
train-track,,tuning,8-9,2.0,answer_only,randnorm,2,1,2,1660,1,1,1,
train-track,,tuning,6-7-8,0.5,all_no_bos,lens,-1,1,2,1660,1,1,1,
train-track,,tuning,6-7-8,0.5,all_no_bos,randdir,0,2,1,27587,1,0,0,
train-track,,tuning,6-7-8,0.5,all_no_bos,randdir,1,2,1,27587,1,0,0,
train-track,,tuning,6-7-8,0.5,all_no_bos,randdir,2,2,1,27587,1,0,0,
train-track,,tuning,6-7-8,0.5,all_no_bos,randnorm,0,2,1,27587,1,0,0,
train-track,,tuning,6-7-8,0.5,all_no_bos,randnorm,1,2,1,27587,1,0,0,
train-track,,tuning,6-7-8,0.5,all_no_bos,randnorm,2,2,1,27587,1,0,0,
train-track,,tuning,6-7-8,0.5,from_mention,lens,-1,1,2,1660,1,1,1,
train-track,,tuning,6-7-8,0.5,from_mention,randdir,0,2,1,27587,1,0,0,
train-track,,tuning,6-7-8,0.5,from_mention,randdir,1,2,1,27587,1,0,0,
train-track,,tuning,6-7-8,0.5,from_mention,randdir,2,2,1,27587,1,0,0,
train-track,,tuning,6-7-8,0.5,from_mention,randnorm,0,2,1,27587,1,0,0,
train-track,,tuning,6-7-8,0.5,from_mention,randnorm,1,2,1,27587,1,0,0,
train-track,,tuning,6-7-8,0.5,from_mention,randnorm,2,2,1,27587,1,0,0,
train-track,,tuning,6-7-8,0.5,answer_only,lens,-1,2,1,27587,1,0,0,
train-track,,tuning,6-7-8,0.5,answer_only,randdir,0,2,1,27587,1,0,0,
train-track,,tuning,6-7-8,0.5,answer_only,randdir,1,2,1,27587,1,0,0,
train-track,,tuning,6-7-8,0.5,answer_only,randdir,2,2,1,27587,1,0,0,
train-track,,tuning,6-7-8,0.5,answer_only,randnorm,0,2,1,27587,1,0,0,
train-track,,tuning,6-7-8,0.5,answer_only,randnorm,1,2,1,27587,1,0,0,
train-track,,tuning,6-7-8,0.5,answer_only,randnorm,2,2,1,27587,1,0,0,
train-track,,tuning,6-7-8,1.0,all_no_bos,lens,-1,1,2,1660,1,1,1,
train-track,,tuning,6-7-8,1.0,all_no_bos,randdir,0,2,1,27587,1,0,0,
train-track,,tuning,6-7-8,1.0,all_no_bos,randdir,1,2,1,27587,1,0,0,
train-track,,tuning,6-7-8,1.0,all_no_bos,randdir,2,2,1,27587,1,0,0,
train-track,,tuning,6-7-8,1.0,all_no_bos,randnorm,0,1,2,1660,1,1,1,
train-track,,tuning,6-7-8,1.0,all_no_bos,randnorm,1,1,3,1660,1,1,1,
train-track,,tuning,6-7-8,1.0,all_no_bos,randnorm,2,2,1,27587,1,0,0,
train-track,,tuning,6-7-8,1.0,from_mention,lens,-1,1,2,1660,1,1,1,
train-track,,tuning,6-7-8,1.0,from_mention,randdir,0,2,1,27587,1,0,0,
train-track,,tuning,6-7-8,1.0,from_mention,randdir,1,2,1,27587,1,0,0,
train-track,,tuning,6-7-8,1.0,from_mention,randdir,2,2,1,27587,1,0,0,
train-track,,tuning,6-7-8,1.0,from_mention,randnorm,0,1,2,1660,1,1,1,
train-track,,tuning,6-7-8,1.0,from_mention,randnorm,1,1,3,1660,1,1,1,
train-track,,tuning,6-7-8,1.0,from_mention,randnorm,2,2,1,27587,1,0,0,
train-track,,tuning,6-7-8,1.0,answer_only,lens,-1,2,1,27587,1,0,0,
train-track,,tuning,6-7-8,1.0,answer_only,randdir,0,2,1,27587,1,0,0,
train-track,,tuning,6-7-8,1.0,answer_only,randdir,1,2,1,27587,1,0,0,
train-track,,tuning,6-7-8,1.0,answer_only,randdir,2,2,1,27587,1,0,0,
train-track,,tuning,6-7-8,1.0,answer_only,randnorm,0,2,1,27587,1,0,0,
train-track,,tuning,6-7-8,1.0,answer_only,randnorm,1,2,1,27587,1,0,0,
train-track,,tuning,6-7-8,1.0,answer_only,randnorm,2,2,1,27587,1,0,0,
train-track,,tuning,6-7-8,2.0,all_no_bos,lens,-1,35,898,257,0,0,1,
train-track,,tuning,6-7-8,2.0,all_no_bos,randdir,0,2,1,27587,1,0,0,
train-track,,tuning,6-7-8,2.0,all_no_bos,randdir,1,1,2,1660,1,1,1,
train-track,,tuning,6-7-8,2.0,all_no_bos,randdir,2,2,1,27587,1,0,0,
train-track,,tuning,6-7-8,2.0,all_no_bos,randnorm,0,1,5,1660,1,1,1,
train-track,,tuning,6-7-8,2.0,all_no_bos,randnorm,1,3,10,262,1,0,1,
train-track,,tuning,6-7-8,2.0,all_no_bos,randnorm,2,1,3,1660,1,1,1,
train-track,,tuning,6-7-8,2.0,from_mention,lens,-1,35,898,257,0,0,1,
train-track,,tuning,6-7-8,2.0,from_mention,randdir,0,2,1,27587,1,0,0,
train-track,,tuning,6-7-8,2.0,from_mention,randdir,1,1,2,1660,1,1,1,
train-track,,tuning,6-7-8,2.0,from_mention,randdir,2,2,1,27587,1,0,0,
train-track,,tuning,6-7-8,2.0,from_mention,randnorm,0,1,5,1660,1,1,1,
train-track,,tuning,6-7-8,2.0,from_mention,randnorm,1,3,10,262,1,0,1,
train-track,,tuning,6-7-8,2.0,from_mention,randnorm,2,1,3,1660,1,1,1,
train-track,,tuning,6-7-8,2.0,answer_only,lens,-1,26,2200,257,0,0,1,
train-track,,tuning,6-7-8,2.0,answer_only,randdir,0,2,1,27587,1,0,0,
train-track,,tuning,6-7-8,2.0,answer_only,randdir,1,2,1,27587,1,0,0,
train-track,,tuning,6-7-8,2.0,answer_only,randdir,2,2,1,27587,1,0,0,
train-track,,tuning,6-7-8,2.0,answer_only,randnorm,0,2,1,27587,1,0,0,
train-track,,tuning,6-7-8,2.0,answer_only,randnorm,1,2,1,27587,1,0,0,
train-track,,tuning,6-7-8,2.0,answer_only,randnorm,2,1,2,1660,1,1,1,
train-track,,tuning,7-8-9,0.5,all_no_bos,lens,-1,1,2,1660,1,1,1,
train-track,,tuning,7-8-9,0.5,all_no_bos,randdir,0,2,1,27587,1,0,0,
train-track,,tuning,7-8-9,0.5,all_no_bos,randdir,1,2,1,27587,1,0,0,
train-track,,tuning,7-8-9,0.5,all_no_bos,randdir,2,2,1,27587,1,0,0,
train-track,,tuning,7-8-9,0.5,all_no_bos,randnorm,0,2,1,27587,1,0,0,
train-track,,tuning,7-8-9,0.5,all_no_bos,randnorm,1,2,1,27587,1,0,0,
train-track,,tuning,7-8-9,0.5,all_no_bos,randnorm,2,2,1,27587,1,0,0,
train-track,,tuning,7-8-9,0.5,from_mention,lens,-1,1,2,1660,1,1,1,
train-track,,tuning,7-8-9,0.5,from_mention,randdir,0,2,1,27587,1,0,0,
train-track,,tuning,7-8-9,0.5,from_mention,randdir,1,2,1,27587,1,0,0,
train-track,,tuning,7-8-9,0.5,from_mention,randdir,2,2,1,27587,1,0,0,
train-track,,tuning,7-8-9,0.5,from_mention,randnorm,0,2,1,27587,1,0,0,
train-track,,tuning,7-8-9,0.5,from_mention,randnorm,1,2,1,27587,1,0,0,
train-track,,tuning,7-8-9,0.5,from_mention,randnorm,2,2,1,27587,1,0,0,
train-track,,tuning,7-8-9,0.5,answer_only,lens,-1,2,1,27587,1,0,0,
train-track,,tuning,7-8-9,0.5,answer_only,randdir,0,2,1,27587,1,0,0,
train-track,,tuning,7-8-9,0.5,answer_only,randdir,1,2,1,27587,1,0,0,
train-track,,tuning,7-8-9,0.5,answer_only,randdir,2,2,1,27587,1,0,0,
train-track,,tuning,7-8-9,0.5,answer_only,randnorm,0,2,1,27587,1,0,0,
train-track,,tuning,7-8-9,0.5,answer_only,randnorm,1,2,1,27587,1,0,0,
train-track,,tuning,7-8-9,0.5,answer_only,randnorm,2,2,1,27587,1,0,0,
train-track,,tuning,7-8-9,1.0,all_no_bos,lens,-1,1,2,1660,1,1,1,
train-track,,tuning,7-8-9,1.0,all_no_bos,randdir,0,2,1,27587,1,0,0,
train-track,,tuning,7-8-9,1.0,all_no_bos,randdir,1,2,1,27587,1,0,0,
train-track,,tuning,7-8-9,1.0,all_no_bos,randdir,2,2,1,27587,1,0,0,
train-track,,tuning,7-8-9,1.0,all_no_bos,randnorm,0,2,1,27587,1,0,0,
train-track,,tuning,7-8-9,1.0,all_no_bos,randnorm,1,2,1,27587,1,0,0,
train-track,,tuning,7-8-9,1.0,all_no_bos,randnorm,2,2,1,27587,1,0,0,
train-track,,tuning,7-8-9,1.0,from_mention,lens,-1,1,2,1660,1,1,1,
train-track,,tuning,7-8-9,1.0,from_mention,randdir,0,2,1,27587,1,0,0,
train-track,,tuning,7-8-9,1.0,from_mention,randdir,1,2,1,27587,1,0,0,
train-track,,tuning,7-8-9,1.0,from_mention,randdir,2,2,1,27587,1,0,0,
train-track,,tuning,7-8-9,1.0,from_mention,randnorm,0,2,1,27587,1,0,0,
train-track,,tuning,7-8-9,1.0,from_mention,randnorm,1,2,1,27587,1,0,0,
train-track,,tuning,7-8-9,1.0,from_mention,randnorm,2,2,1,27587,1,0,0,
train-track,,tuning,7-8-9,1.0,answer_only,lens,-1,2,1,27587,1,0,0,
train-track,,tuning,7-8-9,1.0,answer_only,randdir,0,2,1,27587,1,0,0,
train-track,,tuning,7-8-9,1.0,answer_only,randdir,1,2,1,27587,1,0,0,
train-track,,tuning,7-8-9,1.0,answer_only,randdir,2,2,1,27587,1,0,0,
train-track,,tuning,7-8-9,1.0,answer_only,randnorm,0,2,1,27587,1,0,0,
train-track,,tuning,7-8-9,1.0,answer_only,randnorm,1,2,1,27587,1,0,0,
train-track,,tuning,7-8-9,1.0,answer_only,randnorm,2,2,1,27587,1,0,0,
train-track,,tuning,7-8-9,2.0,all_no_bos,lens,-1,21,10671,8848,0,0,1,
train-track,,tuning,7-8-9,2.0,all_no_bos,randdir,0,2,1,27587,1,0,0,
train-track,,tuning,7-8-9,2.0,all_no_bos,randdir,1,3,1,27587,1,0,0,
train-track,,tuning,7-8-9,2.0,all_no_bos,randdir,2,2,1,27587,1,0,0,
train-track,,tuning,7-8-9,2.0,all_no_bos,randnorm,0,1,3,1660,1,1,1,
train-track,,tuning,7-8-9,2.0,all_no_bos,randnorm,1,4,2,262,1,0,0,
train-track,,tuning,7-8-9,2.0,all_no_bos,randnorm,2,1,2,1660,1,1,1,
train-track,,tuning,7-8-9,2.0,from_mention,lens,-1,21,10671,8848,0,0,1,
train-track,,tuning,7-8-9,2.0,from_mention,randdir,0,2,1,27587,1,0,0,
train-track,,tuning,7-8-9,2.0,from_mention,randdir,1,3,1,27587,1,0,0,
train-track,,tuning,7-8-9,2.0,from_mention,randdir,2,2,1,27587,1,0,0,
train-track,,tuning,7-8-9,2.0,from_mention,randnorm,0,1,3,1660,1,1,1,
train-track,,tuning,7-8-9,2.0,from_mention,randnorm,1,4,2,262,1,0,0,
train-track,,tuning,7-8-9,2.0,from_mention,randnorm,2,1,2,1660,1,1,1,
train-track,,tuning,7-8-9,2.0,answer_only,lens,-1,6,1507,8848,0,0,1,
train-track,,tuning,7-8-9,2.0,answer_only,randdir,0,2,1,27587,1,0,0,
train-track,,tuning,7-8-9,2.0,answer_only,randdir,1,2,1,27587,1,0,0,
train-track,,tuning,7-8-9,2.0,answer_only,randdir,2,2,1,27587,1,0,0,
train-track,,tuning,7-8-9,2.0,answer_only,randnorm,0,2,1,27587,1,0,0,
train-track,,tuning,7-8-9,2.0,answer_only,randnorm,1,2,1,27587,1,0,0,
train-track,,tuning,7-8-9,2.0,answer_only,randnorm,2,1,2,1660,1,1,1,
wood-float,,heldout,3,0.5,all_no_bos,lens,-1,13,2,4485,0,0,0,
wood-float,,heldout,3,0.5,all_no_bos,randdir,0,14,1,12178,0,0,0,
wood-float,,heldout,3,0.5,all_no_bos,randdir,1,11,1,12178,0,0,0,
wood-float,,heldout,3,0.5,all_no_bos,randdir,2,14,2,4485,0,0,0,
wood-float,,heldout,3,0.5,all_no_bos,randnorm,0,12,1,12178,0,0,0,
wood-float,,heldout,3,0.5,all_no_bos,randnorm,1,8,2,4485,0,0,0,
wood-float,,heldout,3,0.5,all_no_bos,randnorm,2,18,1,12178,0,0,0,
wood-float,,heldout,3,0.5,from_mention,lens,-1,13,2,4485,0,0,0,
wood-float,,heldout,3,0.5,from_mention,randdir,0,14,1,12178,0,0,0,
wood-float,,heldout,3,0.5,from_mention,randdir,1,11,1,12178,0,0,0,
wood-float,,heldout,3,0.5,from_mention,randdir,2,14,2,4485,0,0,0,
wood-float,,heldout,3,0.5,from_mention,randnorm,0,12,1,12178,0,0,0,
wood-float,,heldout,3,0.5,from_mention,randnorm,1,8,2,4485,0,0,0,
wood-float,,heldout,3,0.5,from_mention,randnorm,2,18,1,12178,0,0,0,
wood-float,,heldout,3,0.5,answer_only,lens,-1,14,2,4485,0,0,0,
wood-float,,heldout,3,0.5,answer_only,randdir,0,14,2,4485,0,0,0,
wood-float,,heldout,3,0.5,answer_only,randdir,1,14,2,4485,0,0,0,
wood-float,,heldout,3,0.5,answer_only,randdir,2,14,2,4485,0,0,0,
wood-float,,heldout,3,0.5,answer_only,randnorm,0,14,2,4485,0,0,0,
wood-float,,heldout,3,0.5,answer_only,randnorm,1,14,2,4485,0,0,0,
wood-float,,heldout,3,0.5,answer_only,randnorm,2,14,2,4485,0,0,0,
wood-float,,heldout,3,1.0,all_no_bos,lens,-1,14,3,4485,0,0,0,
wood-float,,heldout,3,1.0,all_no_bos,randdir,0,13,1,12178,0,0,0,
wood-float,,heldout,3,1.0,all_no_bos,randdir,1,10,1,12178,0,0,0,
wood-float,,heldout,3,1.0,all_no_bos,randdir,2,15,2,4485,0,0,0,
wood-float,,heldout,3,1.0,all_no_bos,randnorm,0,7,1,12178,0,0,0,
wood-float,,heldout,3,1.0,all_no_bos,randnorm,1,5,1,12178,1,0,0,
wood-float,,heldout,3,1.0,all_no_bos,randnorm,2,14,1,12178,0,0,0,
wood-float,,heldout,3,1.0,from_mention,lens,-1,14,3,4485,0,0,0,
wood-float,,heldout,3,1.0,from_mention,randdir,0,13,1,12178,0,0,0,
wood-float,,heldout,3,1.0,from_mention,randdir,1,10,1,12178,0,0,0,
wood-float,,heldout,3,1.0,from_mention,randdir,2,15,2,4485,0,0,0,
wood-float,,heldout,3,1.0,from_mention,randnorm,0,7,1,12178,0,0,0,
wood-float,,heldout,3,1.0,from_mention,randnorm,1,5,1,12178,1,0,0,
wood-float,,heldout,3,1.0,from_mention,randnorm,2,14,1,12178,0,0,0,
wood-float,,heldout,3,1.0,answer_only,lens,-1,14,2,4485,0,0,0,
wood-float,,heldout,3,1.0,answer_only,randdir,0,14,2,4485,0,0,0,
wood-float,,heldout,3,1.0,answer_only,randdir,1,14,1,12178,0,0,0,
wood-float,,heldout,3,1.0,answer_only,randdir,2,14,2,4485,0,0,0,
wood-float,,heldout,3,1.0,answer_only,randnorm,0,13,1,12178,0,0,0,
wood-float,,heldout,3,1.0,answer_only,randnorm,1,13,1,12178,0,0,0,
wood-float,,heldout,3,1.0,answer_only,randnorm,2,14,2,4485,0,0,0,
wood-float,,heldout,3,2.0,all_no_bos,lens,-1,32,5,4485,0,0,0,
wood-float,,heldout,3,2.0,all_no_bos,randdir,0,12,1,12178,0,0,0,
wood-float,,heldout,3,2.0,all_no_bos,randdir,1,5,1,12178,1,0,0,
wood-float,,heldout,3,2.0,all_no_bos,randdir,2,18,1,12178,0,0,0,
wood-float,,heldout,3,2.0,all_no_bos,randnorm,0,4,1,12178,1,0,0,
wood-float,,heldout,3,2.0,all_no_bos,randnorm,1,2,1,12178,1,0,0,
wood-float,,heldout,3,2.0,all_no_bos,randnorm,2,4,2,307,1,0,0,
wood-float,,heldout,3,2.0,from_mention,lens,-1,32,5,4485,0,0,0,
wood-float,,heldout,3,2.0,from_mention,randdir,0,12,1,12178,0,0,0,
wood-float,,heldout,3,2.0,from_mention,randdir,1,5,1,12178,1,0,0,
wood-float,,heldout,3,2.0,from_mention,randdir,2,18,1,12178,0,0,0,
wood-float,,heldout,3,2.0,from_mention,randnorm,0,4,1,12178,1,0,0,
wood-float,,heldout,3,2.0,from_mention,randnorm,1,2,1,12178,1,0,0,
wood-float,,heldout,3,2.0,from_mention,randnorm,2,4,2,307,1,0,0,
wood-float,,heldout,3,2.0,answer_only,lens,-1,14,2,4485,0,0,0,
wood-float,,heldout,3,2.0,answer_only,randdir,0,14,2,4485,0,0,0,
wood-float,,heldout,3,2.0,answer_only,randdir,1,13,1,12178,0,0,0,
wood-float,,heldout,3,2.0,answer_only,randdir,2,13,2,4485,0,0,0,
wood-float,,heldout,3,2.0,answer_only,randnorm,0,13,1,12178,0,0,0,
wood-float,,heldout,3,2.0,answer_only,randnorm,1,12,1,12178,0,0,0,
wood-float,,heldout,3,2.0,answer_only,randnorm,2,13,2,4485,0,0,0,
wood-float,,heldout,4,0.5,all_no_bos,lens,-1,13,2,4485,0,0,0,
wood-float,,heldout,4,0.5,all_no_bos,randdir,0,20,2,4485,0,0,0,
wood-float,,heldout,4,0.5,all_no_bos,randdir,1,14,2,4485,0,0,0,
wood-float,,heldout,4,0.5,all_no_bos,randdir,2,16,1,12178,0,0,0,
wood-float,,heldout,4,0.5,all_no_bos,randnorm,0,13,2,4485,0,0,0,
wood-float,,heldout,4,0.5,all_no_bos,randnorm,1,15,1,12178,0,0,0,
wood-float,,heldout,4,0.5,all_no_bos,randnorm,2,14,1,12178,0,0,0,
wood-float,,heldout,4,0.5,from_mention,lens,-1,13,2,4485,0,0,0,
wood-float,,heldout,4,0.5,from_mention,randdir,0,20,2,4485,0,0,0,
wood-float,,heldout,4,0.5,from_mention,randdir,1,14,2,4485,0,0,0,
wood-float,,heldout,4,0.5,from_mention,randdir,2,16,1,12178,0,0,0,
wood-float,,heldout,4,0.5,from_mention,randnorm,0,13,2,4485,0,0,0,
wood-float,,heldout,4,0.5,from_mention,randnorm,1,15,1,12178,0,0,0,
wood-float,,heldout,4,0.5,from_mention,randnorm,2,14,1,12178,0,0,0,
wood-float,,heldout,4,0.5,answer_only,lens,-1,14,2,4485,0,0,0,
wood-float,,heldout,4,0.5,answer_only,randdir,0,15,2,4485,0,0,0,
wood-float,,heldout,4,0.5,answer_only,randdir,1,14,2,4485,0,0,0,
wood-float,,heldout,4,0.5,answer_only,randdir,2,12,1,12178,0,0,0,
wood-float,,heldout,4,0.5,answer_only,randnorm,0,14,2,4485,0,0,0,
wood-float,,heldout,4,0.5,answer_only,randnorm,1,14,2,4485,0,0,0,
wood-float,,heldout,4,0.5,answer_only,randnorm,2,14,2,4485,0,0,0,
wood-float,,heldout,4,1.0,all_no_bos,lens,-1,13,3,4485,0,0,0,
wood-float,,heldout,4,1.0,all_no_bos,randdir,0,26,3,4485,0,0,0,
wood-float,,heldout,4,1.0,all_no_bos,randdir,1,15,2,4485,0,0,0,
wood-float,,heldout,4,1.0,all_no_bos,randdir,2,15,1,12178,0,0,0,
wood-float,,heldout,4,1.0,all_no_bos,randnorm,0,11,2,4485,0,0,0,
wood-float,,heldout,4,1.0,all_no_bos,randnorm,1,13,1,12178,0,0,0,
wood-float,,heldout,4,1.0,all_no_bos,randnorm,2,14,1,12178,0,0,0,
wood-float,,heldout,4,1.0,from_mention,lens,-1,13,3,4485,0,0,0,
wood-float,,heldout,4,1.0,from_mention,randdir,0,26,3,4485,0,0,0,
wood-float,,heldout,4,1.0,from_mention,randdir,1,15,2,4485,0,0,0,
wood-float,,heldout,4,1.0,from_mention,randdir,2,15,1,12178,0,0,0,
wood-float,,heldout,4,1.0,from_mention,randnorm,0,11,2,4485,0,0,0,
wood-float,,heldout,4,1.0,from_mention,randnorm,1,13,1,12178,0,0,0,
wood-float,,heldout,4,1.0,from_mention,randnorm,2,14,1,12178,0,0,0,
wood-float,,heldout,4,1.0,answer_only,lens,-1,14,2,4485,0,0,0,
wood-float,,heldout,4,1.0,answer_only,randdir,0,18,2,4485,0,0,0,
wood-float,,heldout,4,1.0,answer_only,randdir,1,14,2,4485,0,0,0,
wood-float,,heldout,4,1.0,answer_only,randdir,2,11,1,12178,0,0,0,
wood-float,,heldout,4,1.0,answer_only,randnorm,0,14,2,4485,0,0,0,
wood-float,,heldout,4,1.0,answer_only,randnorm,1,14,2,4485,0,0,0,
wood-float,,heldout,4,1.0,answer_only,randnorm,2,13,1,12178,0,0,0,
wood-float,,heldout,4,2.0,all_no_bos,lens,-1,15,4,4485,0,0,0,
wood-float,,heldout,4,2.0,all_no_bos,randdir,0,50,3,307,0,0,0,
wood-float,,heldout,4,2.0,all_no_bos,randdir,1,16,2,4485,0,0,0,
wood-float,,heldout,4,2.0,all_no_bos,randdir,2,13,1,12178,0,0,0,
wood-float,,heldout,4,2.0,all_no_bos,randnorm,0,9,1,12178,0,0,0,
wood-float,,heldout,4,2.0,all_no_bos,randnorm,1,7,1,12178,0,0,0,
wood-float,,heldout,4,2.0,all_no_bos,randnorm,2,13,2,307,0,0,0,
wood-float,,heldout,4,2.0,from_mention,lens,-1,15,4,4485,0,0,0,
wood-float,,heldout,4,2.0,from_mention,randdir,0,50,3,307,0,0,0,
wood-float,,heldout,4,2.0,from_mention,randdir,1,16,2,4485,0,0,0,
wood-float,,heldout,4,2.0,from_mention,randdir,2,13,1,12178,0,0,0,
wood-float,,heldout,4,2.0,from_mention,randnorm,0,9,1,12178,0,0,0,
wood-float,,heldout,4,2.0,from_mention,randnorm,1,7,1,12178,0,0,0,
wood-float,,heldout,4,2.0,from_mention,randnorm,2,13,2,307,0,0,0,
wood-float,,heldout,4,2.0,answer_only,lens,-1,14,2,4485,0,0,0,
wood-float,,heldout,4,2.0,answer_only,randdir,0,23,2,4485,0,0,0,
wood-float,,heldout,4,2.0,answer_only,randdir,1,13,2,4485,0,0,0,
wood-float,,heldout,4,2.0,answer_only,randdir,2,10,1,12178,0,0,0,
wood-float,,heldout,4,2.0,answer_only,randnorm,0,15,2,4485,0,0,0,
wood-float,,heldout,4,2.0,answer_only,randnorm,1,14,2,4485,0,0,0,
wood-float,,heldout,4,2.0,answer_only,randnorm,2,12,1,12178,0,0,0,
wood-float,,heldout,5,0.5,all_no_bos,lens,-1,13,2,4485,0,0,0,
wood-float,,heldout,5,0.5,all_no_bos,randdir,0,16,2,4485,0,0,0,
wood-float,,heldout,5,0.5,all_no_bos,randdir,1,15,2,4485,0,0,0,
wood-float,,heldout,5,0.5,all_no_bos,randdir,2,14,2,4485,0,0,0,
wood-float,,heldout,5,0.5,all_no_bos,randnorm,0,14,2,4485,0,0,0,
wood-float,,heldout,5,0.5,all_no_bos,randnorm,1,14,2,4485,0,0,0,
wood-float,,heldout,5,0.5,all_no_bos,randnorm,2,13,2,4485,0,0,0,
wood-float,,heldout,5,0.5,from_mention,lens,-1,13,2,4485,0,0,0,
wood-float,,heldout,5,0.5,from_mention,randdir,0,16,2,4485,0,0,0,
wood-float,,heldout,5,0.5,from_mention,randdir,1,15,2,4485,0,0,0,
wood-float,,heldout,5,0.5,from_mention,randdir,2,14,2,4485,0,0,0,
wood-float,,heldout,5,0.5,from_mention,randnorm,0,14,2,4485,0,0,0,
wood-float,,heldout,5,0.5,from_mention,randnorm,1,14,2,4485,0,0,0,
wood-float,,heldout,5,0.5,from_mention,randnorm,2,13,2,4485,0,0,0,
wood-float,,heldout,5,0.5,answer_only,lens,-1,14,2,4485,0,0,0,
wood-float,,heldout,5,0.5,answer_only,randdir,0,16,2,4485,0,0,0,
wood-float,,heldout,5,0.5,answer_only,randdir,1,14,2,4485,0,0,0,
wood-float,,heldout,5,0.5,answer_only,randdir,2,14,2,4485,0,0,0,
wood-float,,heldout,5,0.5,answer_only,randnorm,0,14,2,4485,0,0,0,
wood-float,,heldout,5,0.5,answer_only,randnorm,1,14,2,4485,0,0,0,
wood-float,,heldout,5,0.5,answer_only,randnorm,2,14,2,4485,0,0,0,
wood-float,,heldout,5,1.0,all_no_bos,lens,-1,16,4,4485,0,0,0,
wood-float,,heldout,5,1.0,all_no_bos,randdir,0,19,2,4485,0,0,0,
wood-float,,heldout,5,1.0,all_no_bos,randdir,1,15,2,4485,0,0,0,
wood-float,,heldout,5,1.0,all_no_bos,randdir,2,14,2,4485,0,0,0,
wood-float,,heldout,5,1.0,all_no_bos,randnorm,0,15,2,4485,0,0,0,
wood-float,,heldout,5,1.0,all_no_bos,randnorm,1,11,2,4485,0,0,0,
wood-float,,heldout,5,1.0,all_no_bos,randnorm,2,12,2,4485,0,0,0,
wood-float,,heldout,5,1.0,from_mention,lens,-1,16,4,4485,0,0,0,
wood-float,,heldout,5,1.0,from_mention,randdir,0,19,2,4485,0,0,0,
wood-float,,heldout,5,1.0,from_mention,randdir,1,15,2,4485,0,0,0,
wood-float,,heldout,5,1.0,from_mention,randdir,2,14,2,4485,0,0,0,
wood-float,,heldout,5,1.0,from_mention,randnorm,0,15,2,4485,0,0,0,
wood-float,,heldout,5,1.0,from_mention,randnorm,1,11,2,4485,0,0,0,
wood-float,,heldout,5,1.0,from_mention,randnorm,2,12,2,4485,0,0,0,
wood-float,,heldout,5,1.0,answer_only,lens,-1,14,2,4485,0,0,0,
wood-float,,heldout,5,1.0,answer_only,randdir,0,17,2,4485,0,0,0,
wood-float,,heldout,5,1.0,answer_only,randdir,1,14,2,4485,0,0,0,
wood-float,,heldout,5,1.0,answer_only,randdir,2,14,2,4485,0,0,0,
wood-float,,heldout,5,1.0,answer_only,randnorm,0,14,2,4485,0,0,0,
wood-float,,heldout,5,1.0,answer_only,randnorm,1,14,2,4485,0,0,0,
wood-float,,heldout,5,1.0,answer_only,randnorm,2,14,2,4485,0,0,0,
wood-float,,heldout,5,2.0,all_no_bos,lens,-1,26,4,4485,0,0,0,
wood-float,,heldout,5,2.0,all_no_bos,randdir,0,33,3,4485,0,0,0,
wood-float,,heldout,5,2.0,all_no_bos,randdir,1,16,2,4485,0,0,0,
wood-float,,heldout,5,2.0,all_no_bos,randdir,2,13,2,4485,0,0,0,
wood-float,,heldout,5,2.0,all_no_bos,randnorm,0,17,3,4485,0,0,0,
wood-float,,heldout,5,2.0,all_no_bos,randnorm,1,5,2,4485,1,0,0,
wood-float,,heldout,5,2.0,all_no_bos,randnorm,2,9,3,4485,0,0,0,
wood-float,,heldout,5,2.0,from_mention,lens,-1,26,4,4485,0,0,0,
wood-float,,heldout,5,2.0,from_mention,randdir,0,33,3,4485,0,0,0,
wood-float,,heldout,5,2.0,from_mention,randdir,1,16,2,4485,0,0,0,
wood-float,,heldout,5,2.0,from_mention,randdir,2,13,2,4485,0,0,0,
wood-float,,heldout,5,2.0,from_mention,randnorm,0,17,3,4485,0,0,0,
wood-float,,heldout,5,2.0,from_mention,randnorm,1,5,2,4485,1,0,0,
wood-float,,heldout,5,2.0,from_mention,randnorm,2,9,3,4485,0,0,0,
wood-float,,heldout,5,2.0,answer_only,lens,-1,13,2,4485,0,0,0,
wood-float,,heldout,5,2.0,answer_only,randdir,0,17,2,4485,0,0,0,
wood-float,,heldout,5,2.0,answer_only,randdir,1,14,2,4485,0,0,0,
wood-float,,heldout,5,2.0,answer_only,randdir,2,14,2,4485,0,0,0,
wood-float,,heldout,5,2.0,answer_only,randnorm,0,17,2,4485,0,0,0,
wood-float,,heldout,5,2.0,answer_only,randnorm,1,15,2,4485,0,0,0,
wood-float,,heldout,5,2.0,answer_only,randnorm,2,14,2,4485,0,0,0,
wood-float,,heldout,6,0.5,all_no_bos,lens,-1,14,2,4485,0,0,0,
wood-float,,heldout,6,0.5,all_no_bos,randdir,0,15,1,12178,0,0,0,
wood-float,,heldout,6,0.5,all_no_bos,randdir,1,14,2,4485,0,0,0,
wood-float,,heldout,6,0.5,all_no_bos,randdir,2,14,2,4485,0,0,0,
wood-float,,heldout,6,0.5,all_no_bos,randnorm,0,18,2,4485,0,0,0,
wood-float,,heldout,6,0.5,all_no_bos,randnorm,1,15,1,12178,0,0,0,
wood-float,,heldout,6,0.5,all_no_bos,randnorm,2,14,2,4485,0,0,0,
wood-float,,heldout,6,0.5,from_mention,lens,-1,14,2,4485,0,0,0,
wood-float,,heldout,6,0.5,from_mention,randdir,0,15,1,12178,0,0,0,
wood-float,,heldout,6,0.5,from_mention,randdir,1,14,2,4485,0,0,0,
wood-float,,heldout,6,0.5,from_mention,randdir,2,14,2,4485,0,0,0,
wood-float,,heldout,6,0.5,from_mention,randnorm,0,18,2,4485,0,0,0,
wood-float,,heldout,6,0.5,from_mention,randnorm,1,15,1,12178,0,0,0,
wood-float,,heldout,6,0.5,from_mention,randnorm,2,14,2,4485,0,0,0,
wood-float,,heldout,6,0.5,answer_only,lens,-1,14,1,12178,0,0,0,
wood-float,,heldout,6,0.5,answer_only,randdir,0,14,1,12178,0,0,0,
wood-float,,heldout,6,0.5,answer_only,randdir,1,14,2,4485,0,0,0,
wood-float,,heldout,6,0.5,answer_only,randdir,2,14,2,4485,0,0,0,
wood-float,,heldout,6,0.5,answer_only,randnorm,0,14,2,4485,0,0,0,
wood-float,,heldout,6,0.5,answer_only,randnorm,1,14,2,4485,0,0,0,
wood-float,,heldout,6,0.5,answer_only,randnorm,2,14,2,4485,0,0,0,
wood-float,,heldout,6,1.0,all_no_bos,lens,-1,15,2,4485,0,0,0,
wood-float,,heldout,6,1.0,all_no_bos,randdir,0,16,1,12178,0,0,0,
wood-float,,heldout,6,1.0,all_no_bos,randdir,1,14,2,4485,0,0,0,
wood-float,,heldout,6,1.0,all_no_bos,randdir,2,16,2,4485,0,0,0,
wood-float,,heldout,6,1.0,all_no_bos,randnorm,0,21,2,307,0,0,0,
wood-float,,heldout,6,1.0,all_no_bos,randnorm,1,15,1,12178,0,0,0,
wood-float,,heldout,6,1.0,all_no_bos,randnorm,2,14,2,4485,0,0,0,
wood-float,,heldout,6,1.0,from_mention,lens,-1,15,2,4485,0,0,0,
wood-float,,heldout,6,1.0,from_mention,randdir,0,16,1,12178,0,0,0,
wood-float,,heldout,6,1.0,from_mention,randdir,1,14,2,4485,0,0,0,
wood-float,,heldout,6,1.0,from_mention,randdir,2,16,2,4485,0,0,0,
wood-float,,heldout,6,1.0,from_mention,randnorm,0,21,2,307,0,0,0,
wood-float,,heldout,6,1.0,from_mention,randnorm,1,15,1,12178,0,0,0,
wood-float,,heldout,6,1.0,from_mention,randnorm,2,14,2,4485,0,0,0,
wood-float,,heldout,6,1.0,answer_only,lens,-1,14,1,12178,0,0,0,
wood-float,,heldout,6,1.0,answer_only,randdir,0,14,1,12178,0,0,0,
wood-float,,heldout,6,1.0,answer_only,randdir,1,14,2,4485,0,0,0,
wood-float,,heldout,6,1.0,answer_only,randdir,2,17,2,4485,0,0,0,
wood-float,,heldout,6,1.0,answer_only,randnorm,0,14,1,12178,0,0,0,
wood-float,,heldout,6,1.0,answer_only,randnorm,1,14,2,4485,0,0,0,
wood-float,,heldout,6,1.0,answer_only,randnorm,2,14,2,4485,0,0,0,
wood-float,,heldout,6,2.0,all_no_bos,lens,-1,24,4,4485,0,0,0,
wood-float,,heldout,6,2.0,all_no_bos,randdir,0,17,1,12178,0,0,0,
wood-float,,heldout,6,2.0,all_no_bos,randdir,1,16,2,4485,0,0,0,
wood-float,,heldout,6,2.0,all_no_bos,randdir,2,17,2,4485,0,0,0,
wood-float,,heldout,6,2.0,all_no_bos,randnorm,0,23,2,307,0,0,0,
wood-float,,heldout,6,2.0,all_no_bos,randnorm,1,18,1,12178,0,0,0,
wood-float,,heldout,6,2.0,all_no_bos,randnorm,2,13,2,4485,0,0,0,
wood-float,,heldout,6,2.0,from_mention,lens,-1,24,4,4485,0,0,0,
wood-float,,heldout,6,2.0,from_mention,randdir,0,17,1,12178,0,0,0,
wood-float,,heldout,6,2.0,from_mention,randdir,1,16,2,4485,0,0,0,
wood-float,,heldout,6,2.0,from_mention,randdir,2,17,2,4485,0,0,0,
wood-float,,heldout,6,2.0,from_mention,randnorm,0,23,2,307,0,0,0,
wood-float,,heldout,6,2.0,from_mention,randnorm,1,18,1,12178,0,0,0,
wood-float,,heldout,6,2.0,from_mention,randnorm,2,13,2,4485,0,0,0,
wood-float,,heldout,6,2.0,answer_only,lens,-1,14,1,12178,0,0,0,
wood-float,,heldout,6,2.0,answer_only,randdir,0,14,1,12178,0,0,0,
wood-float,,heldout,6,2.0,answer_only,randdir,1,14,2,4485,0,0,0,
wood-float,,heldout,6,2.0,answer_only,randdir,2,18,2,4485,0,0,0,
wood-float,,heldout,6,2.0,answer_only,randnorm,0,14,1,12178,0,0,0,
wood-float,,heldout,6,2.0,answer_only,randnorm,1,14,2,4485,0,0,0,
wood-float,,heldout,6,2.0,answer_only,randnorm,2,14,2,4485,0,0,0,
wood-float,,heldout,7,0.5,all_no_bos,lens,-1,13,2,4485,0,0,0,
wood-float,,heldout,7,0.5,all_no_bos,randdir,0,13,2,4485,0,0,0,
wood-float,,heldout,7,0.5,all_no_bos,randdir,1,14,1,12178,0,0,0,
wood-float,,heldout,7,0.5,all_no_bos,randdir,2,14,2,4485,0,0,0,
wood-float,,heldout,7,0.5,all_no_bos,randnorm,0,13,2,4485,0,0,0,
wood-float,,heldout,7,0.5,all_no_bos,randnorm,1,13,1,12178,0,0,0,
wood-float,,heldout,7,0.5,all_no_bos,randnorm,2,17,1,12178,0,0,0,
wood-float,,heldout,7,0.5,from_mention,lens,-1,13,2,4485,0,0,0,
wood-float,,heldout,7,0.5,from_mention,randdir,0,13,2,4485,0,0,0,
wood-float,,heldout,7,0.5,from_mention,randdir,1,14,1,12178,0,0,0,
wood-float,,heldout,7,0.5,from_mention,randdir,2,14,2,4485,0,0,0,
wood-float,,heldout,7,0.5,from_mention,randnorm,0,13,2,4485,0,0,0,
wood-float,,heldout,7,0.5,from_mention,randnorm,1,13,1,12178,0,0,0,
wood-float,,heldout,7,0.5,from_mention,randnorm,2,17,1,12178,0,0,0,
wood-float,,heldout,7,0.5,answer_only,lens,-1,14,2,4485,0,0,0,
wood-float,,heldout,7,0.5,answer_only,randdir,0,14,2,4485,0,0,0,
wood-float,,heldout,7,0.5,answer_only,randdir,1,14,2,4485,0,0,0,
wood-float,,heldout,7,0.5,answer_only,randdir,2,14,2,4485,0,0,0,
wood-float,,heldout,7,0.5,answer_only,randnorm,0,14,2,4485,0,0,0,
wood-float,,heldout,7,0.5,answer_only,randnorm,1,14,2,4485,0,0,0,
wood-float,,heldout,7,0.5,answer_only,randnorm,2,14,2,4485,0,0,0,
wood-float,,heldout,7,1.0,all_no_bos,lens,-1,12,2,4485,0,0,0,
wood-float,,heldout,7,1.0,all_no_bos,randdir,0,13,2,4485,0,0,0,
wood-float,,heldout,7,1.0,all_no_bos,randdir,1,15,1,12178,0,0,0,
wood-float,,heldout,7,1.0,all_no_bos,randdir,2,21,2,4485,0,0,0,
wood-float,,heldout,7,1.0,all_no_bos,randnorm,0,12,2,4485,0,0,0,
wood-float,,heldout,7,1.0,all_no_bos,randnorm,1,13,1,12178,0,0,0,
wood-float,,heldout,7,1.0,all_no_bos,randnorm,2,21,1,12178,0,0,0,
wood-float,,heldout,7,1.0,from_mention,lens,-1,12,2,4485,0,0,0,
wood-float,,heldout,7,1.0,from_mention,randdir,0,13,2,4485,0,0,0,
wood-float,,heldout,7,1.0,from_mention,randdir,1,15,1,12178,0,0,0,
wood-float,,heldout,7,1.0,from_mention,randdir,2,21,2,4485,0,0,0,
wood-float,,heldout,7,1.0,from_mention,randnorm,0,12,2,4485,0,0,0,
wood-float,,heldout,7,1.0,from_mention,randnorm,1,13,1,12178,0,0,0,
wood-float,,heldout,7,1.0,from_mention,randnorm,2,21,1,12178,0,0,0,
wood-float,,heldout,7,1.0,answer_only,lens,-1,14,1,12178,0,0,0,
wood-float,,heldout,7,1.0,answer_only,randdir,0,13,2,4485,0,0,0,
wood-float,,heldout,7,1.0,answer_only,randdir,1,14,1,12178,0,0,0,
wood-float,,heldout,7,1.0,answer_only,randdir,2,15,2,4485,0,0,0,
wood-float,,heldout,7,1.0,answer_only,randnorm,0,14,2,4485,0,0,0,
wood-float,,heldout,7,1.0,answer_only,randnorm,1,14,2,4485,0,0,0,
wood-float,,heldout,7,1.0,answer_only,randnorm,2,14,2,4485,0,0,0,
wood-float,,heldout,7,2.0,all_no_bos,lens,-1,10,3,4485,0,0,0,
wood-float,,heldout,7,2.0,all_no_bos,randdir,0,12,2,4485,0,0,0,
wood-float,,heldout,7,2.0,all_no_bos,randdir,1,16,1,12178,0,0,0,
wood-float,,heldout,7,2.0,all_no_bos,randdir,2,29,3,307,0,0,0,
wood-float,,heldout,7,2.0,all_no_bos,randnorm,0,10,1,12178,0,0,0,
wood-float,,heldout,7,2.0,all_no_bos,randnorm,1,12,1,12178,0,0,0,
wood-float,,heldout,7,2.0,all_no_bos,randnorm,2,23,2,307,0,0,0,
wood-float,,heldout,7,2.0,from_mention,lens,-1,10,3,4485,0,0,0,
wood-float,,heldout,7,2.0,from_mention,randdir,0,12,2,4485,0,0,0,
wood-float,,heldout,7,2.0,from_mention,randdir,1,16,1,12178,0,0,0,
wood-float,,heldout,7,2.0,from_mention,randdir,2,29,3,307,0,0,0,
wood-float,,heldout,7,2.0,from_mention,randnorm,0,10,1,12178,0,0,0,
wood-float,,heldout,7,2.0,from_mention,randnorm,1,12,1,12178,0,0,0,
wood-float,,heldout,7,2.0,from_mention,randnorm,2,23,2,307,0,0,0,
wood-float,,heldout,7,2.0,answer_only,lens,-1,13,1,12178,0,0,0,
wood-float,,heldout,7,2.0,answer_only,randdir,0,13,1,12178,0,0,0,
wood-float,,heldout,7,2.0,answer_only,randdir,1,14,1,12178,0,0,0,
wood-float,,heldout,7,2.0,answer_only,randdir,2,17,3,4485,0,0,0,
wood-float,,heldout,7,2.0,answer_only,randnorm,0,14,2,4485,0,0,0,
wood-float,,heldout,7,2.0,answer_only,randnorm,1,14,2,4485,0,0,0,
wood-float,,heldout,7,2.0,answer_only,randnorm,2,14,2,4485,0,0,0,
wood-float,,heldout,8,0.5,all_no_bos,lens,-1,13,2,4485,0,0,0,
wood-float,,heldout,8,0.5,all_no_bos,randdir,0,14,1,12178,0,0,0,
wood-float,,heldout,8,0.5,all_no_bos,randdir,1,14,2,4485,0,0,0,
wood-float,,heldout,8,0.5,all_no_bos,randdir,2,22,1,12178,0,0,0,
wood-float,,heldout,8,0.5,all_no_bos,randnorm,0,12,1,12178,0,0,0,
wood-float,,heldout,8,0.5,all_no_bos,randnorm,1,13,1,12178,0,0,0,
wood-float,,heldout,8,0.5,all_no_bos,randnorm,2,16,1,12178,0,0,0,
wood-float,,heldout,8,0.5,from_mention,lens,-1,13,2,4485,0,0,0,
wood-float,,heldout,8,0.5,from_mention,randdir,0,14,1,12178,0,0,0,
wood-float,,heldout,8,0.5,from_mention,randdir,1,14,2,4485,0,0,0,
wood-float,,heldout,8,0.5,from_mention,randdir,2,22,1,12178,0,0,0,
wood-float,,heldout,8,0.5,from_mention,randnorm,0,12,1,12178,0,0,0,
wood-float,,heldout,8,0.5,from_mention,randnorm,1,13,1,12178,0,0,0,
wood-float,,heldout,8,0.5,from_mention,randnorm,2,16,1,12178,0,0,0,
wood-float,,heldout,8,0.5,answer_only,lens,-1,14,2,4485,0,0,0,
wood-float,,heldout,8,0.5,answer_only,randdir,0,14,1,12178,0,0,0,
wood-float,,heldout,8,0.5,answer_only,randdir,1,14,2,4485,0,0,0,
wood-float,,heldout,8,0.5,answer_only,randdir,2,22,1,12178,0,0,0,
wood-float,,heldout,8,0.5,answer_only,randnorm,0,14,2,4485,0,0,0,
wood-float,,heldout,8,0.5,answer_only,randnorm,1,14,2,4485,0,0,0,
wood-float,,heldout,8,0.5,answer_only,randnorm,2,14,2,4485,0,0,0,
wood-float,,heldout,8,1.0,all_no_bos,lens,-1,11,2,4485,0,0,0,
wood-float,,heldout,8,1.0,all_no_bos,randdir,0,13,1,12178,0,0,0,
wood-float,,heldout,8,1.0,all_no_bos,randdir,1,13,2,4485,0,0,0,
wood-float,,heldout,8,1.0,all_no_bos,randdir,2,36,1,12178,0,0,0,
wood-float,,heldout,8,1.0,all_no_bos,randnorm,0,12,1,12178,0,0,0,
wood-float,,heldout,8,1.0,all_no_bos,randnorm,1,12,1,12178,0,0,0,
wood-float,,heldout,8,1.0,all_no_bos,randnorm,2,18,1,12178,0,0,0,
wood-float,,heldout,8,1.0,from_mention,lens,-1,11,2,4485,0,0,0,
wood-float,,heldout,8,1.0,from_mention,randdir,0,13,1,12178,0,0,0,
wood-float,,heldout,8,1.0,from_mention,randdir,1,13,2,4485,0,0,0,
wood-float,,heldout,8,1.0,from_mention,randdir,2,36,1,12178,0,0,0,
wood-float,,heldout,8,1.0,from_mention,randnorm,0,12,1,12178,0,0,0,
wood-float,,heldout,8,1.0,from_mention,randnorm,1,12,1,12178,0,0,0,
wood-float,,heldout,8,1.0,from_mention,randnorm,2,18,1,12178,0,0,0,
wood-float,,heldout,8,1.0,answer_only,lens,-1,14,2,4485,0,0,0,
wood-float,,heldout,8,1.0,answer_only,randdir,0,14,1,12178,0,0,0,
wood-float,,heldout,8,1.0,answer_only,randdir,1,13,2,4485,0,0,0,
wood-float,,heldout,8,1.0,answer_only,randdir,2,33,1,12178,0,0,0,
wood-float,,heldout,8,1.0,answer_only,randnorm,0,14,2,4485,0,0,0,
wood-float,,heldout,8,1.0,answer_only,randnorm,1,14,2,4485,0,0,0,
wood-float,,heldout,8,1.0,answer_only,randnorm,2,14,2,4485,0,0,0,
wood-float,,heldout,8,2.0,all_no_bos,lens,-1,10,3,4485,0,0,0,
wood-float,,heldout,8,2.0,all_no_bos,randdir,0,12,1,12178,0,0,0,
wood-float,,heldout,8,2.0,all_no_bos,randdir,1,13,2,4485,0,0,0,
wood-float,,heldout,8,2.0,all_no_bos,randdir,2,78,4,1745,0,0,0,
wood-float,,heldout,8,2.0,all_no_bos,randnorm,0,11,1,12178,0,0,0,
wood-float,,heldout,8,2.0,all_no_bos,randnorm,1,10,1,12178,0,0,0,
wood-float,,heldout,8,2.0,all_no_bos,randnorm,2,17,1,12178,0,0,0,
wood-float,,heldout,8,2.0,from_mention,lens,-1,10,3,4485,0,0,0,
wood-float,,heldout,8,2.0,from_mention,randdir,0,12,1,12178,0,0,0,
wood-float,,heldout,8,2.0,from_mention,randdir,1,13,2,4485,0,0,0,
wood-float,,heldout,8,2.0,from_mention,randdir,2,78,4,1745,0,0,0,
wood-float,,heldout,8,2.0,from_mention,randnorm,0,11,1,12178,0,0,0,
wood-float,,heldout,8,2.0,from_mention,randnorm,1,10,1,12178,0,0,0,
wood-float,,heldout,8,2.0,from_mention,randnorm,2,17,1,12178,0,0,0,
wood-float,,heldout,8,2.0,answer_only,lens,-1,14,2,4485,0,0,0,
wood-float,,heldout,8,2.0,answer_only,randdir,0,13,1,12178,0,0,0,
wood-float,,heldout,8,2.0,answer_only,randdir,1,13,2,4485,0,0,0,
wood-float,,heldout,8,2.0,answer_only,randdir,2,55,4,1296,0,0,0,
wood-float,,heldout,8,2.0,answer_only,randnorm,0,14,2,4485,0,0,0,
wood-float,,heldout,8,2.0,answer_only,randnorm,1,14,2,4485,0,0,0,
wood-float,,heldout,8,2.0,answer_only,randnorm,2,14,2,4485,0,0,0,
wood-float,,heldout,9,0.5,all_no_bos,lens,-1,13,2,4485,0,0,0,
wood-float,,heldout,9,0.5,all_no_bos,randdir,0,15,1,12178,0,0,0,
wood-float,,heldout,9,0.5,all_no_bos,randdir,1,15,1,12178,0,0,0,
wood-float,,heldout,9,0.5,all_no_bos,randdir,2,13,2,4485,0,0,0,
wood-float,,heldout,9,0.5,all_no_bos,randnorm,0,13,1,12178,0,0,0,
wood-float,,heldout,9,0.5,all_no_bos,randnorm,1,14,1,12178,0,0,0,
wood-float,,heldout,9,0.5,all_no_bos,randnorm,2,13,2,4485,0,0,0,
wood-float,,heldout,9,0.5,from_mention,lens,-1,13,2,4485,0,0,0,
wood-float,,heldout,9,0.5,from_mention,randdir,0,15,1,12178,0,0,0,
wood-float,,heldout,9,0.5,from_mention,randdir,1,15,1,12178,0,0,0,
wood-float,,heldout,9,0.5,from_mention,randdir,2,13,2,4485,0,0,0,
wood-float,,heldout,9,0.5,from_mention,randnorm,0,13,1,12178,0,0,0,
wood-float,,heldout,9,0.5,from_mention,randnorm,1,14,1,12178,0,0,0,
wood-float,,heldout,9,0.5,from_mention,randnorm,2,13,2,4485,0,0,0,
wood-float,,heldout,9,0.5,answer_only,lens,-1,14,1,12178,0,0,0,
wood-float,,heldout,9,0.5,answer_only,randdir,0,14,1,12178,0,0,0,
wood-float,,heldout,9,0.5,answer_only,randdir,1,15,1,12178,0,0,0,
wood-float,,heldout,9,0.5,answer_only,randdir,2,13,2,4485,0,0,0,
wood-float,,heldout,9,0.5,answer_only,randnorm,0,14,2,4485,0,0,0,
wood-float,,heldout,9,0.5,answer_only,randnorm,1,14,2,4485,0,0,0,
wood-float,,heldout,9,0.5,answer_only,randnorm,2,14,2,4485,0,0,0,
wood-float,,heldout,9,1.0,all_no_bos,lens,-1,13,2,4485,0,0,0,
wood-float,,heldout,9,1.0,all_no_bos,randdir,0,17,1,12178,0,0,0,
wood-float,,heldout,9,1.0,all_no_bos,randdir,1,19,1,12178,0,0,0,
wood-float,,heldout,9,1.0,all_no_bos,randdir,2,13,2,4485,0,0,0,
wood-float,,heldout,9,1.0,all_no_bos,randnorm,0,11,1,12178,0,0,0,
wood-float,,heldout,9,1.0,all_no_bos,randnorm,1,13,1,12178,0,0,0,
wood-float,,heldout,9,1.0,all_no_bos,randnorm,2,13,1,12178,0,0,0,
wood-float,,heldout,9,1.0,from_mention,lens,-1,13,2,4485,0,0,0,
wood-float,,heldout,9,1.0,from_mention,randdir,0,17,1,12178,0,0,0,
wood-float,,heldout,9,1.0,from_mention,randdir,1,19,1,12178,0,0,0,
wood-float,,heldout,9,1.0,from_mention,randdir,2,13,2,4485,0,0,0,
wood-float,,heldout,9,1.0,from_mention,randnorm,0,11,1,12178,0,0,0,
wood-float,,heldout,9,1.0,from_mention,randnorm,1,13,1,12178,0,0,0,
wood-float,,heldout,9,1.0,from_mention,randnorm,2,13,1,12178,0,0,0,
wood-float,,heldout,9,1.0,answer_only,lens,-1,14,1,12178,0,0,0,
wood-float,,heldout,9,1.0,answer_only,randdir,0,15,1,12178,0,0,0,
wood-float,,heldout,9,1.0,answer_only,randdir,1,20,1,12178,0,0,0,
wood-float,,heldout,9,1.0,answer_only,randdir,2,13,2,4485,0,0,0,
wood-float,,heldout,9,1.0,answer_only,randnorm,0,14,1,12178,0,0,0,
wood-float,,heldout,9,1.0,answer_only,randnorm,1,14,1,12178,0,0,0,
wood-float,,heldout,9,1.0,answer_only,randnorm,2,13,2,4485,0,0,0,
wood-float,,heldout,9,2.0,all_no_bos,lens,-1,12,2,4485,0,0,0,
wood-float,,heldout,9,2.0,all_no_bos,randdir,0,22,1,12178,0,0,0,
wood-float,,heldout,9,2.0,all_no_bos,randdir,1,21,2,307,0,0,0,
wood-float,,heldout,9,2.0,all_no_bos,randdir,2,13,3,307,0,0,0,
wood-float,,heldout,9,2.0,all_no_bos,randnorm,0,11,1,12178,0,0,0,
wood-float,,heldout,9,2.0,all_no_bos,randnorm,1,13,1,12178,0,0,0,
wood-float,,heldout,9,2.0,all_no_bos,randnorm,2,12,1,12178,0,0,0,
wood-float,,heldout,9,2.0,from_mention,lens,-1,12,2,4485,0,0,0,
wood-float,,heldout,9,2.0,from_mention,randdir,0,22,1,12178,0,0,0,
wood-float,,heldout,9,2.0,from_mention,randdir,1,21,2,307,0,0,0,
wood-float,,heldout,9,2.0,from_mention,randdir,2,13,3,307,0,0,0,
wood-float,,heldout,9,2.0,from_mention,randnorm,0,11,1,12178,0,0,0,
wood-float,,heldout,9,2.0,from_mention,randnorm,1,13,1,12178,0,0,0,
wood-float,,heldout,9,2.0,from_mention,randnorm,2,12,1,12178,0,0,0,
wood-float,,heldout,9,2.0,answer_only,lens,-1,14,1,12178,0,0,0,
wood-float,,heldout,9,2.0,answer_only,randdir,0,18,1,12178,0,0,0,
wood-float,,heldout,9,2.0,answer_only,randdir,1,22,2,307,0,0,0,
wood-float,,heldout,9,2.0,answer_only,randdir,2,13,3,307,0,0,0,
wood-float,,heldout,9,2.0,answer_only,randnorm,0,14,1,12178,0,0,0,
wood-float,,heldout,9,2.0,answer_only,randnorm,1,15,1,12178,0,0,0,
wood-float,,heldout,9,2.0,answer_only,randnorm,2,13,2,4485,0,0,0,
wood-float,,heldout,10,0.5,all_no_bos,lens,-1,14,1,12178,0,0,0,
wood-float,,heldout,10,0.5,all_no_bos,randdir,0,14,2,4485,0,0,0,
wood-float,,heldout,10,0.5,all_no_bos,randdir,1,14,2,4485,0,0,0,
wood-float,,heldout,10,0.5,all_no_bos,randdir,2,13,2,4485,0,0,0,
wood-float,,heldout,10,0.5,all_no_bos,randnorm,0,14,2,4485,0,0,0,
wood-float,,heldout,10,0.5,all_no_bos,randnorm,1,13,2,4485,0,0,0,
wood-float,,heldout,10,0.5,all_no_bos,randnorm,2,14,2,4485,0,0,0,
wood-float,,heldout,10,0.5,from_mention,lens,-1,14,1,12178,0,0,0,
wood-float,,heldout,10,0.5,from_mention,randdir,0,14,2,4485,0,0,0,
wood-float,,heldout,10,0.5,from_mention,randdir,1,14,2,4485,0,0,0,
wood-float,,heldout,10,0.5,from_mention,randdir,2,13,2,4485,0,0,0,
wood-float,,heldout,10,0.5,from_mention,randnorm,0,14,2,4485,0,0,0,
wood-float,,heldout,10,0.5,from_mention,randnorm,1,13,2,4485,0,0,0,
wood-float,,heldout,10,0.5,from_mention,randnorm,2,14,2,4485,0,0,0,
wood-float,,heldout,10,0.5,answer_only,lens,-1,14,1,12178,0,0,0,
wood-float,,heldout,10,0.5,answer_only,randdir,0,14,2,4485,0,0,0,
wood-float,,heldout,10,0.5,answer_only,randdir,1,13,2,4485,0,0,0,
wood-float,,heldout,10,0.5,answer_only,randdir,2,13,2,4485,0,0,0,
wood-float,,heldout,10,0.5,answer_only,randnorm,0,14,2,4485,0,0,0,
wood-float,,heldout,10,0.5,answer_only,randnorm,1,13,2,4485,0,0,0,
wood-float,,heldout,10,0.5,answer_only,randnorm,2,13,2,4485,0,0,0,
wood-float,,heldout,10,1.0,all_no_bos,lens,-1,15,1,12178,0,0,0,
wood-float,,heldout,10,1.0,all_no_bos,randdir,0,14,2,4485,0,0,0,
wood-float,,heldout,10,1.0,all_no_bos,randdir,1,15,2,4485,0,0,0,
wood-float,,heldout,10,1.0,all_no_bos,randdir,2,12,2,4485,0,0,0,
wood-float,,heldout,10,1.0,all_no_bos,randnorm,0,14,2,4485,0,0,0,
wood-float,,heldout,10,1.0,all_no_bos,randnorm,1,14,2,4485,0,0,0,
wood-float,,heldout,10,1.0,all_no_bos,randnorm,2,13,2,4485,0,0,0,
wood-float,,heldout,10,1.0,from_mention,lens,-1,15,1,12178,0,0,0,
wood-float,,heldout,10,1.0,from_mention,randdir,0,14,2,4485,0,0,0,
wood-float,,heldout,10,1.0,from_mention,randdir,1,15,2,4485,0,0,0,
wood-float,,heldout,10,1.0,from_mention,randdir,2,12,2,4485,0,0,0,
wood-float,,heldout,10,1.0,from_mention,randnorm,0,14,2,4485,0,0,0,
wood-float,,heldout,10,1.0,from_mention,randnorm,1,14,2,4485,0,0,0,
wood-float,,heldout,10,1.0,from_mention,randnorm,2,13,2,4485,0,0,0,
wood-float,,heldout,10,1.0,answer_only,lens,-1,17,1,12178,0,0,0,
wood-float,,heldout,10,1.0,answer_only,randdir,0,13,2,4485,0,0,0,
wood-float,,heldout,10,1.0,answer_only,randdir,1,14,2,4485,0,0,0,
wood-float,,heldout,10,1.0,answer_only,randdir,2,13,2,4485,0,0,0,
wood-float,,heldout,10,1.0,answer_only,randnorm,0,14,2,4485,0,0,0,
wood-float,,heldout,10,1.0,answer_only,randnorm,1,13,2,4485,0,0,0,
wood-float,,heldout,10,1.0,answer_only,randnorm,2,13,2,4485,0,0,0,
wood-float,,heldout,10,2.0,all_no_bos,lens,-1,17,1,12178,0,0,0,
wood-float,,heldout,10,2.0,all_no_bos,randdir,0,13,3,4485,0,0,0,
wood-float,,heldout,10,2.0,all_no_bos,randdir,1,14,2,4485,0,0,0,
wood-float,,heldout,10,2.0,all_no_bos,randdir,2,12,2,4485,0,0,0,
wood-float,,heldout,10,2.0,all_no_bos,randnorm,0,14,2,4485,0,0,0,
wood-float,,heldout,10,2.0,all_no_bos,randnorm,1,14,2,4485,0,0,0,
wood-float,,heldout,10,2.0,all_no_bos,randnorm,2,12,2,4485,0,0,0,
wood-float,,heldout,10,2.0,from_mention,lens,-1,17,1,12178,0,0,0,
wood-float,,heldout,10,2.0,from_mention,randdir,0,13,3,4485,0,0,0,
wood-float,,heldout,10,2.0,from_mention,randdir,1,14,2,4485,0,0,0,
wood-float,,heldout,10,2.0,from_mention,randdir,2,12,2,4485,0,0,0,
wood-float,,heldout,10,2.0,from_mention,randnorm,0,14,2,4485,0,0,0,
wood-float,,heldout,10,2.0,from_mention,randnorm,1,14,2,4485,0,0,0,
wood-float,,heldout,10,2.0,from_mention,randnorm,2,12,2,4485,0,0,0,
wood-float,,heldout,10,2.0,answer_only,lens,-1,18,1,12178,0,0,0,
wood-float,,heldout,10,2.0,answer_only,randdir,0,11,3,4485,0,0,0,
wood-float,,heldout,10,2.0,answer_only,randdir,1,12,2,4485,0,0,0,
wood-float,,heldout,10,2.0,answer_only,randdir,2,12,2,4485,0,0,0,
wood-float,,heldout,10,2.0,answer_only,randnorm,0,13,2,4485,0,0,0,
wood-float,,heldout,10,2.0,answer_only,randnorm,1,14,2,4485,0,0,0,
wood-float,,heldout,10,2.0,answer_only,randnorm,2,12,2,4485,0,0,0,
wood-float,,heldout,5-6,0.5,all_no_bos,lens,-1,14,2,4485,0,0,0,
wood-float,,heldout,5-6,0.5,all_no_bos,randdir,0,17,2,4485,0,0,0,
wood-float,,heldout,5-6,0.5,all_no_bos,randdir,1,15,2,4485,0,0,0,
wood-float,,heldout,5-6,0.5,all_no_bos,randdir,2,14,2,4485,0,0,0,
wood-float,,heldout,5-6,0.5,all_no_bos,randnorm,0,19,2,4485,0,0,0,
wood-float,,heldout,5-6,0.5,all_no_bos,randnorm,1,16,2,4485,0,0,0,
wood-float,,heldout,5-6,0.5,all_no_bos,randnorm,2,13,2,4485,0,0,0,
wood-float,,heldout,5-6,0.5,from_mention,lens,-1,14,2,4485,0,0,0,
wood-float,,heldout,5-6,0.5,from_mention,randdir,0,17,2,4485,0,0,0,
wood-float,,heldout,5-6,0.5,from_mention,randdir,1,15,2,4485,0,0,0,
wood-float,,heldout,5-6,0.5,from_mention,randdir,2,14,2,4485,0,0,0,
wood-float,,heldout,5-6,0.5,from_mention,randnorm,0,19,2,4485,0,0,0,
wood-float,,heldout,5-6,0.5,from_mention,randnorm,1,16,2,4485,0,0,0,
wood-float,,heldout,5-6,0.5,from_mention,randnorm,2,13,2,4485,0,0,0,
wood-float,,heldout,5-6,0.5,answer_only,lens,-1,14,2,4485,0,0,0,
wood-float,,heldout,5-6,0.5,answer_only,randdir,0,15,2,4485,0,0,0,
wood-float,,heldout,5-6,0.5,answer_only,randdir,1,14,2,4485,0,0,0,
wood-float,,heldout,5-6,0.5,answer_only,randdir,2,15,2,4485,0,0,0,
wood-float,,heldout,5-6,0.5,answer_only,randnorm,0,14,2,4485,0,0,0,
wood-float,,heldout,5-6,0.5,answer_only,randnorm,1,14,2,4485,0,0,0,
wood-float,,heldout,5-6,0.5,answer_only,randnorm,2,14,2,4485,0,0,0,
wood-float,,heldout,5-6,1.0,all_no_bos,lens,-1,14,3,4485,0,0,0,
wood-float,,heldout,5-6,1.0,all_no_bos,randdir,0,22,2,4485,0,0,0,
wood-float,,heldout,5-6,1.0,all_no_bos,randdir,1,17,2,4485,0,0,0,
wood-float,,heldout,5-6,1.0,all_no_bos,randdir,2,16,2,4485,0,0,0,
wood-float,,heldout,5-6,1.0,all_no_bos,randnorm,0,24,3,307,0,0,0,
wood-float,,heldout,5-6,1.0,all_no_bos,randnorm,1,10,2,4485,0,0,0,
wood-float,,heldout,5-6,1.0,all_no_bos,randnorm,2,12,2,4485,0,0,0,
wood-float,,heldout,5-6,1.0,from_mention,lens,-1,14,3,4485,0,0,0,
wood-float,,heldout,5-6,1.0,from_mention,randdir,0,22,2,4485,0,0,0,
wood-float,,heldout,5-6,1.0,from_mention,randdir,1,17,2,4485,0,0,0,
wood-float,,heldout,5-6,1.0,from_mention,randdir,2,16,2,4485,0,0,0,
wood-float,,heldout,5-6,1.0,from_mention,randnorm,0,24,3,307,0,0,0,
wood-float,,heldout,5-6,1.0,from_mention,randnorm,1,10,2,4485,0,0,0,
wood-float,,heldout,5-6,1.0,from_mention,randnorm,2,12,2,4485,0,0,0,
wood-float,,heldout,5-6,1.0,answer_only,lens,-1,14,1,12178,0,0,0,
wood-float,,heldout,5-6,1.0,answer_only,randdir,0,17,2,4485,0,0,0,
wood-float,,heldout,5-6,1.0,answer_only,randdir,1,14,2,4485,0,0,0,
wood-float,,heldout,5-6,1.0,answer_only,randdir,2,17,2,4485,0,0,0,
wood-float,,heldout,5-6,1.0,answer_only,randnorm,0,15,2,4485,0,0,0,
wood-float,,heldout,5-6,1.0,answer_only,randnorm,1,14,2,4485,0,0,0,
wood-float,,heldout,5-6,1.0,answer_only,randnorm,2,14,2,4485,0,0,0,
wood-float,,heldout,5-6,2.0,all_no_bos,lens,-1,12,2,307,0,0,0,
wood-float,,heldout,5-6,2.0,all_no_bos,randdir,0,33,3,4485,0,0,0,
wood-float,,heldout,5-6,2.0,all_no_bos,randdir,1,18,2,4485,0,0,0,
wood-float,,heldout,5-6,2.0,all_no_bos,randdir,2,18,2,4485,0,0,0,
wood-float,,heldout,5-6,2.0,all_no_bos,randnorm,0,33,3,307,0,0,0,
wood-float,,heldout,5-6,2.0,all_no_bos,randnorm,1,3,1,12178,1,0,0,
wood-float,,heldout,5-6,2.0,all_no_bos,randnorm,2,11,2,4485,0,0,0,
wood-float,,heldout,5-6,2.0,from_mention,lens,-1,12,2,307,0,0,0,
wood-float,,heldout,5-6,2.0,from_mention,randdir,0,33,3,4485,0,0,0,
wood-float,,heldout,5-6,2.0,from_mention,randdir,1,18,2,4485,0,0,0,
wood-float,,heldout,5-6,2.0,from_mention,randdir,2,18,2,4485,0,0,0,
wood-float,,heldout,5-6,2.0,from_mention,randnorm,0,33,3,307,0,0,0,
wood-float,,heldout,5-6,2.0,from_mention,randnorm,1,3,1,12178,1,0,0,
wood-float,,heldout,5-6,2.0,from_mention,randnorm,2,11,2,4485,0,0,0,
wood-float,,heldout,5-6,2.0,answer_only,lens,-1,16,1,12178,0,0,0,
wood-float,,heldout,5-6,2.0,answer_only,randdir,0,18,2,4485,0,0,0,
wood-float,,heldout,5-6,2.0,answer_only,randdir,1,14,2,4485,0,0,0,
wood-float,,heldout,5-6,2.0,answer_only,randdir,2,18,2,4485,0,0,0,
wood-float,,heldout,5-6,2.0,answer_only,randnorm,0,17,2,4485,0,0,0,
wood-float,,heldout,5-6,2.0,answer_only,randnorm,1,18,2,4485,0,0,0,
wood-float,,heldout,5-6,2.0,answer_only,randnorm,2,17,2,4485,0,0,0,
wood-float,,heldout,6-7,0.5,all_no_bos,lens,-1,14,2,4485,0,0,0,
wood-float,,heldout,6-7,0.5,all_no_bos,randdir,0,14,1,12178,0,0,0,
wood-float,,heldout,6-7,0.5,all_no_bos,randdir,1,14,1,12178,0,0,0,
wood-float,,heldout,6-7,0.5,all_no_bos,randdir,2,17,2,4485,0,0,0,
wood-float,,heldout,6-7,0.5,all_no_bos,randnorm,0,17,2,4485,0,0,0,
wood-float,,heldout,6-7,0.5,all_no_bos,randnorm,1,15,1,12178,0,0,0,
wood-float,,heldout,6-7,0.5,all_no_bos,randnorm,2,15,2,4485,0,0,0,
wood-float,,heldout,6-7,0.5,from_mention,lens,-1,14,2,4485,0,0,0,
wood-float,,heldout,6-7,0.5,from_mention,randdir,0,14,1,12178,0,0,0,
wood-float,,heldout,6-7,0.5,from_mention,randdir,1,14,1,12178,0,0,0,
wood-float,,heldout,6-7,0.5,from_mention,randdir,2,17,2,4485,0,0,0,
wood-float,,heldout,6-7,0.5,from_mention,randnorm,0,17,2,4485,0,0,0,
wood-float,,heldout,6-7,0.5,from_mention,randnorm,1,15,1,12178,0,0,0,
wood-float,,heldout,6-7,0.5,from_mention,randnorm,2,15,2,4485,0,0,0,
wood-float,,heldout,6-7,0.5,answer_only,lens,-1,14,2,4485,0,0,0,
wood-float,,heldout,6-7,0.5,answer_only,randdir,0,13,1,12178,0,0,0,
wood-float,,heldout,6-7,0.5,answer_only,randdir,1,14,1,12178,0,0,0,
wood-float,,heldout,6-7,0.5,answer_only,randdir,2,14,2,4485,0,0,0,
wood-float,,heldout,6-7,0.5,answer_only,randnorm,0,14,1,12178,0,0,0,
wood-float,,heldout,6-7,0.5,answer_only,randnorm,1,14,2,4485,0,0,0,
wood-float,,heldout,6-7,0.5,answer_only,randnorm,2,14,2,4485,0,0,0,
wood-float,,heldout,6-7,1.0,all_no_bos,lens,-1,16,2,4485,0,0,0,
wood-float,,heldout,6-7,1.0,all_no_bos,randdir,0,14,1,12178,0,0,0,
wood-float,,heldout,6-7,1.0,all_no_bos,randdir,1,16,1,12178,0,0,0,
wood-float,,heldout,6-7,1.0,all_no_bos,randdir,2,19,2,4485,0,0,0,
wood-float,,heldout,6-7,1.0,all_no_bos,randnorm,0,19,2,307,0,0,0,
wood-float,,heldout,6-7,1.0,all_no_bos,randnorm,1,19,1,12178,0,0,0,
wood-float,,heldout,6-7,1.0,all_no_bos,randnorm,2,17,2,4485,0,0,0,
wood-float,,heldout,6-7,1.0,from_mention,lens,-1,16,2,4485,0,0,0,
wood-float,,heldout,6-7,1.0,from_mention,randdir,0,14,1,12178,0,0,0,
wood-float,,heldout,6-7,1.0,from_mention,randdir,1,16,1,12178,0,0,0,
wood-float,,heldout,6-7,1.0,from_mention,randdir,2,19,2,4485,0,0,0,
wood-float,,heldout,6-7,1.0,from_mention,randnorm,0,19,2,307,0,0,0,
wood-float,,heldout,6-7,1.0,from_mention,randnorm,1,19,1,12178,0,0,0,
wood-float,,heldout,6-7,1.0,from_mention,randnorm,2,17,2,4485,0,0,0,
wood-float,,heldout,6-7,1.0,answer_only,lens,-1,14,2,4485,0,0,0,
wood-float,,heldout,6-7,1.0,answer_only,randdir,0,13,1,12178,0,0,0,
wood-float,,heldout,6-7,1.0,answer_only,randdir,1,14,1,12178,0,0,0,
wood-float,,heldout,6-7,1.0,answer_only,randdir,2,17,2,4485,0,0,0,
wood-float,,heldout,6-7,1.0,answer_only,randnorm,0,14,1,12178,0,0,0,
wood-float,,heldout,6-7,1.0,answer_only,randnorm,1,14,2,4485,0,0,0,
wood-float,,heldout,6-7,1.0,answer_only,randnorm,2,14,2,4485,0,0,0,
wood-float,,heldout,6-7,2.0,all_no_bos,lens,-1,17,2,307,0,0,0,
wood-float,,heldout,6-7,2.0,all_no_bos,randdir,0,16,2,307,0,0,0,
wood-float,,heldout,6-7,2.0,all_no_bos,randdir,1,18,1,12178,0,0,0,
wood-float,,heldout,6-7,2.0,all_no_bos,randdir,2,32,5,4485,0,0,0,
wood-float,,heldout,6-7,2.0,all_no_bos,randnorm,0,21,2,307,0,0,0,
wood-float,,heldout,6-7,2.0,all_no_bos,randnorm,1,21,1,12178,0,0,0,
wood-float,,heldout,6-7,2.0,all_no_bos,randnorm,2,17,1,12178,0,0,0,
wood-float,,heldout,6-7,2.0,from_mention,lens,-1,17,2,307,0,0,0,
wood-float,,heldout,6-7,2.0,from_mention,randdir,0,16,2,307,0,0,0,
wood-float,,heldout,6-7,2.0,from_mention,randdir,1,18,1,12178,0,0,0,
wood-float,,heldout,6-7,2.0,from_mention,randdir,2,32,5,4485,0,0,0,
wood-float,,heldout,6-7,2.0,from_mention,randnorm,0,21,2,307,0,0,0,
wood-float,,heldout,6-7,2.0,from_mention,randnorm,1,21,1,12178,0,0,0,
wood-float,,heldout,6-7,2.0,from_mention,randnorm,2,17,1,12178,0,0,0,
wood-float,,heldout,6-7,2.0,answer_only,lens,-1,19,2,4485,0,0,0,
wood-float,,heldout,6-7,2.0,answer_only,randdir,0,14,1,12178,0,0,0,
wood-float,,heldout,6-7,2.0,answer_only,randdir,1,15,1,12178,0,0,0,
wood-float,,heldout,6-7,2.0,answer_only,randdir,2,19,3,4485,0,0,0,
wood-float,,heldout,6-7,2.0,answer_only,randnorm,0,13,1,12178,0,0,0,
wood-float,,heldout,6-7,2.0,answer_only,randnorm,1,14,1,12178,0,0,0,
wood-float,,heldout,6-7,2.0,answer_only,randnorm,2,14,2,4485,0,0,0,
wood-float,,heldout,7-8,0.5,all_no_bos,lens,-1,13,2,4485,0,0,0,
wood-float,,heldout,7-8,0.5,all_no_bos,randdir,0,13,1,12178,0,0,0,
wood-float,,heldout,7-8,0.5,all_no_bos,randdir,1,14,2,4485,0,0,0,
wood-float,,heldout,7-8,0.5,all_no_bos,randdir,2,25,1,12178,0,0,0,
wood-float,,heldout,7-8,0.5,all_no_bos,randnorm,0,13,1,12178,0,0,0,
wood-float,,heldout,7-8,0.5,all_no_bos,randnorm,1,13,1,12178,0,0,0,
wood-float,,heldout,7-8,0.5,all_no_bos,randnorm,2,20,1,12178,0,0,0,
wood-float,,heldout,7-8,0.5,from_mention,lens,-1,13,2,4485,0,0,0,
wood-float,,heldout,7-8,0.5,from_mention,randdir,0,13,1,12178,0,0,0,
wood-float,,heldout,7-8,0.5,from_mention,randdir,1,14,2,4485,0,0,0,
wood-float,,heldout,7-8,0.5,from_mention,randdir,2,25,1,12178,0,0,0,
wood-float,,heldout,7-8,0.5,from_mention,randnorm,0,13,1,12178,0,0,0,
wood-float,,heldout,7-8,0.5,from_mention,randnorm,1,13,1,12178,0,0,0,
wood-float,,heldout,7-8,0.5,from_mention,randnorm,2,20,1,12178,0,0,0,
wood-float,,heldout,7-8,0.5,answer_only,lens,-1,14,2,4485,0,0,0,
wood-float,,heldout,7-8,0.5,answer_only,randdir,0,14,1,12178,0,0,0,
wood-float,,heldout,7-8,0.5,answer_only,randdir,1,14,2,4485,0,0,0,
wood-float,,heldout,7-8,0.5,answer_only,randdir,2,23,1,12178,0,0,0,
wood-float,,heldout,7-8,0.5,answer_only,randnorm,0,14,2,4485,0,0,0,
wood-float,,heldout,7-8,0.5,answer_only,randnorm,1,14,2,4485,0,0,0,
wood-float,,heldout,7-8,0.5,answer_only,randnorm,2,14,2,4485,0,0,0,
wood-float,,heldout,7-8,1.0,all_no_bos,lens,-1,14,2,4485,0,0,0,
wood-float,,heldout,7-8,1.0,all_no_bos,randdir,0,13,1,12178,0,0,0,
wood-float,,heldout,7-8,1.0,all_no_bos,randdir,1,15,1,12178,0,0,0,
wood-float,,heldout,7-8,1.0,all_no_bos,randdir,2,48,2,307,0,0,0,
wood-float,,heldout,7-8,1.0,all_no_bos,randnorm,0,10,1,12178,0,0,0,
wood-float,,heldout,7-8,1.0,all_no_bos,randnorm,1,18,1,12178,0,0,0,
wood-float,,heldout,7-8,1.0,all_no_bos,randnorm,2,21,1,12178,0,0,0,
wood-float,,heldout,7-8,1.0,from_mention,lens,-1,14,2,4485,0,0,0,
wood-float,,heldout,7-8,1.0,from_mention,randdir,0,13,1,12178,0,0,0,
wood-float,,heldout,7-8,1.0,from_mention,randdir,1,15,1,12178,0,0,0,
wood-float,,heldout,7-8,1.0,from_mention,randdir,2,48,2,307,0,0,0,
wood-float,,heldout,7-8,1.0,from_mention,randnorm,0,10,1,12178,0,0,0,
wood-float,,heldout,7-8,1.0,from_mention,randnorm,1,18,1,12178,0,0,0,
wood-float,,heldout,7-8,1.0,from_mention,randnorm,2,21,1,12178,0,0,0,
wood-float,,heldout,7-8,1.0,answer_only,lens,-1,14,2,4485,0,0,0,
wood-float,,heldout,7-8,1.0,answer_only,randdir,0,14,1,12178,0,0,0,
wood-float,,heldout,7-8,1.0,answer_only,randdir,1,13,2,4485,0,0,0,
wood-float,,heldout,7-8,1.0,answer_only,randdir,2,36,1,12178,0,0,0,
wood-float,,heldout,7-8,1.0,answer_only,randnorm,0,14,2,4485,0,0,0,
wood-float,,heldout,7-8,1.0,answer_only,randnorm,1,14,2,4485,0,0,0,
wood-float,,heldout,7-8,1.0,answer_only,randnorm,2,14,2,4485,0,0,0,
wood-float,,heldout,7-8,2.0,all_no_bos,lens,-1,22,2,4485,0,0,0,
wood-float,,heldout,7-8,2.0,all_no_bos,randdir,0,12,1,12178,0,0,0,
wood-float,,heldout,7-8,2.0,all_no_bos,randdir,1,15,1,12178,0,0,0,
wood-float,,heldout,7-8,2.0,all_no_bos,randdir,2,151,5,307,0,0,0,
wood-float,,heldout,7-8,2.0,all_no_bos,randnorm,0,9,1,12178,0,0,0,
wood-float,,heldout,7-8,2.0,all_no_bos,randnorm,1,18,1,12178,0,0,0,
wood-float,,heldout,7-8,2.0,all_no_bos,randnorm,2,28,1,12178,0,0,0,
wood-float,,heldout,7-8,2.0,from_mention,lens,-1,22,2,4485,0,0,0,
wood-float,,heldout,7-8,2.0,from_mention,randdir,0,12,1,12178,0,0,0,
wood-float,,heldout,7-8,2.0,from_mention,randdir,1,15,1,12178,0,0,0,
wood-float,,heldout,7-8,2.0,from_mention,randdir,2,151,5,307,0,0,0,
wood-float,,heldout,7-8,2.0,from_mention,randnorm,0,9,1,12178,0,0,0,
wood-float,,heldout,7-8,2.0,from_mention,randnorm,1,18,1,12178,0,0,0,
wood-float,,heldout,7-8,2.0,from_mention,randnorm,2,28,1,12178,0,0,0,
wood-float,,heldout,7-8,2.0,answer_only,lens,-1,13,2,4485,0,0,0,
wood-float,,heldout,7-8,2.0,answer_only,randdir,0,13,1,12178,0,0,0,
wood-float,,heldout,7-8,2.0,answer_only,randdir,1,15,2,4485,0,0,0,
wood-float,,heldout,7-8,2.0,answer_only,randdir,2,61,4,307,0,0,0,
wood-float,,heldout,7-8,2.0,answer_only,randnorm,0,14,2,4485,0,0,0,
wood-float,,heldout,7-8,2.0,answer_only,randnorm,1,14,2,4485,0,0,0,
wood-float,,heldout,7-8,2.0,answer_only,randnorm,2,14,2,4485,0,0,0,
wood-float,,heldout,8-9,0.5,all_no_bos,lens,-1,13,2,4485,0,0,0,
wood-float,,heldout,8-9,0.5,all_no_bos,randdir,0,14,1,12178,0,0,0,
wood-float,,heldout,8-9,0.5,all_no_bos,randdir,1,14,1,12178,0,0,0,
wood-float,,heldout,8-9,0.5,all_no_bos,randdir,2,21,1,12178,0,0,0,
wood-float,,heldout,8-9,0.5,all_no_bos,randnorm,0,12,1,12178,0,0,0,
wood-float,,heldout,8-9,0.5,all_no_bos,randnorm,1,13,1,12178,0,0,0,
wood-float,,heldout,8-9,0.5,all_no_bos,randnorm,2,15,1,12178,0,0,0,
wood-float,,heldout,8-9,0.5,from_mention,lens,-1,13,2,4485,0,0,0,
wood-float,,heldout,8-9,0.5,from_mention,randdir,0,14,1,12178,0,0,0,
wood-float,,heldout,8-9,0.5,from_mention,randdir,1,14,1,12178,0,0,0,
wood-float,,heldout,8-9,0.5,from_mention,randdir,2,21,1,12178,0,0,0,
wood-float,,heldout,8-9,0.5,from_mention,randnorm,0,12,1,12178,0,0,0,
wood-float,,heldout,8-9,0.5,from_mention,randnorm,1,13,1,12178,0,0,0,
wood-float,,heldout,8-9,0.5,from_mention,randnorm,2,15,1,12178,0,0,0,
wood-float,,heldout,8-9,0.5,answer_only,lens,-1,14,1,12178,0,0,0,
wood-float,,heldout,8-9,0.5,answer_only,randdir,0,14,1,12178,0,0,0,
wood-float,,heldout,8-9,0.5,answer_only,randdir,1,16,1,12178,0,0,0,
wood-float,,heldout,8-9,0.5,answer_only,randdir,2,21,1,12178,0,0,0,
wood-float,,heldout,8-9,0.5,answer_only,randnorm,0,14,2,4485,0,0,0,
wood-float,,heldout,8-9,0.5,answer_only,randnorm,1,14,2,4485,0,0,0,
wood-float,,heldout,8-9,0.5,answer_only,randnorm,2,14,2,4485,0,0,0,
wood-float,,heldout,8-9,1.0,all_no_bos,lens,-1,14,1,12178,0,0,0,
wood-float,,heldout,8-9,1.0,all_no_bos,randdir,0,15,1,12178,0,0,0,
wood-float,,heldout,8-9,1.0,all_no_bos,randdir,1,17,1,12178,0,0,0,
wood-float,,heldout,8-9,1.0,all_no_bos,randdir,2,35,1,12178,0,0,0,
wood-float,,heldout,8-9,1.0,all_no_bos,randnorm,0,11,1,12178,0,0,0,
wood-float,,heldout,8-9,1.0,all_no_bos,randnorm,1,13,1,12178,0,0,0,
wood-float,,heldout,8-9,1.0,all_no_bos,randnorm,2,16,1,12178,0,0,0,
wood-float,,heldout,8-9,1.0,from_mention,lens,-1,14,1,12178,0,0,0,
wood-float,,heldout,8-9,1.0,from_mention,randdir,0,15,1,12178,0,0,0,
wood-float,,heldout,8-9,1.0,from_mention,randdir,1,17,1,12178,0,0,0,
wood-float,,heldout,8-9,1.0,from_mention,randdir,2,35,1,12178,0,0,0,
wood-float,,heldout,8-9,1.0,from_mention,randnorm,0,11,1,12178,0,0,0,
wood-float,,heldout,8-9,1.0,from_mention,randnorm,1,13,1,12178,0,0,0,
wood-float,,heldout,8-9,1.0,from_mention,randnorm,2,16,1,12178,0,0,0,
wood-float,,heldout,8-9,1.0,answer_only,lens,-1,14,1,12178,0,0,0,
wood-float,,heldout,8-9,1.0,answer_only,randdir,0,15,1,12178,0,0,0,
wood-float,,heldout,8-9,1.0,answer_only,randdir,1,20,1,12178,0,0,0,
wood-float,,heldout,8-9,1.0,answer_only,randdir,2,28,1,12178,0,0,0,
wood-float,,heldout,8-9,1.0,answer_only,randnorm,0,14,1,12178,0,0,0,
wood-float,,heldout,8-9,1.0,answer_only,randnorm,1,14,1,12178,0,0,0,
wood-float,,heldout,8-9,1.0,answer_only,randnorm,2,13,2,4485,0,0,0,
wood-float,,heldout,8-9,2.0,all_no_bos,lens,-1,12,1,12178,0,0,0,
wood-float,,heldout,8-9,2.0,all_no_bos,randdir,0,19,1,12178,0,0,0,
wood-float,,heldout,8-9,2.0,all_no_bos,randdir,1,21,2,307,0,0,0,
wood-float,,heldout,8-9,2.0,all_no_bos,randdir,2,72,4,1745,0,0,0,
wood-float,,heldout,8-9,2.0,all_no_bos,randnorm,0,10,1,12178,0,0,0,
wood-float,,heldout,8-9,2.0,all_no_bos,randnorm,1,11,1,12178,0,0,0,
wood-float,,heldout,8-9,2.0,all_no_bos,randnorm,2,12,1,12178,0,0,0,
wood-float,,heldout,8-9,2.0,from_mention,lens,-1,12,1,12178,0,0,0,
wood-float,,heldout,8-9,2.0,from_mention,randdir,0,19,1,12178,0,0,0,
wood-float,,heldout,8-9,2.0,from_mention,randdir,1,21,2,307,0,0,0,
wood-float,,heldout,8-9,2.0,from_mention,randdir,2,72,4,1745,0,0,0,
wood-float,,heldout,8-9,2.0,from_mention,randnorm,0,10,1,12178,0,0,0,
wood-float,,heldout,8-9,2.0,from_mention,randnorm,1,11,1,12178,0,0,0,
wood-float,,heldout,8-9,2.0,from_mention,randnorm,2,12,1,12178,0,0,0,
wood-float,,heldout,8-9,2.0,answer_only,lens,-1,14,1,12178,0,0,0,
wood-float,,heldout,8-9,2.0,answer_only,randdir,0,18,1,12178,0,0,0,
wood-float,,heldout,8-9,2.0,answer_only,randdir,1,22,2,307,0,0,0,
wood-float,,heldout,8-9,2.0,answer_only,randdir,2,50,4,1296,0,0,0,
wood-float,,heldout,8-9,2.0,answer_only,randnorm,0,14,1,12178,0,0,0,
wood-float,,heldout,8-9,2.0,answer_only,randnorm,1,15,1,12178,0,0,0,
wood-float,,heldout,8-9,2.0,answer_only,randnorm,2,13,2,4485,0,0,0,
wood-float,,heldout,6-7-8,0.5,all_no_bos,lens,-1,13,2,4485,0,0,0,
wood-float,,heldout,6-7-8,0.5,all_no_bos,randdir,0,14,1,12178,0,0,0,
wood-float,,heldout,6-7-8,0.5,all_no_bos,randdir,1,14,1,12178,0,0,0,
wood-float,,heldout,6-7-8,0.5,all_no_bos,randdir,2,27,1,12178,0,0,0,
wood-float,,heldout,6-7-8,0.5,all_no_bos,randnorm,0,17,1,12178,0,0,0,
wood-float,,heldout,6-7-8,0.5,all_no_bos,randnorm,1,13,1,12178,0,0,0,
wood-float,,heldout,6-7-8,0.5,all_no_bos,randnorm,2,18,2,4485,0,0,0,
wood-float,,heldout,6-7-8,0.5,from_mention,lens,-1,13,2,4485,0,0,0,
wood-float,,heldout,6-7-8,0.5,from_mention,randdir,0,14,1,12178,0,0,0,
wood-float,,heldout,6-7-8,0.5,from_mention,randdir,1,14,1,12178,0,0,0,
wood-float,,heldout,6-7-8,0.5,from_mention,randdir,2,27,1,12178,0,0,0,
wood-float,,heldout,6-7-8,0.5,from_mention,randnorm,0,17,1,12178,0,0,0,
wood-float,,heldout,6-7-8,0.5,from_mention,randnorm,1,13,1,12178,0,0,0,
wood-float,,heldout,6-7-8,0.5,from_mention,randnorm,2,18,2,4485,0,0,0,
wood-float,,heldout,6-7-8,0.5,answer_only,lens,-1,14,2,4485,0,0,0,
wood-float,,heldout,6-7-8,0.5,answer_only,randdir,0,13,1,12178,0,0,0,
wood-float,,heldout,6-7-8,0.5,answer_only,randdir,1,14,2,4485,0,0,0,
wood-float,,heldout,6-7-8,0.5,answer_only,randdir,2,23,1,12178,0,0,0,
wood-float,,heldout,6-7-8,0.5,answer_only,randnorm,0,14,1,12178,0,0,0,
wood-float,,heldout,6-7-8,0.5,answer_only,randnorm,1,14,2,4485,0,0,0,
wood-float,,heldout,6-7-8,0.5,answer_only,randnorm,2,14,2,4485,0,0,0,
wood-float,,heldout,6-7-8,1.0,all_no_bos,lens,-1,13,2,4485,0,0,0,
wood-float,,heldout,6-7-8,1.0,all_no_bos,randdir,0,14,1,12178,0,0,0,
wood-float,,heldout,6-7-8,1.0,all_no_bos,randdir,1,17,1,12178,0,0,0,
wood-float,,heldout,6-7-8,1.0,all_no_bos,randdir,2,51,3,1296,0,0,0,
wood-float,,heldout,6-7-8,1.0,all_no_bos,randnorm,0,17,1,12178,0,0,0,
wood-float,,heldout,6-7-8,1.0,all_no_bos,randnorm,1,24,1,12178,0,0,0,
wood-float,,heldout,6-7-8,1.0,all_no_bos,randnorm,2,20,1,12178,0,0,0,
wood-float,,heldout,6-7-8,1.0,from_mention,lens,-1,13,2,4485,0,0,0,
wood-float,,heldout,6-7-8,1.0,from_mention,randdir,0,14,1,12178,0,0,0,
wood-float,,heldout,6-7-8,1.0,from_mention,randdir,1,17,1,12178,0,0,0,
wood-float,,heldout,6-7-8,1.0,from_mention,randdir,2,51,3,1296,0,0,0,
wood-float,,heldout,6-7-8,1.0,from_mention,randnorm,0,17,1,12178,0,0,0,
wood-float,,heldout,6-7-8,1.0,from_mention,randnorm,1,24,1,12178,0,0,0,
wood-float,,heldout,6-7-8,1.0,from_mention,randnorm,2,20,1,12178,0,0,0,
wood-float,,heldout,6-7-8,1.0,answer_only,lens,-1,14,2,4485,0,0,0,
wood-float,,heldout,6-7-8,1.0,answer_only,randdir,0,13,1,12178,0,0,0,
wood-float,,heldout,6-7-8,1.0,answer_only,randdir,1,13,2,4485,0,0,0,
wood-float,,heldout,6-7-8,1.0,answer_only,randdir,2,37,2,1296,0,0,0,
wood-float,,heldout,6-7-8,1.0,answer_only,randnorm,0,14,1,12178,0,0,0,
wood-float,,heldout,6-7-8,1.0,answer_only,randnorm,1,14,2,4485,0,0,0,
wood-float,,heldout,6-7-8,1.0,answer_only,randnorm,2,14,2,4485,0,0,0,
wood-float,,heldout,6-7-8,2.0,all_no_bos,lens,-1,37,6,307,0,0,0,
wood-float,,heldout,6-7-8,2.0,all_no_bos,randdir,0,15,2,307,0,0,0,
wood-float,,heldout,6-7-8,2.0,all_no_bos,randdir,1,17,1,12178,0,0,0,
wood-float,,heldout,6-7-8,2.0,all_no_bos,randdir,2,182,6,1745,0,0,0,
wood-float,,heldout,6-7-8,2.0,all_no_bos,randnorm,0,18,2,307,0,0,0,
wood-float,,heldout,6-7-8,2.0,all_no_bos,randnorm,1,23,1,12178,0,0,0,
wood-float,,heldout,6-7-8,2.0,all_no_bos,randnorm,2,25,1,12178,0,0,0,
wood-float,,heldout,6-7-8,2.0,from_mention,lens,-1,37,6,307,0,0,0,
wood-float,,heldout,6-7-8,2.0,from_mention,randdir,0,15,2,307,0,0,0,
wood-float,,heldout,6-7-8,2.0,from_mention,randdir,1,17,1,12178,0,0,0,
wood-float,,heldout,6-7-8,2.0,from_mention,randdir,2,182,6,1745,0,0,0,
wood-float,,heldout,6-7-8,2.0,from_mention,randnorm,0,18,2,307,0,0,0,
wood-float,,heldout,6-7-8,2.0,from_mention,randnorm,1,23,1,12178,0,0,0,
wood-float,,heldout,6-7-8,2.0,from_mention,randnorm,2,25,1,12178,0,0,0,
wood-float,,heldout,6-7-8,2.0,answer_only,lens,-1,20,2,307,0,0,0,
wood-float,,heldout,6-7-8,2.0,answer_only,randdir,0,14,1,12178,0,0,0,
wood-float,,heldout,6-7-8,2.0,answer_only,randdir,1,15,1,12178,0,0,0,
wood-float,,heldout,6-7-8,2.0,answer_only,randdir,2,71,5,1296,0,0,0,
wood-float,,heldout,6-7-8,2.0,answer_only,randnorm,0,13,1,12178,0,0,0,
wood-float,,heldout,6-7-8,2.0,answer_only,randnorm,1,14,1,12178,0,0,0,
wood-float,,heldout,6-7-8,2.0,answer_only,randnorm,2,14,2,4485,0,0,0,
wood-float,,heldout,7-8-9,0.5,all_no_bos,lens,-1,13,2,4485,0,0,0,
wood-float,,heldout,7-8-9,0.5,all_no_bos,randdir,0,14,1,12178,0,0,0,
wood-float,,heldout,7-8-9,0.5,all_no_bos,randdir,1,17,1,12178,0,0,0,
wood-float,,heldout,7-8-9,0.5,all_no_bos,randdir,2,26,1,12178,0,0,0,
wood-float,,heldout,7-8-9,0.5,all_no_bos,randnorm,0,11,1,12178,0,0,0,
wood-float,,heldout,7-8-9,0.5,all_no_bos,randnorm,1,13,1,12178,0,0,0,
wood-float,,heldout,7-8-9,0.5,all_no_bos,randnorm,2,18,1,12178,0,0,0,
wood-float,,heldout,7-8-9,0.5,from_mention,lens,-1,13,2,4485,0,0,0,
wood-float,,heldout,7-8-9,0.5,from_mention,randdir,0,14,1,12178,0,0,0,
wood-float,,heldout,7-8-9,0.5,from_mention,randdir,1,17,1,12178,0,0,0,
wood-float,,heldout,7-8-9,0.5,from_mention,randdir,2,26,1,12178,0,0,0,
wood-float,,heldout,7-8-9,0.5,from_mention,randnorm,0,11,1,12178,0,0,0,
wood-float,,heldout,7-8-9,0.5,from_mention,randnorm,1,13,1,12178,0,0,0,
wood-float,,heldout,7-8-9,0.5,from_mention,randnorm,2,18,1,12178,0,0,0,
wood-float,,heldout,7-8-9,0.5,answer_only,lens,-1,14,1,12178,0,0,0,
wood-float,,heldout,7-8-9,0.5,answer_only,randdir,0,14,1,12178,0,0,0,
wood-float,,heldout,7-8-9,0.5,answer_only,randdir,1,17,1,12178,0,0,0,
wood-float,,heldout,7-8-9,0.5,answer_only,randdir,2,21,1,12178,0,0,0,
wood-float,,heldout,7-8-9,0.5,answer_only,randnorm,0,14,2,4485,0,0,0,
wood-float,,heldout,7-8-9,0.5,answer_only,randnorm,1,14,1,12178,0,0,0,
wood-float,,heldout,7-8-9,0.5,answer_only,randnorm,2,14,2,4485,0,0,0,
wood-float,,heldout,7-8-9,1.0,all_no_bos,lens,-1,13,2,4485,0,0,0,
wood-float,,heldout,7-8-9,1.0,all_no_bos,randdir,0,16,1,12178,0,0,0,
wood-float,,heldout,7-8-9,1.0,all_no_bos,randdir,1,17,1,12178,0,0,0,
wood-float,,heldout,7-8-9,1.0,all_no_bos,randdir,2,46,3,307,0,0,0,
wood-float,,heldout,7-8-9,1.0,all_no_bos,randnorm,0,10,1,12178,0,0,0,
wood-float,,heldout,7-8-9,1.0,all_no_bos,randnorm,1,15,1,12178,0,0,0,
wood-float,,heldout,7-8-9,1.0,all_no_bos,randnorm,2,19,1,12178,0,0,0,
wood-float,,heldout,7-8-9,1.0,from_mention,lens,-1,13,2,4485,0,0,0,
wood-float,,heldout,7-8-9,1.0,from_mention,randdir,0,16,1,12178,0,0,0,
wood-float,,heldout,7-8-9,1.0,from_mention,randdir,1,17,1,12178,0,0,0,
wood-float,,heldout,7-8-9,1.0,from_mention,randdir,2,46,3,307,0,0,0,
wood-float,,heldout,7-8-9,1.0,from_mention,randnorm,0,10,1,12178,0,0,0,
wood-float,,heldout,7-8-9,1.0,from_mention,randnorm,1,15,1,12178,0,0,0,
wood-float,,heldout,7-8-9,1.0,from_mention,randnorm,2,19,1,12178,0,0,0,
wood-float,,heldout,7-8-9,1.0,answer_only,lens,-1,14,1,12178,0,0,0,
wood-float,,heldout,7-8-9,1.0,answer_only,randdir,0,14,1,12178,0,0,0,
wood-float,,heldout,7-8-9,1.0,answer_only,randdir,1,20,1,12178,0,0,0,
wood-float,,heldout,7-8-9,1.0,answer_only,randdir,2,35,3,307,0,0,0,
wood-float,,heldout,7-8-9,1.0,answer_only,randnorm,0,14,1,12178,0,0,0,
wood-float,,heldout,7-8-9,1.0,answer_only,randnorm,1,14,1,12178,0,0,0,
wood-float,,heldout,7-8-9,1.0,answer_only,randnorm,2,14,2,4485,0,0,0,
wood-float,,heldout,7-8-9,2.0,all_no_bos,lens,-1,29,6,307,0,0,0,
wood-float,,heldout,7-8-9,2.0,all_no_bos,randdir,0,17,1,12178,0,0,0,
wood-float,,heldout,7-8-9,2.0,all_no_bos,randdir,1,22,2,307,0,0,0,
wood-float,,heldout,7-8-9,2.0,all_no_bos,randdir,2,142,7,307,0,0,0,
wood-float,,heldout,7-8-9,2.0,all_no_bos,randnorm,0,10,1,12178,0,0,0,
wood-float,,heldout,7-8-9,2.0,all_no_bos,randnorm,1,10,1,12178,0,0,0,
wood-float,,heldout,7-8-9,2.0,all_no_bos,randnorm,2,20,1,12178,0,0,0,
wood-float,,heldout,7-8-9,2.0,from_mention,lens,-1,29,6,307,0,0,0,
wood-float,,heldout,7-8-9,2.0,from_mention,randdir,0,17,1,12178,0,0,0,
wood-float,,heldout,7-8-9,2.0,from_mention,randdir,1,22,2,307,0,0,0,
wood-float,,heldout,7-8-9,2.0,from_mention,randdir,2,142,7,307,0,0,0,
wood-float,,heldout,7-8-9,2.0,from_mention,randnorm,0,10,1,12178,0,0,0,
wood-float,,heldout,7-8-9,2.0,from_mention,randnorm,1,10,1,12178,0,0,0,
wood-float,,heldout,7-8-9,2.0,from_mention,randnorm,2,20,1,12178,0,0,0,
wood-float,,heldout,7-8-9,2.0,answer_only,lens,-1,15,1,12178,0,0,0,
wood-float,,heldout,7-8-9,2.0,answer_only,randdir,0,17,1,12178,0,0,0,
wood-float,,heldout,7-8-9,2.0,answer_only,randdir,1,24,2,307,0,0,0,
wood-float,,heldout,7-8-9,2.0,answer_only,randdir,2,58,4,307,0,0,0,
wood-float,,heldout,7-8-9,2.0,answer_only,randnorm,0,14,1,12178,0,0,0,
wood-float,,heldout,7-8-9,2.0,answer_only,randnorm,1,15,1,12178,0,0,0,
wood-float,,heldout,7-8-9,2.0,answer_only,randnorm,2,13,2,4485,0,0,0,
